concept_id,concept,direction,selection,event_id,prompt,prompt_group_id,preferred_image_id,rejected_image_id,preferred_score,rejected_score,difference,preferred_thumbnail,rejected_thumbnail,preferred_metadata,rejected_metadata,human_review_status,concept_present_preferred,concept_present_rejected,reviewer_notes
27330,lip-syncing,1,supportive,imagereward:test:010264-0028,"a realistic detailed cinematic painting of a beautiful clear glass vibrant consciousness of human evolution, strange miraculous entity reflecting light prism, spiritual enlightenment, manifestation, peace, reincarnation, memories of past lives, triumph, beauty, perfection, opal statues adorned in jewels, by david a. hardy, kinkade, lisa frank, wpa, public works mural, socialist ",1550579cbf3a97ece6f276255c6670470e7256cdddaebab43c247817f10a00b1,imagereward:images/test/test_2/2fb288a8-1bd6-4a86-92b4-9ba3ee406dc9.webp,imagereward:images/test/test_2/f0e3b083-c78d-4ad0-a76e-0bd29e131cdf.webp,0.3190940022468567,0.21740955114364624,0.10168445110321045,gallery_images/560462dfa656bbc3cc005ce5.jpg,gallery_images/1b8c6b3a787090bdffc9012f.jpg,"{""model_id"": null, ""negative_prompt"": null, ""gs"": null, ""steps"": null, ""scheduler_cls"": null, ""classification"": ""Arts""}","{""model_id"": null, ""negative_prompt"": null, ""gs"": null, ""steps"": null, ""scheduler_cls"": null, ""classification"": ""Arts""}",unverified,,,
27330,lip-syncing,1,supportive,imagereward:test:008328-0024,"a portrait of a red - skinned dragonborn monk in a plain white cloak white cloak, holding a spear with a black tip, fantasy art by greg rutkowski ",e375c383a8fb1f82436cddd04ae6107fa1cb1c5ad9080ca9bcf9e4f755414fb3,imagereward:images/test/test_1/cb831716-5734-40f0-b0e4-c3518d5ab540.webp,imagereward:images/test/test_1/2368f177-8821-41ea-9e28-cf6f3da5b3b0.webp,0.3019929528236389,0.22471210360527039,0.07728084921836853,gallery_images/172c0241a45704cf9614e711.jpg,gallery_images/c1ff33df92076151eec03da2.jpg,"{""model_id"": null, ""negative_prompt"": null, ""gs"": null, ""steps"": null, ""scheduler_cls"": null, ""classification"": ""People""}","{""model_id"": null, ""negative_prompt"": null, ""gs"": null, ""steps"": null, ""scheduler_cls"": null, ""classification"": ""People""}",unverified,,,
27330,lip-syncing,1,counterexample,imagereward:test:007592-0020,scene from a 2 0 1 0 film by artemisia gentileschi showing a woman ,c7cb14d66e30e4345815e88e73aade80d37c97feefc78cb0dc9a6de4a43b57ff,imagereward:images/test/test_1/ab9d23bb-d9c4-48dd-9d7d-dfe8d761faf4.webp,imagereward:images/test/test_1/ce94f233-0138-4420-8d36-4259dd61fafc.webp,0.29062414169311523,0.3396807312965393,-0.04905658960342407,gallery_images/88237082ba2a81ca37ef232d.jpg,gallery_images/2b9f4735dd0d27c009d51260.jpg,"{""model_id"": null, ""negative_prompt"": null, ""gs"": null, ""steps"": null, ""scheduler_cls"": null, ""classification"": ""People""}","{""model_id"": null, ""negative_prompt"": null, ""gs"": null, ""steps"": null, ""scheduler_cls"": null, ""classification"": ""People""}",unverified,,,
27330,lip-syncing,1,counterexample,imagereward:test:008294-0028,"a character sheet showing 4 different designs for an evil sorcerer in ornamental robes with glowing runes on fabric, holding a tall glowing ornate intricate magical staff, video game concept art by greg rutkowski, craig mullins, weta, elder scrolls ",6507a0b34a8e92f4f8932727dafca057b1486a32d532ffbb2c8c37a0f3d09222,imagereward:images/test/test_1/fbd15eba-4697-4ba5-82f0-6cb87a87729c.webp,imagereward:images/test/test_1/d4df54b0-5758-428c-b66a-4a498580b76c.webp,0.24281896650791168,0.2914755940437317,-0.04865662753582001,gallery_images/3c2d1c5b7d7e675632585f9d.jpg,gallery_images/fd2fbbd6ab0d2ee24b5f313b.jpg,"{""model_id"": null, ""negative_prompt"": null, ""gs"": null, ""steps"": null, ""scheduler_cls"": null, ""classification"": ""Arts""}","{""model_id"": null, ""negative_prompt"": null, ""gs"": null, ""steps"": null, ""scheduler_cls"": null, ""classification"": ""Arts""}",unverified,,,
27330,lip-syncing,1,random_audit,imagereward:test:008151-0078,"raytraced render and digital painting of the inconceivable and spectacular a scene of complete madness, by greg rutkowski and michelangelo buonarroti and kinkade, cosmic entities, celestial, cosmic, luxury, elegant, ornate, vibrant and vivid, smooth, soft billowing smoke, darkness, bright, heavenly, elegant, swirls, cosmic flower, nebula vines, nebula tree, twirling, billowing, cinematic, unrealistic, high contrast, hdr, 4 k, artstation, cgsociety, unreal engine, symobolism, magical, mystical, mystifying, obscure, perplexing, zbrush, octane, hyperrealistic, bokeh, dof ",135ca71c388464401fc136707c96fc9dfcc231d8a1ecdbf53bb10315ae68b417,imagereward:images/test/test_1/17211f8e-b31f-4b05-9b29-3349b35b1901.webp,imagereward:images/test/test_1/97a1d50a-e446-4d0a-8c38-d0b4a4e93292.webp,0.1820252239704132,0.18120095133781433,0.000824272632598877,gallery_images/0d12f34e07106617b2f6512b.jpg,gallery_images/5771a73270a8a0ab2f24118a.jpg,"{""model_id"": null, ""negative_prompt"": null, ""gs"": null, ""steps"": null, ""scheduler_cls"": null, ""classification"": ""Arts""}","{""model_id"": null, ""negative_prompt"": null, ""gs"": null, ""steps"": null, ""scheduler_cls"": null, ""classification"": ""Arts""}",unverified,,,
27330,lip-syncing,1,random_audit,imagereward:test:001221-0062,"rainy dystopian city from the year 3000, futuristic, neon lights, cyberpunk, atmospheric, detailed, unreal engine, octane render,",8d11fa1fddefce0b5bec4a9ba83df76dd82769f83d3ecd8cb3b0a8089dc9098d,imagereward:images/test/test_2/8804c259-e32a-45a7-8166-6062af0b2a4f.webp,imagereward:images/test/test_2/7d44d245-50cd-4680-bccc-981ebe86a2bd.webp,0.21197140216827393,0.23333700001239777,-0.02136559784412384,gallery_images/03dcf4f0481949e85f2c44c9.jpg,gallery_images/9d584cedde7122aeb394c4e2.jpg,"{""model_id"": null, ""negative_prompt"": null, ""gs"": null, ""steps"": null, ""scheduler_cls"": null, ""classification"": ""Arts""}","{""model_id"": null, ""negative_prompt"": null, ""gs"": null, ""steps"": null, ""scheduler_cls"": null, ""classification"": ""Arts""}",unverified,,,
27328,lip-smacking,1,supportive,imagereward:test:001242-0093,photo of a guy playing a gameboy under the blanket in his bed at night ,f8ba5a2b702c53fb8fe74bd7512d4a35e39cd1e1049147c81b1cd9cbb7fde449,imagereward:images/test/test_2/0eb1d034-1cb8-4e8b-b757-9294827150f5.webp,imagereward:images/test/test_2/dd4650be-f68f-4941-9b0d-e12ecceb372e.webp,0.3324458599090576,0.22300224006175995,0.10944361984729767,gallery_images/a134820304029521c7347bed.jpg,gallery_images/8f7615d3a5eb6f22361f7ac1.jpg,"{""model_id"": null, ""negative_prompt"": null, ""gs"": null, ""steps"": null, ""scheduler_cls"": null, ""classification"": ""People""}","{""model_id"": null, ""negative_prompt"": null, ""gs"": null, ""steps"": null, ""scheduler_cls"": null, ""classification"": ""People""}",unverified,,,
27328,lip-smacking,1,supportive,imagereward:test:010264-0028,"a realistic detailed cinematic painting of a beautiful clear glass vibrant consciousness of human evolution, strange miraculous entity reflecting light prism, spiritual enlightenment, manifestation, peace, reincarnation, memories of past lives, triumph, beauty, perfection, opal statues adorned in jewels, by david a. hardy, kinkade, lisa frank, wpa, public works mural, socialist ",1550579cbf3a97ece6f276255c6670470e7256cdddaebab43c247817f10a00b1,imagereward:images/test/test_2/2fb288a8-1bd6-4a86-92b4-9ba3ee406dc9.webp,imagereward:images/test/test_2/f0e3b083-c78d-4ad0-a76e-0bd29e131cdf.webp,0.3227550983428955,0.23330190777778625,0.08945319056510925,gallery_images/560462dfa656bbc3cc005ce5.jpg,gallery_images/1b8c6b3a787090bdffc9012f.jpg,"{""model_id"": null, ""negative_prompt"": null, ""gs"": null, ""steps"": null, ""scheduler_cls"": null, ""classification"": ""Arts""}","{""model_id"": null, ""negative_prompt"": null, ""gs"": null, ""steps"": null, ""scheduler_cls"": null, ""classification"": ""Arts""}",unverified,,,
27328,lip-smacking,1,counterexample,imagereward:test:001227-0027,footage of an astronaut in a tropical beach,c5920b72d420fbbaeceb7fd54341770c516c79bf58d2d01191d15b911079b853,imagereward:images/test/test_2/408e016e-4e03-4fd4-b816-d66f2806bfa3.webp,imagereward:images/test/test_2/6bbd7128-30da-4978-89e5-b09b61e83e34.webp,0.19846269488334656,0.27257922291755676,-0.0741165280342102,gallery_images/110000c91013b6ce8f2f8872.jpg,gallery_images/dbbc66754cbc431eb55cfcc5.jpg,"{""model_id"": null, ""negative_prompt"": null, ""gs"": null, ""steps"": null, ""scheduler_cls"": null, ""classification"": ""People""}","{""model_id"": null, ""negative_prompt"": null, ""gs"": null, ""steps"": null, ""scheduler_cls"": null, ""classification"": ""People""}",unverified,,,
27328,lip-smacking,1,counterexample,imagereward:test:008294-0028,"a character sheet showing 4 different designs for an evil sorcerer in ornamental robes with glowing runes on fabric, holding a tall glowing ornate intricate magical staff, video game concept art by greg rutkowski, craig mullins, weta, elder scrolls ",6507a0b34a8e92f4f8932727dafca057b1486a32d532ffbb2c8c37a0f3d09222,imagereward:images/test/test_1/fbd15eba-4697-4ba5-82f0-6cb87a87729c.webp,imagereward:images/test/test_1/d4df54b0-5758-428c-b66a-4a498580b76c.webp,0.24798253178596497,0.309035062789917,-0.061052531003952026,gallery_images/3c2d1c5b7d7e675632585f9d.jpg,gallery_images/fd2fbbd6ab0d2ee24b5f313b.jpg,"{""model_id"": null, ""negative_prompt"": null, ""gs"": null, ""steps"": null, ""scheduler_cls"": null, ""classification"": ""Arts""}","{""model_id"": null, ""negative_prompt"": null, ""gs"": null, ""steps"": null, ""scheduler_cls"": null, ""classification"": ""Arts""}",unverified,,,
27328,lip-smacking,1,random_audit,imagereward:test:001151-0006,if woody and buzz from toy story had a kid pixar animation hd ,4ccbad501cbfb5dfe1c19daa4e7636a31e7ca8afdafd02312ce7531d13cf9fb2,imagereward:images/test/test_2/774539e6-7354-4d1d-9c26-b97d16d8a9aa.webp,imagereward:images/test/test_2/3af70a8b-1bdf-4766-92fb-49964b083f70.webp,0.2978576719760895,0.3294166624546051,-0.031558990478515625,gallery_images/0530f80d65049fa0549ad09d.jpg,gallery_images/bf173e7cc934b446fe12b350.jpg,"{""model_id"": null, ""negative_prompt"": null, ""gs"": null, ""steps"": null, ""scheduler_cls"": null, ""classification"": ""Arts""}","{""model_id"": null, ""negative_prompt"": null, ""gs"": null, ""steps"": null, ""scheduler_cls"": null, ""classification"": ""Arts""}",unverified,,,
27328,lip-smacking,1,random_audit,imagereward:test:007189-0066,muscular man wearing a leather harness and hat ,a1b9da2e14b14711efc944053b56997170d1fc428129b3ef672b1516854f3a4a,imagereward:images/test/test_1/425f1e31-c818-42d5-8a4a-c7bf861f8b86.webp,imagereward:images/test/test_1/16352335-c1d5-4fa0-9761-bc8b129b1e94.webp,0.3350954055786133,0.34409067034721375,-0.008995264768600464,gallery_images/0d4087b9c23beebde460d9de.jpg,gallery_images/198f268cafa6519ef86810d2.jpg,"{""model_id"": null, ""negative_prompt"": null, ""gs"": null, ""steps"": null, ""scheduler_cls"": null, ""classification"": ""People""}","{""model_id"": null, ""negative_prompt"": null, ""gs"": null, ""steps"": null, ""scheduler_cls"": null, ""classification"": ""People""}",unverified,,,
45267,stare,1,supportive,imagereward:test:009475-0037,film still from frightening horror movie. cinematic. 8 k. ,38a0610767e6cc9c0356505e23ba4222fbc8d42f195099e5e226c087606379a2,imagereward:images/test/test_1/39238b13-b2bd-4a56-aa46-f455331f6a86.webp,imagereward:images/test/test_1/788d0347-12d2-4c2e-aa96-71d83850342d.webp,0.3104943037033081,0.22854314744472504,0.08195115625858307,gallery_images/8b0a493e651fa52eb4bd58d3.jpg,gallery_images/1a1c426caddb68a4731a49cf.jpg,"{""model_id"": null, ""negative_prompt"": null, ""gs"": null, ""steps"": null, ""scheduler_cls"": null, ""classification"": ""Arts""}","{""model_id"": null, ""negative_prompt"": null, ""gs"": null, ""steps"": null, ""scheduler_cls"": null, ""classification"": ""Arts""}",unverified,,,
45267,stare,1,supportive,imagereward:test:001242-0093,photo of a guy playing a gameboy under the blanket in his bed at night ,f8ba5a2b702c53fb8fe74bd7512d4a35e39cd1e1049147c81b1cd9cbb7fde449,imagereward:images/test/test_2/0eb1d034-1cb8-4e8b-b757-9294827150f5.webp,imagereward:images/test/test_2/dd4650be-f68f-4941-9b0d-e12ecceb372e.webp,0.3122328221797943,0.2510662078857422,0.061166614294052124,gallery_images/a134820304029521c7347bed.jpg,gallery_images/8f7615d3a5eb6f22361f7ac1.jpg,"{""model_id"": null, ""negative_prompt"": null, ""gs"": null, ""steps"": null, ""scheduler_cls"": null, ""classification"": ""People""}","{""model_id"": null, ""negative_prompt"": null, ""gs"": null, ""steps"": null, ""scheduler_cls"": null, ""classification"": ""People""}",unverified,,,
45267,stare,1,counterexample,imagereward:test:001383-0079,"a half - masked rugged laboratory engineer man with cybernetic enhancements as seen from a distance, scifi character portrait by greg rutkowski, esuthio, craig mullins, 1 / 4 headshot, cinematic lighting, dystopian scifi gear, gloomy, profile picture, mechanical, half robot, implants, dieselpunk ",cc38ca0a6b2822cffd5316d1419eadfc45299c84a251d33f4718e87812642263,imagereward:images/test/test_2/2cccb2fc-f4da-41cb-97be-29fb61a58d7f.webp,imagereward:images/test/test_2/9c125e5f-1512-4ce6-bf27-af8d1c810a58.webp,0.23983538150787354,0.30336081981658936,-0.06352543830871582,gallery_images/5d65385d6c3a0a8bdf41aac4.jpg,gallery_images/a176490ba1aa700ccb07b418.jpg,"{""model_id"": null, ""negative_prompt"": null, ""gs"": null, ""steps"": null, ""scheduler_cls"": null, ""classification"": ""People""}","{""model_id"": null, ""negative_prompt"": null, ""gs"": null, ""steps"": null, ""scheduler_cls"": null, ""classification"": ""People""}",unverified,,,
45267,stare,1,counterexample,imagereward:test:001382-0041,"highly detailed painting of uzumaki naruto fighting a looming demigod, dramatic, sense of scale, stephen bliss, unreal engine, greg rutkowski, ilya kuvshinov, ross draws, hyung tae and frank frazetta, tom bagshaw, tom whalen, nicoletta ceccoli, mark ryden, earl norem, global illumination, god rays, windswept ",a653b891199f3c9e8ed106e82da60ccd9e0fe408e74446342bf461100233b3bb,imagereward:images/test/test_2/75a8d0cf-dca7-4f29-bac1-a3819693d0a7.webp,imagereward:images/test/test_2/c29d2c2c-55e2-4eef-a9cd-d5553d46d788.webp,0.2451690435409546,0.28087955713272095,-0.03571051359176636,gallery_images/5b2a17348d44c841f655946f.jpg,gallery_images/a19056936bc31f6cee0f0503.jpg,"{""model_id"": null, ""negative_prompt"": null, ""gs"": null, ""steps"": null, ""scheduler_cls"": null, ""classification"": ""Arts""}","{""model_id"": null, ""negative_prompt"": null, ""gs"": null, ""steps"": null, ""scheduler_cls"": null, ""classification"": ""Arts""}",unverified,,,
45267,stare,1,random_audit,imagereward:test:008328-0024,"a portrait of a red - skinned dragonborn monk in a plain white cloak white cloak, holding a spear with a black tip, fantasy art by greg rutkowski ",e375c383a8fb1f82436cddd04ae6107fa1cb1c5ad9080ca9bcf9e4f755414fb3,imagereward:images/test/test_1/cb831716-5734-40f0-b0e4-c3518d5ab540.webp,imagereward:images/test/test_1/2368f177-8821-41ea-9e28-cf6f3da5b3b0.webp,0.3364294767379761,0.2868267595767975,0.04960271716117859,gallery_images/172c0241a45704cf9614e711.jpg,gallery_images/c1ff33df92076151eec03da2.jpg,"{""model_id"": null, ""negative_prompt"": null, ""gs"": null, ""steps"": null, ""scheduler_cls"": null, ""classification"": ""People""}","{""model_id"": null, ""negative_prompt"": null, ""gs"": null, ""steps"": null, ""scheduler_cls"": null, ""classification"": ""People""}",unverified,,,
45267,stare,1,random_audit,imagereward:test:001151-0006,if woody and buzz from toy story had a kid pixar animation hd ,4ccbad501cbfb5dfe1c19daa4e7636a31e7ca8afdafd02312ce7531d13cf9fb2,imagereward:images/test/test_2/824e1107-99cf-4249-9b53-92f04417f4c5.webp,imagereward:images/test/test_2/3af70a8b-1bdf-4766-92fb-49964b083f70.webp,0.29952314496040344,0.3060300648212433,-0.006506919860839844,gallery_images/23e048cdff8d655d02266781.jpg,gallery_images/bf173e7cc934b446fe12b350.jpg,"{""model_id"": null, ""negative_prompt"": null, ""gs"": null, ""steps"": null, ""scheduler_cls"": null, ""classification"": ""Arts""}","{""model_id"": null, ""negative_prompt"": null, ""gs"": null, ""steps"": null, ""scheduler_cls"": null, ""classification"": ""Arts""}",unverified,,,
43947,smirk,1,supportive,imagereward:test:009475-0037,film still from frightening horror movie. cinematic. 8 k. ,38a0610767e6cc9c0356505e23ba4222fbc8d42f195099e5e226c087606379a2,imagereward:images/test/test_1/39238b13-b2bd-4a56-aa46-f455331f6a86.webp,imagereward:images/test/test_1/788d0347-12d2-4c2e-aa96-71d83850342d.webp,0.2881906032562256,0.19354990124702454,0.09464070200920105,gallery_images/8b0a493e651fa52eb4bd58d3.jpg,gallery_images/1a1c426caddb68a4731a49cf.jpg,"{""model_id"": null, ""negative_prompt"": null, ""gs"": null, ""steps"": null, ""scheduler_cls"": null, ""classification"": ""Arts""}","{""model_id"": null, ""negative_prompt"": null, ""gs"": null, ""steps"": null, ""scheduler_cls"": null, ""classification"": ""Arts""}",unverified,,,
43947,smirk,1,supportive,imagereward:test:008328-0024,"a portrait of a red - skinned dragonborn monk in a plain white cloak white cloak, holding a spear with a black tip, fantasy art by greg rutkowski ",e375c383a8fb1f82436cddd04ae6107fa1cb1c5ad9080ca9bcf9e4f755414fb3,imagereward:images/test/test_1/5f523d59-534e-48ca-8733-2c9ba5111efc.webp,imagereward:images/test/test_1/2368f177-8821-41ea-9e28-cf6f3da5b3b0.webp,0.3402266204357147,0.27711525559425354,0.06311136484146118,gallery_images/a42cd3f945174766759a2bb5.jpg,gallery_images/c1ff33df92076151eec03da2.jpg,"{""model_id"": null, ""negative_prompt"": null, ""gs"": null, ""steps"": null, ""scheduler_cls"": null, ""classification"": ""People""}","{""model_id"": null, ""negative_prompt"": null, ""gs"": null, ""steps"": null, ""scheduler_cls"": null, ""classification"": ""People""}",unverified,,,
43947,smirk,1,counterexample,imagereward:test:001227-0027,footage of an astronaut in a tropical beach,c5920b72d420fbbaeceb7fd54341770c516c79bf58d2d01191d15b911079b853,imagereward:images/test/test_2/408e016e-4e03-4fd4-b816-d66f2806bfa3.webp,imagereward:images/test/test_2/6bbd7128-30da-4978-89e5-b09b61e83e34.webp,0.24738407135009766,0.30852288007736206,-0.061138808727264404,gallery_images/110000c91013b6ce8f2f8872.jpg,gallery_images/dbbc66754cbc431eb55cfcc5.jpg,"{""model_id"": null, ""negative_prompt"": null, ""gs"": null, ""steps"": null, ""scheduler_cls"": null, ""classification"": ""People""}","{""model_id"": null, ""negative_prompt"": null, ""gs"": null, ""steps"": null, ""scheduler_cls"": null, ""classification"": ""People""}",unverified,,,
43947,smirk,1,counterexample,imagereward:test:001383-0079,"a half - masked rugged laboratory engineer man with cybernetic enhancements as seen from a distance, scifi character portrait by greg rutkowski, esuthio, craig mullins, 1 / 4 headshot, cinematic lighting, dystopian scifi gear, gloomy, profile picture, mechanical, half robot, implants, dieselpunk ",cc38ca0a6b2822cffd5316d1419eadfc45299c84a251d33f4718e87812642263,imagereward:images/test/test_2/2cccb2fc-f4da-41cb-97be-29fb61a58d7f.webp,imagereward:images/test/test_2/9c125e5f-1512-4ce6-bf27-af8d1c810a58.webp,0.25212252140045166,0.31150156259536743,-0.05937904119491577,gallery_images/5d65385d6c3a0a8bdf41aac4.jpg,gallery_images/a176490ba1aa700ccb07b418.jpg,"{""model_id"": null, ""negative_prompt"": null, ""gs"": null, ""steps"": null, ""scheduler_cls"": null, ""classification"": ""People""}","{""model_id"": null, ""negative_prompt"": null, ""gs"": null, ""steps"": null, ""scheduler_cls"": null, ""classification"": ""People""}",unverified,,,
43947,smirk,1,random_audit,imagereward:test:010987-0077,wall with famous banksy graffiti ,981d3370524e07d4861c2a639de0f626bd4530b445a936a2dcee13183a00deda,imagereward:images/test/test_2/90b8aee3-090b-4423-abfe-8aec4ff62603.webp,imagereward:images/test/test_2/4b8744fc-76a0-4ed7-a4c4-e80ae5d0b6bb.webp,0.28718769550323486,0.26605331897735596,0.021134376525878906,gallery_images/e637f304ffbec395b6ccd6a3.jpg,gallery_images/2970701caea9b1903c7306aa.jpg,"{""model_id"": null, ""negative_prompt"": null, ""gs"": null, ""steps"": null, ""scheduler_cls"": null, ""classification"": ""Outdoor Scenes""}","{""model_id"": null, ""negative_prompt"": null, ""gs"": null, ""steps"": null, ""scheduler_cls"": null, ""classification"": ""Outdoor Scenes""}",unverified,,,
43947,smirk,1,random_audit,imagereward:test:001260-0073,"realistic photography of a man 3 5 years old with a bit of bear, short hair, few wrinkles around eyes, sexy, cinematographic, cinematic light, close up view, intense, colorize, 8 0 mm lens ",bd5a08c78f7713700e45a208189c5ba33df3fc51dd6425fbac0f13cff8386f73,imagereward:images/test/test_2/85ae560c-08eb-4023-9b30-cb745fec3011.webp,imagereward:images/test/test_2/39287be5-bc65-49de-a745-a50b9ac450c4.webp,0.3314409852027893,0.3144313097000122,0.0170096755027771,gallery_images/fade65e9128358fe15675cdf.jpg,gallery_images/c826e2fda0494675fee748e6.jpg,"{""model_id"": null, ""negative_prompt"": null, ""gs"": null, ""steps"": null, ""scheduler_cls"": null, ""classification"": ""People""}","{""model_id"": null, ""negative_prompt"": null, ""gs"": null, ""steps"": null, ""scheduler_cls"": null, ""classification"": ""People""}",unverified,,,
53213,wide-eyed,1,supportive,imagereward:test:009475-0037,film still from frightening horror movie. cinematic. 8 k. ,38a0610767e6cc9c0356505e23ba4222fbc8d42f195099e5e226c087606379a2,imagereward:images/test/test_1/39238b13-b2bd-4a56-aa46-f455331f6a86.webp,imagereward:images/test/test_1/788d0347-12d2-4c2e-aa96-71d83850342d.webp,0.3348614573478699,0.21225959062576294,0.12260186672210693,gallery_images/8b0a493e651fa52eb4bd58d3.jpg,gallery_images/1a1c426caddb68a4731a49cf.jpg,"{""model_id"": null, ""negative_prompt"": null, ""gs"": null, ""steps"": null, ""scheduler_cls"": null, ""classification"": ""Arts""}","{""model_id"": null, ""negative_prompt"": null, ""gs"": null, ""steps"": null, ""scheduler_cls"": null, ""classification"": ""Arts""}",unverified,,,
53213,wide-eyed,1,supportive,imagereward:test:010856-0009,funny peanut butter ,b18ea9950d494d375d0c180c19fd090da6228f69d114cdf9665f8628abd7a871,imagereward:images/test/test_2/d7efc9ab-5b83-4dfb-9f37-e5c3494a9c6a.webp,imagereward:images/test/test_2/8b7d05e4-9a3b-4c73-b087-104251033467.webp,0.34221187233924866,0.22122937440872192,0.12098249793052673,gallery_images/7ffe2a14962798eca3100109.jpg,gallery_images/3dc52bcc5f9d782b00729f67.jpg,"{""model_id"": null, ""negative_prompt"": null, ""gs"": null, ""steps"": null, ""scheduler_cls"": null, ""classification"": ""Food""}","{""model_id"": null, ""negative_prompt"": null, ""gs"": null, ""steps"": null, ""scheduler_cls"": null, ""classification"": ""Food""}",unverified,,,
53213,wide-eyed,1,counterexample,imagereward:test:001383-0079,"a half - masked rugged laboratory engineer man with cybernetic enhancements as seen from a distance, scifi character portrait by greg rutkowski, esuthio, craig mullins, 1 / 4 headshot, cinematic lighting, dystopian scifi gear, gloomy, profile picture, mechanical, half robot, implants, dieselpunk ",cc38ca0a6b2822cffd5316d1419eadfc45299c84a251d33f4718e87812642263,imagereward:images/test/test_2/2cccb2fc-f4da-41cb-97be-29fb61a58d7f.webp,imagereward:images/test/test_2/9c125e5f-1512-4ce6-bf27-af8d1c810a58.webp,0.22632431983947754,0.3017834424972534,-0.07545912265777588,gallery_images/5d65385d6c3a0a8bdf41aac4.jpg,gallery_images/a176490ba1aa700ccb07b418.jpg,"{""model_id"": null, ""negative_prompt"": null, ""gs"": null, ""steps"": null, ""scheduler_cls"": null, ""classification"": ""People""}","{""model_id"": null, ""negative_prompt"": null, ""gs"": null, ""steps"": null, ""scheduler_cls"": null, ""classification"": ""People""}",unverified,,,
53213,wide-eyed,1,counterexample,imagereward:test:007135-0060,"!13 hungry cannibals making a rich salad around a marble table, !positioned as last supper cinematic lighting, dramatic framing, highly detalied, 4k, artstation, by Rene Lalique and Wayne Barlowe",396fd658a5abefd3f74d20e36a01f53548cd0e2de74e0f9ae49985eace0e78e4,imagereward:images/test/test_1/074769e5-e056-4e38-bd06-4daca670bc34.webp,imagereward:images/test/test_1/293bb51d-f5ef-4a24-a5a8-2022f81f576c.webp,0.22029435634613037,0.283750057220459,-0.06345570087432861,gallery_images/eb12950427d66ddcabfca828.jpg,gallery_images/95fdcc61fecd4080ad8dd968.jpg,"{""model_id"": null, ""negative_prompt"": null, ""gs"": null, ""steps"": null, ""scheduler_cls"": null, ""classification"": ""People""}","{""model_id"": null, ""negative_prompt"": null, ""gs"": null, ""steps"": null, ""scheduler_cls"": null, ""classification"": ""People""}",unverified,,,
53213,wide-eyed,1,random_audit,imagereward:test:009006-0102,"Horrifying creature, haunted, horror",6ee1b52c63caf60d8db23751287681018dfce76c98cca49820b5a1a91db4b14a,imagereward:images/test/test_1/0429a07f-659e-4c73-8fc3-10ea678df8f2.webp,imagereward:images/test/test_1/ee22e72c-0ddd-471d-af26-6418340a73aa.webp,0.3256206512451172,0.3143700659275055,0.011250585317611694,gallery_images/5d8ffcc7dd08aa671265fe08.jpg,gallery_images/a3833c3d508a381bb1502d1d.jpg,"{""model_id"": null, ""negative_prompt"": null, ""gs"": null, ""steps"": null, ""scheduler_cls"": null, ""classification"": ""Arts""}","{""model_id"": null, ""negative_prompt"": null, ""gs"": null, ""steps"": null, ""scheduler_cls"": null, ""classification"": ""Arts""}",unverified,,,
53213,wide-eyed,1,random_audit,imagereward:test:010446-0019,"beautiful nighttime landscape photography of the Rocky Mountains with a crystal blue lake, milky way galaxy sky, serene, dramatic lighting.",bc277a1d8eebe77ce3f19367c1731d18a3ff5bae2d13318a6461a11594890c03,imagereward:images/test/test_2/d4dfca29-73ef-44bc-9d01-711adb139093.webp,imagereward:images/test/test_2/098c69ae-ada8-45f1-b1ef-b456cc246fa2.webp,0.198832169175148,0.2131563425064087,-0.014324173331260681,gallery_images/d62e0b7b555e7271551941ba.jpg,gallery_images/42ec492c6a39fddbdda87767.jpg,"{""model_id"": null, ""negative_prompt"": null, ""gs"": null, ""steps"": null, ""scheduler_cls"": null, ""classification"": ""Outdoor Scenes""}","{""model_id"": null, ""negative_prompt"": null, ""gs"": null, ""steps"": null, ""scheduler_cls"": null, ""classification"": ""Outdoor Scenes""}",unverified,,,
16886,eyebrow-raising,1,supportive,imagereward:test:001242-0093,photo of a guy playing a gameboy under the blanket in his bed at night ,f8ba5a2b702c53fb8fe74bd7512d4a35e39cd1e1049147c81b1cd9cbb7fde449,imagereward:images/test/test_2/0eb1d034-1cb8-4e8b-b757-9294827150f5.webp,imagereward:images/test/test_2/dd4650be-f68f-4941-9b0d-e12ecceb372e.webp,0.284223347902298,0.20229500532150269,0.08192834258079529,gallery_images/a134820304029521c7347bed.jpg,gallery_images/8f7615d3a5eb6f22361f7ac1.jpg,"{""model_id"": null, ""negative_prompt"": null, ""gs"": null, ""steps"": null, ""scheduler_cls"": null, ""classification"": ""People""}","{""model_id"": null, ""negative_prompt"": null, ""gs"": null, ""steps"": null, ""scheduler_cls"": null, ""classification"": ""People""}",unverified,,,
16886,eyebrow-raising,1,supportive,imagereward:test:009475-0037,film still from frightening horror movie. cinematic. 8 k. ,38a0610767e6cc9c0356505e23ba4222fbc8d42f195099e5e226c087606379a2,imagereward:images/test/test_1/39238b13-b2bd-4a56-aa46-f455331f6a86.webp,imagereward:images/test/test_1/788d0347-12d2-4c2e-aa96-71d83850342d.webp,0.28419017791748047,0.21004074811935425,0.07414942979812622,gallery_images/8b0a493e651fa52eb4bd58d3.jpg,gallery_images/1a1c426caddb68a4731a49cf.jpg,"{""model_id"": null, ""negative_prompt"": null, ""gs"": null, ""steps"": null, ""scheduler_cls"": null, ""classification"": ""Arts""}","{""model_id"": null, ""negative_prompt"": null, ""gs"": null, ""steps"": null, ""scheduler_cls"": null, ""classification"": ""Arts""}",unverified,,,
16886,eyebrow-raising,1,counterexample,imagereward:test:001383-0079,"a half - masked rugged laboratory engineer man with cybernetic enhancements as seen from a distance, scifi character portrait by greg rutkowski, esuthio, craig mullins, 1 / 4 headshot, cinematic lighting, dystopian scifi gear, gloomy, profile picture, mechanical, half robot, implants, dieselpunk ",cc38ca0a6b2822cffd5316d1419eadfc45299c84a251d33f4718e87812642263,imagereward:images/test/test_2/2cccb2fc-f4da-41cb-97be-29fb61a58d7f.webp,imagereward:images/test/test_2/9c125e5f-1512-4ce6-bf27-af8d1c810a58.webp,0.23280069231987,0.29631710052490234,-0.06351640820503235,gallery_images/5d65385d6c3a0a8bdf41aac4.jpg,gallery_images/a176490ba1aa700ccb07b418.jpg,"{""model_id"": null, ""negative_prompt"": null, ""gs"": null, ""steps"": null, ""scheduler_cls"": null, ""classification"": ""People""}","{""model_id"": null, ""negative_prompt"": null, ""gs"": null, ""steps"": null, ""scheduler_cls"": null, ""classification"": ""People""}",unverified,,,
16886,eyebrow-raising,1,counterexample,imagereward:test:007759-0110,"photoreal portrait very intricate! synthwave dj wearing a black hoody, white glossy class - a surfaces, glittering light leaks, electromagnetic waves, blue glowing aggressive led eyes, zbrush, greeble skin, octane render, colani design, cyberpunk, dystopia tokyo ",263707270785a19ef1b9db60c919f13445f1eccdfe7b98ea64072c0649b08420,imagereward:images/test/test_1/83b28b0b-88c0-423e-8baa-37c9bcb44e27.webp,imagereward:images/test/test_1/cb5adaa2-b29f-46f5-90a3-da06ecc6b912.webp,0.25314873456954956,0.3153837323188782,-0.06223499774932861,gallery_images/0f5e2895fd23101b68373c47.jpg,gallery_images/412c793c9964f86b981c65aa.jpg,"{""model_id"": null, ""negative_prompt"": null, ""gs"": null, ""steps"": null, ""scheduler_cls"": null, ""classification"": ""People""}","{""model_id"": null, ""negative_prompt"": null, ""gs"": null, ""steps"": null, ""scheduler_cls"": null, ""classification"": ""People""}",unverified,,,
16886,eyebrow-raising,1,random_audit,imagereward:test:007135-0056,"A majestic landscape featuring a river, mountains and a forest. A small group of birds is flying in the sky. Harsh winter. very windy. There is a man walking in a deep snow. Cinematic, very beautiful, painting in the style of Lord of the rings",c5121bccfd7086ca62bef90e3f4a7d3e3f8657f56388feb6a0816acbb883147d,imagereward:images/test/test_1/6bbafce5-d301-4396-80b0-0220f63c20da.webp,imagereward:images/test/test_1/0bed42b7-ad82-414e-bf0e-40a43e5f867b.webp,0.17750884592533112,0.16441719233989716,0.01309165358543396,gallery_images/63e16a9ba2bb9335cc11da3e.jpg,gallery_images/3841e7b8c75a2e469aab014a.jpg,"{""model_id"": null, ""negative_prompt"": null, ""gs"": null, ""steps"": null, ""scheduler_cls"": null, ""classification"": ""Outdoor Scenes""}","{""model_id"": null, ""negative_prompt"": null, ""gs"": null, ""steps"": null, ""scheduler_cls"": null, ""classification"": ""Outdoor Scenes""}",unverified,,,
16886,eyebrow-raising,1,random_audit,imagereward:test:001205-0101,A realistic photo of a man with big ears,99f6de6c2d86ca54133d7237800638a8aa94d4d2096fb807110fd7329dd43b29,imagereward:images/test/test_2/541fa2f5-3f53-46f4-a33b-cdfd03eeea86.webp,imagereward:images/test/test_2/e7a05c03-480f-424f-a129-5a2c8cf75e6d.webp,0.3101377487182617,0.28554874658584595,0.02458900213241577,gallery_images/069006e8b437f9912d383fa8.jpg,gallery_images/d660718a80400dfb083b4cca.jpg,"{""model_id"": null, ""negative_prompt"": null, ""gs"": null, ""steps"": null, ""scheduler_cls"": null, ""classification"": ""People""}","{""model_id"": null, ""negative_prompt"": null, ""gs"": null, ""steps"": null, ""scheduler_cls"": null, ""classification"": ""People""}",unverified,,,
5310,big-eyed,1,supportive,imagereward:test:009475-0037,film still from frightening horror movie. cinematic. 8 k. ,38a0610767e6cc9c0356505e23ba4222fbc8d42f195099e5e226c087606379a2,imagereward:images/test/test_1/39238b13-b2bd-4a56-aa46-f455331f6a86.webp,imagereward:images/test/test_1/788d0347-12d2-4c2e-aa96-71d83850342d.webp,0.3063148260116577,0.174739807844162,0.13157501816749573,gallery_images/8b0a493e651fa52eb4bd58d3.jpg,gallery_images/1a1c426caddb68a4731a49cf.jpg,"{""model_id"": null, ""negative_prompt"": null, ""gs"": null, ""steps"": null, ""scheduler_cls"": null, ""classification"": ""Arts""}","{""model_id"": null, ""negative_prompt"": null, ""gs"": null, ""steps"": null, ""scheduler_cls"": null, ""classification"": ""Arts""}",unverified,,,
5310,big-eyed,1,supportive,imagereward:test:010856-0009,funny peanut butter ,b18ea9950d494d375d0c180c19fd090da6228f69d114cdf9665f8628abd7a871,imagereward:images/test/test_2/d7efc9ab-5b83-4dfb-9f37-e5c3494a9c6a.webp,imagereward:images/test/test_2/8b7d05e4-9a3b-4c73-b087-104251033467.webp,0.33029547333717346,0.21766915917396545,0.11262631416320801,gallery_images/7ffe2a14962798eca3100109.jpg,gallery_images/3dc52bcc5f9d782b00729f67.jpg,"{""model_id"": null, ""negative_prompt"": null, ""gs"": null, ""steps"": null, ""scheduler_cls"": null, ""classification"": ""Food""}","{""model_id"": null, ""negative_prompt"": null, ""gs"": null, ""steps"": null, ""scheduler_cls"": null, ""classification"": ""Food""}",unverified,,,
5310,big-eyed,1,counterexample,imagereward:test:007135-0060,"!13 hungry cannibals making a rich salad around a marble table, !positioned as last supper cinematic lighting, dramatic framing, highly detalied, 4k, artstation, by Rene Lalique and Wayne Barlowe",396fd658a5abefd3f74d20e36a01f53548cd0e2de74e0f9ae49985eace0e78e4,imagereward:images/test/test_1/074769e5-e056-4e38-bd06-4daca670bc34.webp,imagereward:images/test/test_1/293bb51d-f5ef-4a24-a5a8-2022f81f576c.webp,0.20725134015083313,0.28068724274635315,-0.07343590259552002,gallery_images/eb12950427d66ddcabfca828.jpg,gallery_images/95fdcc61fecd4080ad8dd968.jpg,"{""model_id"": null, ""negative_prompt"": null, ""gs"": null, ""steps"": null, ""scheduler_cls"": null, ""classification"": ""People""}","{""model_id"": null, ""negative_prompt"": null, ""gs"": null, ""steps"": null, ""scheduler_cls"": null, ""classification"": ""People""}",unverified,,,
5310,big-eyed,1,counterexample,imagereward:test:008151-0078,"raytraced render and digital painting of the inconceivable and spectacular a scene of complete madness, by greg rutkowski and michelangelo buonarroti and kinkade, cosmic entities, celestial, cosmic, luxury, elegant, ornate, vibrant and vivid, smooth, soft billowing smoke, darkness, bright, heavenly, elegant, swirls, cosmic flower, nebula vines, nebula tree, twirling, billowing, cinematic, unrealistic, high contrast, hdr, 4 k, artstation, cgsociety, unreal engine, symobolism, magical, mystical, mystifying, obscure, perplexing, zbrush, octane, hyperrealistic, bokeh, dof ",135ca71c388464401fc136707c96fc9dfcc231d8a1ecdbf53bb10315ae68b417,imagereward:images/test/test_1/a8c77be7-9af8-41fe-bd46-6a3ab2935376.webp,imagereward:images/test/test_1/a170e2a2-1a36-418a-b2d7-e1f4ae19b67f.webp,0.21509510278701782,0.27287763357162476,-0.057782530784606934,gallery_images/e5f6f32f207c5a428063a904.jpg,gallery_images/4483b1e4f0a43bbb4d57e2fc.jpg,"{""model_id"": null, ""negative_prompt"": null, ""gs"": null, ""steps"": null, ""scheduler_cls"": null, ""classification"": ""Arts""}","{""model_id"": null, ""negative_prompt"": null, ""gs"": null, ""steps"": null, ""scheduler_cls"": null, ""classification"": ""Arts""}",unverified,,,
5310,big-eyed,1,random_audit,imagereward:test:010918-0030,the pope in saving private james ryan ,9ed63beff86d5e18e4048901428ee78733de38893029c7c73093da1301c7baa5,imagereward:images/test/test_2/cbc83c67-d5cb-4872-95c7-f46ca0cdcd6c.webp,imagereward:images/test/test_2/24fb28c3-f778-4116-8ffb-f41230beb451.webp,0.2919621765613556,0.24017593264579773,0.05178624391555786,gallery_images/d664aa5be8f6b3d7166b32c7.jpg,gallery_images/df55fdf1e4ded79867ad1671.jpg,"{""model_id"": null, ""negative_prompt"": null, ""gs"": null, ""steps"": null, ""scheduler_cls"": null, ""classification"": ""People""}","{""model_id"": null, ""negative_prompt"": null, ""gs"": null, ""steps"": null, ""scheduler_cls"": null, ""classification"": ""People""}",unverified,,,
5310,big-eyed,1,random_audit,imagereward:test:010987-0077,wall with famous banksy graffiti ,981d3370524e07d4861c2a639de0f626bd4530b445a936a2dcee13183a00deda,imagereward:images/test/test_2/56024cf7-d1de-478b-8714-124947ba6a7b.webp,imagereward:images/test/test_2/1a1f9f62-7ad8-40c0-aac0-2a3a7377f817.webp,0.22737210988998413,0.25426703691482544,-0.02689492702484131,gallery_images/c22d97dda28c620077ccb475.jpg,gallery_images/23885df139ebbfd9f7766d10.jpg,"{""model_id"": null, ""negative_prompt"": null, ""gs"": null, ""steps"": null, ""scheduler_cls"": null, ""classification"": ""Outdoor Scenes""}","{""model_id"": null, ""negative_prompt"": null, ""gs"": null, ""steps"": null, ""scheduler_cls"": null, ""classification"": ""Outdoor Scenes""}",unverified,,,
35206,physiognomy,1,supportive,imagereward:test:008328-0024,"a portrait of a red - skinned dragonborn monk in a plain white cloak white cloak, holding a spear with a black tip, fantasy art by greg rutkowski ",e375c383a8fb1f82436cddd04ae6107fa1cb1c5ad9080ca9bcf9e4f755414fb3,imagereward:images/test/test_1/5f523d59-534e-48ca-8733-2c9ba5111efc.webp,imagereward:images/test/test_1/2368f177-8821-41ea-9e28-cf6f3da5b3b0.webp,0.3343956768512726,0.23404738306999207,0.10034829378128052,gallery_images/a42cd3f945174766759a2bb5.jpg,gallery_images/c1ff33df92076151eec03da2.jpg,"{""model_id"": null, ""negative_prompt"": null, ""gs"": null, ""steps"": null, ""scheduler_cls"": null, ""classification"": ""People""}","{""model_id"": null, ""negative_prompt"": null, ""gs"": null, ""steps"": null, ""scheduler_cls"": null, ""classification"": ""People""}",unverified,,,
35206,physiognomy,1,supportive,imagereward:test:009475-0037,film still from frightening horror movie. cinematic. 8 k. ,38a0610767e6cc9c0356505e23ba4222fbc8d42f195099e5e226c087606379a2,imagereward:images/test/test_1/39238b13-b2bd-4a56-aa46-f455331f6a86.webp,imagereward:images/test/test_1/788d0347-12d2-4c2e-aa96-71d83850342d.webp,0.30757203698158264,0.20775336027145386,0.09981867671012878,gallery_images/8b0a493e651fa52eb4bd58d3.jpg,gallery_images/1a1c426caddb68a4731a49cf.jpg,"{""model_id"": null, ""negative_prompt"": null, ""gs"": null, ""steps"": null, ""scheduler_cls"": null, ""classification"": ""Arts""}","{""model_id"": null, ""negative_prompt"": null, ""gs"": null, ""steps"": null, ""scheduler_cls"": null, ""classification"": ""Arts""}",unverified,,,
35206,physiognomy,1,counterexample,imagereward:test:001382-0041,"highly detailed painting of uzumaki naruto fighting a looming demigod, dramatic, sense of scale, stephen bliss, unreal engine, greg rutkowski, ilya kuvshinov, ross draws, hyung tae and frank frazetta, tom bagshaw, tom whalen, nicoletta ceccoli, mark ryden, earl norem, global illumination, god rays, windswept ",a653b891199f3c9e8ed106e82da60ccd9e0fe408e74446342bf461100233b3bb,imagereward:images/test/test_2/2172b874-d6b9-494e-af44-605a1cf53b48.webp,imagereward:images/test/test_2/c29d2c2c-55e2-4eef-a9cd-d5553d46d788.webp,0.1931411623954773,0.25441795587539673,-0.061276793479919434,gallery_images/1e26232801b53b55f5ad9a87.jpg,gallery_images/a19056936bc31f6cee0f0503.jpg,"{""model_id"": null, ""negative_prompt"": null, ""gs"": null, ""steps"": null, ""scheduler_cls"": null, ""classification"": ""Arts""}","{""model_id"": null, ""negative_prompt"": null, ""gs"": null, ""steps"": null, ""scheduler_cls"": null, ""classification"": ""Arts""}",unverified,,,
35206,physiognomy,1,counterexample,imagereward:test:001227-0027,footage of an astronaut in a tropical beach,c5920b72d420fbbaeceb7fd54341770c516c79bf58d2d01191d15b911079b853,imagereward:images/test/test_2/408e016e-4e03-4fd4-b816-d66f2806bfa3.webp,imagereward:images/test/test_2/6bbd7128-30da-4978-89e5-b09b61e83e34.webp,0.20485837757587433,0.25387024879455566,-0.049011871218681335,gallery_images/110000c91013b6ce8f2f8872.jpg,gallery_images/dbbc66754cbc431eb55cfcc5.jpg,"{""model_id"": null, ""negative_prompt"": null, ""gs"": null, ""steps"": null, ""scheduler_cls"": null, ""classification"": ""People""}","{""model_id"": null, ""negative_prompt"": null, ""gs"": null, ""steps"": null, ""scheduler_cls"": null, ""classification"": ""People""}",unverified,,,
35206,physiognomy,1,random_audit,imagereward:test:001192-0041,a cat combined with a chinchilla,30b2f656c6818003200de918c665ee71d748f8f86fba340b30f41c088fc4ce4f,imagereward:images/test/test_2/fb40b165-b8fe-40d2-9081-f7a3cd472231.webp,imagereward:images/test/test_2/79367c9c-1cab-48d5-a678-499e56678e80.webp,0.31920933723449707,0.30678170919418335,0.01242762804031372,gallery_images/0dfc41f0633b554bc73bf0f6.jpg,gallery_images/f15dc433f37da5ebb54abf9d.jpg,"{""model_id"": null, ""negative_prompt"": null, ""gs"": null, ""steps"": null, ""scheduler_cls"": null, ""classification"": ""Arts""}","{""model_id"": null, ""negative_prompt"": null, ""gs"": null, ""steps"": null, ""scheduler_cls"": null, ""classification"": ""Arts""}",unverified,,,
35206,physiognomy,1,random_audit,imagereward:test:007713-0046,Boris Johnson and Eminen on a stage having an epic rap battle together,b0d04d7cbc27aada61a2a2c88184bd2d92ab094fb3d6dff2db24cef0f2bfee54,imagereward:images/test/test_1/047841df-97f9-4a15-b607-09277e3b1b95.webp,imagereward:images/test/test_1/9dc88b05-f911-4a4d-abdb-e0bd03c4d01b.webp,0.3138878643512726,0.2957085371017456,0.018179327249526978,gallery_images/2802ffe76385d498d3c98a7f.jpg,gallery_images/052da60eedfc881426be243b.jpg,"{""model_id"": null, ""negative_prompt"": null, ""gs"": null, ""steps"": null, ""scheduler_cls"": null, ""classification"": ""People""}","{""model_id"": null, ""negative_prompt"": null, ""gs"": null, ""steps"": null, ""scheduler_cls"": null, ""classification"": ""People""}",unverified,,,
42350,serious-looking,1,supportive,imagereward:test:001242-0093,photo of a guy playing a gameboy under the blanket in his bed at night ,f8ba5a2b702c53fb8fe74bd7512d4a35e39cd1e1049147c81b1cd9cbb7fde449,imagereward:images/test/test_2/0eb1d034-1cb8-4e8b-b757-9294827150f5.webp,imagereward:images/test/test_2/dd4650be-f68f-4941-9b0d-e12ecceb372e.webp,0.31600338220596313,0.23831608891487122,0.07768729329109192,gallery_images/a134820304029521c7347bed.jpg,gallery_images/8f7615d3a5eb6f22361f7ac1.jpg,"{""model_id"": null, ""negative_prompt"": null, ""gs"": null, ""steps"": null, ""scheduler_cls"": null, ""classification"": ""People""}","{""model_id"": null, ""negative_prompt"": null, ""gs"": null, ""steps"": null, ""scheduler_cls"": null, ""classification"": ""People""}",unverified,,,
42350,serious-looking,1,supportive,imagereward:test:009475-0037,film still from frightening horror movie. cinematic. 8 k. ,38a0610767e6cc9c0356505e23ba4222fbc8d42f195099e5e226c087606379a2,imagereward:images/test/test_1/39238b13-b2bd-4a56-aa46-f455331f6a86.webp,imagereward:images/test/test_1/788d0347-12d2-4c2e-aa96-71d83850342d.webp,0.29541778564453125,0.22944873571395874,0.06596904993057251,gallery_images/8b0a493e651fa52eb4bd58d3.jpg,gallery_images/1a1c426caddb68a4731a49cf.jpg,"{""model_id"": null, ""negative_prompt"": null, ""gs"": null, ""steps"": null, ""scheduler_cls"": null, ""classification"": ""Arts""}","{""model_id"": null, ""negative_prompt"": null, ""gs"": null, ""steps"": null, ""scheduler_cls"": null, ""classification"": ""Arts""}",unverified,,,
42350,serious-looking,1,counterexample,imagereward:test:007135-0056,"A majestic landscape featuring a river, mountains and a forest. A small group of birds is flying in the sky. Harsh winter. very windy. There is a man walking in a deep snow. Cinematic, very beautiful, painting in the style of Lord of the rings",c5121bccfd7086ca62bef90e3f4a7d3e3f8657f56388feb6a0816acbb883147d,imagereward:images/test/test_1/6bbafce5-d301-4396-80b0-0220f63c20da.webp,imagereward:images/test/test_1/f1fb4717-9714-4050-ad8f-f371ceaa4e37.webp,0.2543008625507355,0.2903892397880554,-0.036088377237319946,gallery_images/63e16a9ba2bb9335cc11da3e.jpg,gallery_images/c70fc17afc66de6b75e71361.jpg,"{""model_id"": null, ""negative_prompt"": null, ""gs"": null, ""steps"": null, ""scheduler_cls"": null, ""classification"": ""Outdoor Scenes""}","{""model_id"": null, ""negative_prompt"": null, ""gs"": null, ""steps"": null, ""scheduler_cls"": null, ""classification"": ""Outdoor Scenes""}",unverified,,,
42350,serious-looking,1,counterexample,imagereward:test:001382-0041,"highly detailed painting of uzumaki naruto fighting a looming demigod, dramatic, sense of scale, stephen bliss, unreal engine, greg rutkowski, ilya kuvshinov, ross draws, hyung tae and frank frazetta, tom bagshaw, tom whalen, nicoletta ceccoli, mark ryden, earl norem, global illumination, god rays, windswept ",a653b891199f3c9e8ed106e82da60ccd9e0fe408e74446342bf461100233b3bb,imagereward:images/test/test_2/2172b874-d6b9-494e-af44-605a1cf53b48.webp,imagereward:images/test/test_2/c29d2c2c-55e2-4eef-a9cd-d5553d46d788.webp,0.26535069942474365,0.29907187819480896,-0.03372117877006531,gallery_images/1e26232801b53b55f5ad9a87.jpg,gallery_images/a19056936bc31f6cee0f0503.jpg,"{""model_id"": null, ""negative_prompt"": null, ""gs"": null, ""steps"": null, ""scheduler_cls"": null, ""classification"": ""Arts""}","{""model_id"": null, ""negative_prompt"": null, ""gs"": null, ""steps"": null, ""scheduler_cls"": null, ""classification"": ""Arts""}",unverified,,,
42350,serious-looking,1,random_audit,imagereward:test:005875-0035,"Twin Peaks book cover movie poster artwork by Tomer Hanuka, Rendering a blue rose full of details, Michael Whelan, Patryk Hardziej,  Makoto Shinkai and thomas kinkade, by Gregory Crewdson, Matte painting, trending on artstation and unreal engine",4d5e18a664371e19f3183ed81684ee414b224abb1ebda57184d176335e595a3e,imagereward:images/test/test_1/b984af53-caf5-4937-8af1-a9989de5c8da.webp,imagereward:images/test/test_1/44534481-3c0d-4fca-ac84-f4dba2c464d5.webp,0.3087480962276459,0.3114742636680603,-0.0027261674404144287,gallery_images/711d3173e81e246240d1797d.jpg,gallery_images/fc702b15c2e8ec3c5084cd30.jpg,"{""model_id"": null, ""negative_prompt"": null, ""gs"": null, ""steps"": null, ""scheduler_cls"": null, ""classification"": ""Arts""}","{""model_id"": null, ""negative_prompt"": null, ""gs"": null, ""steps"": null, ""scheduler_cls"": null, ""classification"": ""Arts""}",unverified,,,
42350,serious-looking,1,random_audit,imagereward:test:010264-0028,"a realistic detailed cinematic painting of a beautiful clear glass vibrant consciousness of human evolution, strange miraculous entity reflecting light prism, spiritual enlightenment, manifestation, peace, reincarnation, memories of past lives, triumph, beauty, perfection, opal statues adorned in jewels, by david a. hardy, kinkade, lisa frank, wpa, public works mural, socialist ",1550579cbf3a97ece6f276255c6670470e7256cdddaebab43c247817f10a00b1,imagereward:images/test/test_2/3f8b9b50-f4c7-4b33-8436-1618f8730e94.webp,imagereward:images/test/test_2/f0e3b083-c78d-4ad0-a76e-0bd29e131cdf.webp,0.2995390295982361,0.2842473089694977,0.015291720628738403,gallery_images/5b52ca7d36aecabfc551e338.jpg,gallery_images/1b8c6b3a787090bdffc9012f.jpg,"{""model_id"": null, ""negative_prompt"": null, ""gs"": null, ""steps"": null, ""scheduler_cls"": null, ""classification"": ""Arts""}","{""model_id"": null, ""negative_prompt"": null, ""gs"": null, ""steps"": null, ""scheduler_cls"": null, ""classification"": ""Arts""}",unverified,,,
45274,staring,1,supportive,imagereward:test:009475-0037,film still from frightening horror movie. cinematic. 8 k. ,38a0610767e6cc9c0356505e23ba4222fbc8d42f195099e5e226c087606379a2,imagereward:images/test/test_1/39238b13-b2bd-4a56-aa46-f455331f6a86.webp,imagereward:images/test/test_1/788d0347-12d2-4c2e-aa96-71d83850342d.webp,0.31537747383117676,0.22812420129776,0.08725327253341675,gallery_images/8b0a493e651fa52eb4bd58d3.jpg,gallery_images/1a1c426caddb68a4731a49cf.jpg,"{""model_id"": null, ""negative_prompt"": null, ""gs"": null, ""steps"": null, ""scheduler_cls"": null, ""classification"": ""Arts""}","{""model_id"": null, ""negative_prompt"": null, ""gs"": null, ""steps"": null, ""scheduler_cls"": null, ""classification"": ""Arts""}",unverified,,,
45274,staring,1,supportive,imagereward:test:008275-0162,"bioluminescent crystal ball abstract sculpture, neon, fluorescent, magenta hyper detailed, red & purple beauteous biomechanical organic lightpainting, 8 k scenery, perfect lighting balance, ",c5c9324fe686aa7c94a4e209e8c979b72d69085c2a3c33f77c567493db471506,imagereward:images/test/test_1/c91662d9-87c6-428f-bf86-ab84a67e1b8a.webp,imagereward:images/test/test_1/35333673-8d72-4303-8a03-93ad2f8aff18.webp,0.2756466269493103,0.22346800565719604,0.05217862129211426,gallery_images/e1c75092bf2f460e548cb372.jpg,gallery_images/89181cc55f988a356169869b.jpg,"{""model_id"": null, ""negative_prompt"": null, ""gs"": null, ""steps"": null, ""scheduler_cls"": null, ""classification"": ""Arts""}","{""model_id"": null, ""negative_prompt"": null, ""gs"": null, ""steps"": null, ""scheduler_cls"": null, ""classification"": ""Arts""}",unverified,,,
45274,staring,1,counterexample,imagereward:test:001383-0079,"a half - masked rugged laboratory engineer man with cybernetic enhancements as seen from a distance, scifi character portrait by greg rutkowski, esuthio, craig mullins, 1 / 4 headshot, cinematic lighting, dystopian scifi gear, gloomy, profile picture, mechanical, half robot, implants, dieselpunk ",cc38ca0a6b2822cffd5316d1419eadfc45299c84a251d33f4718e87812642263,imagereward:images/test/test_2/2cccb2fc-f4da-41cb-97be-29fb61a58d7f.webp,imagereward:images/test/test_2/9c125e5f-1512-4ce6-bf27-af8d1c810a58.webp,0.2440807968378067,0.3028697371482849,-0.05878894031047821,gallery_images/5d65385d6c3a0a8bdf41aac4.jpg,gallery_images/a176490ba1aa700ccb07b418.jpg,"{""model_id"": null, ""negative_prompt"": null, ""gs"": null, ""steps"": null, ""scheduler_cls"": null, ""classification"": ""People""}","{""model_id"": null, ""negative_prompt"": null, ""gs"": null, ""steps"": null, ""scheduler_cls"": null, ""classification"": ""People""}",unverified,,,
45274,staring,1,counterexample,imagereward:test:001382-0041,"highly detailed painting of uzumaki naruto fighting a looming demigod, dramatic, sense of scale, stephen bliss, unreal engine, greg rutkowski, ilya kuvshinov, ross draws, hyung tae and frank frazetta, tom bagshaw, tom whalen, nicoletta ceccoli, mark ryden, earl norem, global illumination, god rays, windswept ",a653b891199f3c9e8ed106e82da60ccd9e0fe408e74446342bf461100233b3bb,imagereward:images/test/test_2/75a8d0cf-dca7-4f29-bac1-a3819693d0a7.webp,imagereward:images/test/test_2/c29d2c2c-55e2-4eef-a9cd-d5553d46d788.webp,0.24439087510108948,0.2852310538291931,-0.04084017872810364,gallery_images/5b2a17348d44c841f655946f.jpg,gallery_images/a19056936bc31f6cee0f0503.jpg,"{""model_id"": null, ""negative_prompt"": null, ""gs"": null, ""steps"": null, ""scheduler_cls"": null, ""classification"": ""Arts""}","{""model_id"": null, ""negative_prompt"": null, ""gs"": null, ""steps"": null, ""scheduler_cls"": null, ""classification"": ""Arts""}",unverified,,,
45274,staring,1,random_audit,imagereward:test:007759-0110,"photoreal portrait very intricate! synthwave dj wearing a black hoody, white glossy class - a surfaces, glittering light leaks, electromagnetic waves, blue glowing aggressive led eyes, zbrush, greeble skin, octane render, colani design, cyberpunk, dystopia tokyo ",263707270785a19ef1b9db60c919f13445f1eccdfe7b98ea64072c0649b08420,imagereward:images/test/test_1/83b28b0b-88c0-423e-8baa-37c9bcb44e27.webp,imagereward:images/test/test_1/cb5adaa2-b29f-46f5-90a3-da06ecc6b912.webp,0.27911433577537537,0.2992647886276245,-0.020150452852249146,gallery_images/0f5e2895fd23101b68373c47.jpg,gallery_images/412c793c9964f86b981c65aa.jpg,"{""model_id"": null, ""negative_prompt"": null, ""gs"": null, ""steps"": null, ""scheduler_cls"": null, ""classification"": ""People""}","{""model_id"": null, ""negative_prompt"": null, ""gs"": null, ""steps"": null, ""scheduler_cls"": null, ""classification"": ""People""}",unverified,,,
45274,staring,1,random_audit,imagereward:test:001227-0027,footage of an astronaut in a tropical beach,c5920b72d420fbbaeceb7fd54341770c516c79bf58d2d01191d15b911079b853,imagereward:images/test/test_2/408e016e-4e03-4fd4-b816-d66f2806bfa3.webp,imagereward:images/test/test_2/6bbd7128-30da-4978-89e5-b09b61e83e34.webp,0.2464032769203186,0.2588622272014618,-0.012458950281143188,gallery_images/110000c91013b6ce8f2f8872.jpg,gallery_images/dbbc66754cbc431eb55cfcc5.jpg,"{""model_id"": null, ""negative_prompt"": null, ""gs"": null, ""steps"": null, ""scheduler_cls"": null, ""classification"": ""People""}","{""model_id"": null, ""negative_prompt"": null, ""gs"": null, ""steps"": null, ""scheduler_cls"": null, ""classification"": ""People""}",unverified,,,
47258,tarmac,-1,supportive,imagereward:test:010918-0030,the pope in saving private james ryan ,9ed63beff86d5e18e4048901428ee78733de38893029c7c73093da1301c7baa5,imagereward:images/test/test_2/cbc83c67-d5cb-4872-95c7-f46ca0cdcd6c.webp,imagereward:images/test/test_2/24fb28c3-f778-4116-8ffb-f41230beb451.webp,0.23788321018218994,0.32222723960876465,-0.08434402942657471,gallery_images/d664aa5be8f6b3d7166b32c7.jpg,gallery_images/df55fdf1e4ded79867ad1671.jpg,"{""model_id"": null, ""negative_prompt"": null, ""gs"": null, ""steps"": null, ""scheduler_cls"": null, ""classification"": ""People""}","{""model_id"": null, ""negative_prompt"": null, ""gs"": null, ""steps"": null, ""scheduler_cls"": null, ""classification"": ""People""}",unverified,,,
47258,tarmac,-1,supportive,imagereward:test:007019-0095,"astronaut drifting afloat in space, in the darkness away from anyone else, alone, digital render, detailed illustration, black background dotted with stars, concept art, realistic, 8 k ",1cc69dd90585fe53b316368e8bec20b67a8c2abe627e4c2c13fb492b5775f876,imagereward:images/test/test_1/0efeea25-24dc-4146-a8c6-94fe27d82bf9.webp,imagereward:images/test/test_1/6e5e7414-718a-4392-b52c-2d932c488087.webp,0.2371206283569336,0.314325213432312,-0.07720458507537842,gallery_images/ffe851e1110ecaa58cd2bed9.jpg,gallery_images/135e55bf511209cf3e0b0055.jpg,"{""model_id"": null, ""negative_prompt"": null, ""gs"": null, ""steps"": null, ""scheduler_cls"": null, ""classification"": ""People""}","{""model_id"": null, ""negative_prompt"": null, ""gs"": null, ""steps"": null, ""scheduler_cls"": null, ""classification"": ""People""}",unverified,,,
47258,tarmac,-1,counterexample,imagereward:test:001151-0006,if woody and buzz from toy story had a kid pixar animation hd ,4ccbad501cbfb5dfe1c19daa4e7636a31e7ca8afdafd02312ce7531d13cf9fb2,imagereward:images/test/test_2/774539e6-7354-4d1d-9c26-b97d16d8a9aa.webp,imagereward:images/test/test_2/3af70a8b-1bdf-4766-92fb-49964b083f70.webp,0.3446202278137207,0.26540839672088623,0.07921183109283447,gallery_images/0530f80d65049fa0549ad09d.jpg,gallery_images/bf173e7cc934b446fe12b350.jpg,"{""model_id"": null, ""negative_prompt"": null, ""gs"": null, ""steps"": null, ""scheduler_cls"": null, ""classification"": ""Arts""}","{""model_id"": null, ""negative_prompt"": null, ""gs"": null, ""steps"": null, ""scheduler_cls"": null, ""classification"": ""Arts""}",unverified,,,
47258,tarmac,-1,counterexample,imagereward:test:010921-0064,"a bright fantasy city built between cliffs, sleek glass buildings, elegant bridges between stalactites, illustration, raining, dark and moody lighting, at night, digital art, oil painting, cold blue tones, fantasy, 8 k, trending on artstation, detailed ",665c1a33f8f1af344f90fa208a200d26840e5d698cb7054b07fa9ce4364938a1,imagereward:images/test/test_2/2a99d448-fa70-4bf2-bfd0-a6c30191a849.webp,imagereward:images/test/test_2/5bf2c29b-2bca-43d0-acae-95349b0fc3fb.webp,0.27354347705841064,0.21218305826187134,0.06136041879653931,gallery_images/ffa92187f93bb9140d50d08b.jpg,gallery_images/038b27ec77946b917cde1395.jpg,"{""model_id"": null, ""negative_prompt"": null, ""gs"": null, ""steps"": null, ""scheduler_cls"": null, ""classification"": ""Outdoor Scenes""}","{""model_id"": null, ""negative_prompt"": null, ""gs"": null, ""steps"": null, ""scheduler_cls"": null, ""classification"": ""Outdoor Scenes""}",unverified,,,
47258,tarmac,-1,random_audit,imagereward:test:008772-0049, promotional vogue studio portrait photo of Alanis Morissette  ,7ecbda88bff98754b9e4aff46de0002c19a6c176848cc1714105fa7c6a6d7f02,imagereward:images/test/test_1/20838822-5acd-4735-bb7d-5f59a79ca5ff.webp,imagereward:images/test/test_1/e99dfb90-66f7-451e-bd52-daad740efb9c.webp,0.22216586768627167,0.21208719909191132,0.010078668594360352,gallery_images/1854aae8ada040197398f216.jpg,gallery_images/ecfa8256ac636f331575b44e.jpg,"{""model_id"": null, ""negative_prompt"": null, ""gs"": null, ""steps"": null, ""scheduler_cls"": null, ""classification"": ""People""}","{""model_id"": null, ""negative_prompt"": null, ""gs"": null, ""steps"": null, ""scheduler_cls"": null, ""classification"": ""People""}",unverified,,,
47258,tarmac,-1,random_audit,imagereward:test:001376-0050,"handsome gaunt man with receding hair, in a smoking jacket, holding a pipe, warm colors, hard angles, painting by gaston bussiere, craig mullins, j. c. leyendecker ",da4b44e08ada9a8256a634d07dec9f9e011754978fa3dc8fc9ff8cfdb99ec00a,imagereward:images/test/test_2/e9bae89f-d8ca-4c5c-a58b-7fbd7fbc7389.webp,imagereward:images/test/test_2/d6b15f29-f53f-49a4-be73-51f124204c72.webp,0.2279289811849594,0.23331807553768158,-0.005389094352722168,gallery_images/3ef8bbf8913ddfef013bdd3b.jpg,gallery_images/494a6cca91ee88996925eb49.jpg,"{""model_id"": null, ""negative_prompt"": null, ""gs"": null, ""steps"": null, ""scheduler_cls"": null, ""classification"": ""People""}","{""model_id"": null, ""negative_prompt"": null, ""gs"": null, ""steps"": null, ""scheduler_cls"": null, ""classification"": ""People""}",unverified,,,
42813,shoe,-1,supportive,imagereward:test:007133-0110,"3D render of a cute tribal anime boy in a loincloth, fantasy artwork, fluffy hair, mid-shot, award winning, ray tracing, hyper detailed, very very very beautiful, studio lighting, artstation, unreal engine, unreal 5, 4k, octane renderer",781e18ca23d43f1e12187a74595585b6c00f57c3adacc9e8e960d0bb807c815c,imagereward:images/test/test_1/714dd2d4-7802-40e1-9696-c2a8f227b3a3.webp,imagereward:images/test/test_1/9c1c1a65-eb5c-40e8-a99b-0d58916b7e3a.webp,0.19297432899475098,0.3192107379436493,-0.12623640894889832,gallery_images/01ca6cf1edd60726077e64f7.jpg,gallery_images/797ee0fa21b41ea1300c78dd.jpg,"{""model_id"": null, ""negative_prompt"": null, ""gs"": null, ""steps"": null, ""scheduler_cls"": null, ""classification"": ""People""}","{""model_id"": null, ""negative_prompt"": null, ""gs"": null, ""steps"": null, ""scheduler_cls"": null, ""classification"": ""People""}",unverified,,,
42813,shoe,-1,supportive,imagereward:test:010953-0086,the great grandchildren of superheroes ,598384291728e815b8913701e455e48cc77acf314a95429e378f6544c6ff8ce2,imagereward:images/test/test_2/f4e0b027-a5ee-42bc-9bc6-c20d0520635f.webp,imagereward:images/test/test_2/35a82663-42b4-436b-8997-261b7a5f81b9.webp,0.20796126127243042,0.3161649703979492,-0.1082037091255188,gallery_images/8bff10cf0cd54ebc8325e3e8.jpg,gallery_images/fa86acd75956e9fd835e6b75.jpg,"{""model_id"": null, ""negative_prompt"": null, ""gs"": null, ""steps"": null, ""scheduler_cls"": null, ""classification"": ""People""}","{""model_id"": null, ""negative_prompt"": null, ""gs"": null, ""steps"": null, ""scheduler_cls"": null, ""classification"": ""People""}",unverified,,,
42813,shoe,-1,counterexample,imagereward:test:007209-0011,"photo by josh pierce and prateek vatash and roman bratschi, a giant huge beautiful mid - century modern revival mansion palace with green plants and giant reflective windows on a huge scenic cliff overlooking the ocean, 4 d, 4 k, ray tracing reflections, volumetric lighting and shadows, haze, light beams ",3ddd5b7dbc25442c4e707b4209fcae8358ec03c2a3883a9f4d2bc8864164a900,imagereward:images/test/test_1/fbe6d230-deae-4424-b758-8adabd1abfaf.webp,imagereward:images/test/test_1/d95360f4-a623-4659-9e6a-b3398708bf34.webp,0.26472410559654236,0.1508905440568924,0.11383356153964996,gallery_images/b6f4dc5cc32034e3bf351937.jpg,gallery_images/9ef1cb55af327146795e0a05.jpg,"{""model_id"": null, ""negative_prompt"": null, ""gs"": null, ""steps"": null, ""scheduler_cls"": null, ""classification"": ""Outdoor Scenes""}","{""model_id"": null, ""negative_prompt"": null, ""gs"": null, ""steps"": null, ""scheduler_cls"": null, ""classification"": ""Outdoor Scenes""}",unverified,,,
42813,shoe,-1,counterexample,imagereward:test:001227-0027,footage of an astronaut in a tropical beach,c5920b72d420fbbaeceb7fd54341770c516c79bf58d2d01191d15b911079b853,imagereward:images/test/test_2/408e016e-4e03-4fd4-b816-d66f2806bfa3.webp,imagereward:images/test/test_2/6bbd7128-30da-4978-89e5-b09b61e83e34.webp,0.29956644773483276,0.20737463235855103,0.09219181537628174,gallery_images/110000c91013b6ce8f2f8872.jpg,gallery_images/dbbc66754cbc431eb55cfcc5.jpg,"{""model_id"": null, ""negative_prompt"": null, ""gs"": null, ""steps"": null, ""scheduler_cls"": null, ""classification"": ""People""}","{""model_id"": null, ""negative_prompt"": null, ""gs"": null, ""steps"": null, ""scheduler_cls"": null, ""classification"": ""People""}",unverified,,,
42813,shoe,-1,random_audit,imagereward:test:008151-0078,"raytraced render and digital painting of the inconceivable and spectacular a scene of complete madness, by greg rutkowski and michelangelo buonarroti and kinkade, cosmic entities, celestial, cosmic, luxury, elegant, ornate, vibrant and vivid, smooth, soft billowing smoke, darkness, bright, heavenly, elegant, swirls, cosmic flower, nebula vines, nebula tree, twirling, billowing, cinematic, unrealistic, high contrast, hdr, 4 k, artstation, cgsociety, unreal engine, symobolism, magical, mystical, mystifying, obscure, perplexing, zbrush, octane, hyperrealistic, bokeh, dof ",135ca71c388464401fc136707c96fc9dfcc231d8a1ecdbf53bb10315ae68b417,imagereward:images/test/test_1/17211f8e-b31f-4b05-9b29-3349b35b1901.webp,imagereward:images/test/test_1/a170e2a2-1a36-418a-b2d7-e1f4ae19b67f.webp,0.17108820378780365,0.16947872936725616,0.0016094744205474854,gallery_images/0d12f34e07106617b2f6512b.jpg,gallery_images/4483b1e4f0a43bbb4d57e2fc.jpg,"{""model_id"": null, ""negative_prompt"": null, ""gs"": null, ""steps"": null, ""scheduler_cls"": null, ""classification"": ""Arts""}","{""model_id"": null, ""negative_prompt"": null, ""gs"": null, ""steps"": null, ""scheduler_cls"": null, ""classification"": ""Arts""}",unverified,,,
42813,shoe,-1,random_audit,imagereward:test:010856-0009,funny peanut butter ,b18ea9950d494d375d0c180c19fd090da6228f69d114cdf9665f8628abd7a871,imagereward:images/test/test_2/d7efc9ab-5b83-4dfb-9f37-e5c3494a9c6a.webp,imagereward:images/test/test_2/8b7d05e4-9a3b-4c73-b087-104251033467.webp,0.20595456659793854,0.24925017356872559,-0.04329560697078705,gallery_images/7ffe2a14962798eca3100109.jpg,gallery_images/3dc52bcc5f9d782b00729f67.jpg,"{""model_id"": null, ""negative_prompt"": null, ""gs"": null, ""steps"": null, ""scheduler_cls"": null, ""classification"": ""Food""}","{""model_id"": null, ""negative_prompt"": null, ""gs"": null, ""steps"": null, ""scheduler_cls"": null, ""classification"": ""Food""}",unverified,,,
2822,ankle-deep,-1,supportive,imagereward:test:007135-0060,"!13 hungry cannibals making a rich salad around a marble table, !positioned as last supper cinematic lighting, dramatic framing, highly detalied, 4k, artstation, by Rene Lalique and Wayne Barlowe",396fd658a5abefd3f74d20e36a01f53548cd0e2de74e0f9ae49985eace0e78e4,imagereward:images/test/test_1/454c61ab-edc2-43d5-9f62-4039eac6b4a2.webp,imagereward:images/test/test_1/9abb80ef-f952-49a6-bd3d-fd1bc58af1e7.webp,0.1746710240840912,0.3003685474395752,-0.125697523355484,gallery_images/31927fb42ff5c988369361bd.jpg,gallery_images/e4ed8eb7e1f27f3fbcc2bdf8.jpg,"{""model_id"": null, ""negative_prompt"": null, ""gs"": null, ""steps"": null, ""scheduler_cls"": null, ""classification"": ""People""}","{""model_id"": null, ""negative_prompt"": null, ""gs"": null, ""steps"": null, ""scheduler_cls"": null, ""classification"": ""People""}",unverified,,,
2822,ankle-deep,-1,supportive,imagereward:test:009500-0056,"beautiful human witch with blonde short curtly hair in intricate ornate witch robe, haughty evil look, witch hat. in style of yoji shinkawa and hyung - tae kim, trending on artstation, dark fantasy, great composition, concept art, highly detailed, dynamic pose. ",f925a691bb620a9bac06dd31c86df8afd61b6b0c630e5480ff7e6fe00d0552cb,imagereward:images/test/test_1/fe6a518f-c1dc-47cd-a623-ad02c9fe8dcf.webp,imagereward:images/test/test_1/750fed9f-480a-4147-b743-de9ed0290c27.webp,0.23708584904670715,0.33090728521347046,-0.0938214361667633,gallery_images/c5c351049714f6c356570c51.jpg,gallery_images/44c9d5b07cbcb4afeeb35dff.jpg,"{""model_id"": null, ""negative_prompt"": null, ""gs"": null, ""steps"": null, ""scheduler_cls"": null, ""classification"": ""People""}","{""model_id"": null, ""negative_prompt"": null, ""gs"": null, ""steps"": null, ""scheduler_cls"": null, ""classification"": ""People""}",unverified,,,
2822,ankle-deep,-1,counterexample,imagereward:test:008151-0078,"raytraced render and digital painting of the inconceivable and spectacular a scene of complete madness, by greg rutkowski and michelangelo buonarroti and kinkade, cosmic entities, celestial, cosmic, luxury, elegant, ornate, vibrant and vivid, smooth, soft billowing smoke, darkness, bright, heavenly, elegant, swirls, cosmic flower, nebula vines, nebula tree, twirling, billowing, cinematic, unrealistic, high contrast, hdr, 4 k, artstation, cgsociety, unreal engine, symobolism, magical, mystical, mystifying, obscure, perplexing, zbrush, octane, hyperrealistic, bokeh, dof ",135ca71c388464401fc136707c96fc9dfcc231d8a1ecdbf53bb10315ae68b417,imagereward:images/test/test_1/a8c77be7-9af8-41fe-bd46-6a3ab2935376.webp,imagereward:images/test/test_1/97a1d50a-e446-4d0a-8c38-d0b4a4e93292.webp,0.295056015253067,0.22028639912605286,0.07476961612701416,gallery_images/e5f6f32f207c5a428063a904.jpg,gallery_images/5771a73270a8a0ab2f24118a.jpg,"{""model_id"": null, ""negative_prompt"": null, ""gs"": null, ""steps"": null, ""scheduler_cls"": null, ""classification"": ""Arts""}","{""model_id"": null, ""negative_prompt"": null, ""gs"": null, ""steps"": null, ""scheduler_cls"": null, ""classification"": ""Arts""}",unverified,,,
2822,ankle-deep,-1,counterexample,imagereward:test:007233-0075,"of an intricate murky seabed with strange cute friendly marine creatures with huge eyes, long tongue, round teeth and funny face appearing from the water, in the style of craola, macro lens, shallow depth of field, highly detailed, digital painting, trending artstation, concept art, illustration, cinematic lighting, vibrant colors, photorealism, epic, octane render ",9f9d77f1dc635373254fcddb15a19d969766fc7f399502488b688c0af5fad11b,imagereward:images/test/test_1/11997446-4b58-4fa2-8188-2d5b9d4fee61.webp,imagereward:images/test/test_1/65ced2ab-af90-4508-a25a-13a336e24a64.webp,0.26891303062438965,0.21762201189994812,0.05129101872444153,gallery_images/d38fef1ff91ed93993b555eb.jpg,gallery_images/b14d143e6b7183bc00099eb1.jpg,"{""model_id"": null, ""negative_prompt"": null, ""gs"": null, ""steps"": null, ""scheduler_cls"": null, ""classification"": ""Outdoor Scenes""}","{""model_id"": null, ""negative_prompt"": null, ""gs"": null, ""steps"": null, ""scheduler_cls"": null, ""classification"": ""Outdoor Scenes""}",unverified,,,
2822,ankle-deep,-1,random_audit,imagereward:test:009614-0104,"guy fieri is very fit, makin peppermint ham patties with bacon in his kitchen ",962f693f2551a5a0c0dc54dfcbc07789c8fad536712928351e57d748512ea843,imagereward:images/test/test_2/a91fef22-ad7b-4710-8eb5-9c2b583b0961.webp,imagereward:images/test/test_2/2680f239-42c9-45bf-81f5-6f83ddb801a4.webp,0.22465133666992188,0.2373189926147461,-0.012667655944824219,gallery_images/b337fb4b5051319898fec3f8.jpg,gallery_images/428a200390fd1ad2eeb0334a.jpg,"{""model_id"": null, ""negative_prompt"": null, ""gs"": null, ""steps"": null, ""scheduler_cls"": null, ""classification"": ""People""}","{""model_id"": null, ""negative_prompt"": null, ""gs"": null, ""steps"": null, ""scheduler_cls"": null, ""classification"": ""People""}",unverified,,,
2822,ankle-deep,-1,random_audit,imagereward:test:007367-0101,"retro scifi spaceport with a spaceship about to take off, concept art, hyper detailed, ultra realistic, octane, artstation trending, unreal engine, dramatic lighting, reflections",bbc5181d0f1aa87c0bc57fb7825263ef0db706f351c945714fe2d53fcd0445ff,imagereward:images/test/test_1/115524b7-2279-4a0e-85da-f4f79aa97168.webp,imagereward:images/test/test_1/7e4ea7c2-b6e0-41d7-9493-9b57fcbda2a9.webp,0.23796617984771729,0.2332969307899475,0.004669249057769775,gallery_images/8663d65e1bc1f0dba6e58afa.jpg,gallery_images/7e7d9d403ce5f5725d6112fc.jpg,"{""model_id"": null, ""negative_prompt"": null, ""gs"": null, ""steps"": null, ""scheduler_cls"": null, ""classification"": ""Arts""}","{""model_id"": null, ""negative_prompt"": null, ""gs"": null, ""steps"": null, ""scheduler_cls"": null, ""classification"": ""Arts""}",unverified,,,
18543,footprint,-1,supportive,imagereward:test:007713-0046,Boris Johnson and Eminen on a stage having an epic rap battle together,b0d04d7cbc27aada61a2a2c88184bd2d92ab094fb3d6dff2db24cef0f2bfee54,imagereward:images/test/test_1/047841df-97f9-4a15-b607-09277e3b1b95.webp,imagereward:images/test/test_1/9dc88b05-f911-4a4d-abdb-e0bd03c4d01b.webp,0.19252517819404602,0.2876538634300232,-0.09512868523597717,gallery_images/2802ffe76385d498d3c98a7f.jpg,gallery_images/052da60eedfc881426be243b.jpg,"{""model_id"": null, ""negative_prompt"": null, ""gs"": null, ""steps"": null, ""scheduler_cls"": null, ""classification"": ""People""}","{""model_id"": null, ""negative_prompt"": null, ""gs"": null, ""steps"": null, ""scheduler_cls"": null, ""classification"": ""People""}",unverified,,,
18543,footprint,-1,supportive,imagereward:test:007135-0060,"!13 hungry cannibals making a rich salad around a marble table, !positioned as last supper cinematic lighting, dramatic framing, highly detalied, 4k, artstation, by Rene Lalique and Wayne Barlowe",396fd658a5abefd3f74d20e36a01f53548cd0e2de74e0f9ae49985eace0e78e4,imagereward:images/test/test_1/454c61ab-edc2-43d5-9f62-4039eac6b4a2.webp,imagereward:images/test/test_1/9abb80ef-f952-49a6-bd3d-fd1bc58af1e7.webp,0.19724401831626892,0.27669692039489746,-0.07945290207862854,gallery_images/31927fb42ff5c988369361bd.jpg,gallery_images/e4ed8eb7e1f27f3fbcc2bdf8.jpg,"{""model_id"": null, ""negative_prompt"": null, ""gs"": null, ""steps"": null, ""scheduler_cls"": null, ""classification"": ""People""}","{""model_id"": null, ""negative_prompt"": null, ""gs"": null, ""steps"": null, ""scheduler_cls"": null, ""classification"": ""People""}",unverified,,,
18543,footprint,-1,counterexample,imagereward:test:001382-0041,"highly detailed painting of uzumaki naruto fighting a looming demigod, dramatic, sense of scale, stephen bliss, unreal engine, greg rutkowski, ilya kuvshinov, ross draws, hyung tae and frank frazetta, tom bagshaw, tom whalen, nicoletta ceccoli, mark ryden, earl norem, global illumination, god rays, windswept ",a653b891199f3c9e8ed106e82da60ccd9e0fe408e74446342bf461100233b3bb,imagereward:images/test/test_2/75a8d0cf-dca7-4f29-bac1-a3819693d0a7.webp,imagereward:images/test/test_2/c29d2c2c-55e2-4eef-a9cd-d5553d46d788.webp,0.3265875279903412,0.2627028226852417,0.06388470530509949,gallery_images/5b2a17348d44c841f655946f.jpg,gallery_images/a19056936bc31f6cee0f0503.jpg,"{""model_id"": null, ""negative_prompt"": null, ""gs"": null, ""steps"": null, ""scheduler_cls"": null, ""classification"": ""Arts""}","{""model_id"": null, ""negative_prompt"": null, ""gs"": null, ""steps"": null, ""scheduler_cls"": null, ""classification"": ""Arts""}",unverified,,,
18543,footprint,-1,counterexample,imagereward:test:007223-0095,"movie still of a man and a robot in a moment of horror, movie still, cinematic composition, cinematic light, by edgar wright and david lynch ",7b1a3a2d747f29cf98ce5df43b3c627d9e7e7b46abc06de1cee720cd6536b561,imagereward:images/test/test_1/6514baaf-3172-4249-9d83-242b2ba9ba98.webp,imagereward:images/test/test_1/f5d1e69a-5677-4493-a3ce-44627fc0fad1.webp,0.314397394657135,0.2620849013328552,0.052312493324279785,gallery_images/a95c332022d07da836ab19e1.jpg,gallery_images/e86a8b95af3e3d02e8a13e1d.jpg,"{""model_id"": null, ""negative_prompt"": null, ""gs"": null, ""steps"": null, ""scheduler_cls"": null, ""classification"": ""Arts""}","{""model_id"": null, ""negative_prompt"": null, ""gs"": null, ""steps"": null, ""scheduler_cls"": null, ""classification"": ""Arts""}",unverified,,,
18543,footprint,-1,random_audit,imagereward:test:007066-0058,"photograph of a ten year old girl by annie leibovitz, red hair, freckles, toothless ",e0635f554f1dd6d9c49d081f56f6a6ce251e5ffdf5c28583ccd2ad7e47e4ba73,imagereward:images/test/test_1/e871c73b-fcc9-4a8b-8ca7-88b499d20e98.webp,imagereward:images/test/test_1/497de303-a067-4a4a-9bc7-a15b0eecacf9.webp,0.24434682726860046,0.24283474683761597,0.001512080430984497,gallery_images/058d2578f0d8a588476f72f0.jpg,gallery_images/8b036bbc7d54c254e098bd38.jpg,"{""model_id"": null, ""negative_prompt"": null, ""gs"": null, ""steps"": null, ""scheduler_cls"": null, ""classification"": ""People""}","{""model_id"": null, ""negative_prompt"": null, ""gs"": null, ""steps"": null, ""scheduler_cls"": null, ""classification"": ""People""}",unverified,,,
18543,footprint,-1,random_audit,imagereward:test:007170-0061,"huge hulking creature, muscular and terrifying, unsettling, creepy, epic hairy monster terrifying covered in dark fur and matted mud with glowing green eyes, concept art, digital character art, artstation, cgsociety",7a08ca2db5c0164ee28df5afab9f631f83a762655cc18d9db9f8ca0bc824cc28,imagereward:images/test/test_1/cb45a8be-d378-4339-8f4c-e8dff69d0e3d.webp,imagereward:images/test/test_1/27d2b378-b24c-4305-908d-d097b47f99ab.webp,0.2906210422515869,0.3002351224422455,-0.00961408019065857,gallery_images/0d07c543e40475ae9647a8eb.jpg,gallery_images/c39704c617bf88d18dc0b71f.jpg,"{""model_id"": null, ""negative_prompt"": null, ""gs"": null, ""steps"": null, ""scheduler_cls"": null, ""classification"": ""Arts""}","{""model_id"": null, ""negative_prompt"": null, ""gs"": null, ""steps"": null, ""scheduler_cls"": null, ""classification"": ""Arts""}",unverified,,,
21422,hand-shaped,-1,supportive,imagereward:test:007367-0101,"retro scifi spaceport with a spaceship about to take off, concept art, hyper detailed, ultra realistic, octane, artstation trending, unreal engine, dramatic lighting, reflections",bbc5181d0f1aa87c0bc57fb7825263ef0db706f351c945714fe2d53fcd0445ff,imagereward:images/test/test_1/39b0f4e1-8737-4168-9d56-98a7fca26475.webp,imagereward:images/test/test_1/7e4ea7c2-b6e0-41d7-9493-9b57fcbda2a9.webp,0.2018098384141922,0.32114243507385254,-0.11933259665966034,gallery_images/a0605172e971f23a60564aa1.jpg,gallery_images/7e7d9d403ce5f5725d6112fc.jpg,"{""model_id"": null, ""negative_prompt"": null, ""gs"": null, ""steps"": null, ""scheduler_cls"": null, ""classification"": ""Arts""}","{""model_id"": null, ""negative_prompt"": null, ""gs"": null, ""steps"": null, ""scheduler_cls"": null, ""classification"": ""Arts""}",unverified,,,
21422,hand-shaped,-1,supportive,imagereward:test:007066-0058,"photograph of a ten year old girl by annie leibovitz, red hair, freckles, toothless ",e0635f554f1dd6d9c49d081f56f6a6ce251e5ffdf5c28583ccd2ad7e47e4ba73,imagereward:images/test/test_1/8bfb975a-86ca-4279-aad9-d52288b2a2ef.webp,imagereward:images/test/test_1/497de303-a067-4a4a-9bc7-a15b0eecacf9.webp,0.20859521627426147,0.302534818649292,-0.09393960237503052,gallery_images/80decefea2e76b786d013206.jpg,gallery_images/8b036bbc7d54c254e098bd38.jpg,"{""model_id"": null, ""negative_prompt"": null, ""gs"": null, ""steps"": null, ""scheduler_cls"": null, ""classification"": ""People""}","{""model_id"": null, ""negative_prompt"": null, ""gs"": null, ""steps"": null, ""scheduler_cls"": null, ""classification"": ""People""}",unverified,,,
21422,hand-shaped,-1,counterexample,imagereward:test:008772-0049, promotional vogue studio portrait photo of Alanis Morissette  ,7ecbda88bff98754b9e4aff46de0002c19a6c176848cc1714105fa7c6a6d7f02,imagereward:images/test/test_1/20838822-5acd-4735-bb7d-5f59a79ca5ff.webp,imagereward:images/test/test_1/e99dfb90-66f7-451e-bd52-daad740efb9c.webp,0.2870599627494812,0.1974504441022873,0.08960951864719391,gallery_images/1854aae8ada040197398f216.jpg,gallery_images/ecfa8256ac636f331575b44e.jpg,"{""model_id"": null, ""negative_prompt"": null, ""gs"": null, ""steps"": null, ""scheduler_cls"": null, ""classification"": ""People""}","{""model_id"": null, ""negative_prompt"": null, ""gs"": null, ""steps"": null, ""scheduler_cls"": null, ""classification"": ""People""}",unverified,,,
21422,hand-shaped,-1,counterexample,imagereward:test:002127-0162,"close - up view of silhouettes watching a giant dark sci - fi alien sea creature with big glowing eyes in a giant futuristic fish tank, deep blue colors, highly detailed science fiction painting by syd mead, roger dean, and moebius. rich colors, high contrast, black background. unreal engine, artstation. ",07beb510ca8cd7b34569f09e1347913481b90cad88ccc03e103252735f061d58,imagereward:images/test/test_2/c3226ccb-7da4-4e6a-8adb-13a36a1a4106.webp,imagereward:images/test/test_2/22cf8662-ad4f-411c-a1b4-766a40b17238.webp,0.2766915261745453,0.19790005683898926,0.07879146933555603,gallery_images/2ebbef8a6fed8d727728d1c0.jpg,gallery_images/2e90e9ddf21d10c79e913c3f.jpg,"{""model_id"": null, ""negative_prompt"": null, ""gs"": null, ""steps"": null, ""scheduler_cls"": null, ""classification"": ""Arts""}","{""model_id"": null, ""negative_prompt"": null, ""gs"": null, ""steps"": null, ""scheduler_cls"": null, ""classification"": ""Arts""}",unverified,,,
21422,hand-shaped,-1,random_audit,imagereward:test:010817-0088,mother theresa eating a terrapin ,93eef9cfe3558d21cd24ea834af6e24f85f955753e9577af6c4f2e4647284f0d,imagereward:images/test/test_2/54c0c1bd-d97a-4982-b9a4-069e14c4416d.webp,imagereward:images/test/test_2/95f54be5-224b-4d3d-b64d-2ecd1f0e6e55.webp,0.314711332321167,0.2727430760860443,0.04196825623512268,gallery_images/555b0de43cce15ae0bbf32d4.jpg,gallery_images/9f2599538c6141572a399ed0.jpg,"{""model_id"": null, ""negative_prompt"": null, ""gs"": null, ""steps"": null, ""scheduler_cls"": null, ""classification"": ""People""}","{""model_id"": null, ""negative_prompt"": null, ""gs"": null, ""steps"": null, ""scheduler_cls"": null, ""classification"": ""People""}",unverified,,,
21422,hand-shaped,-1,random_audit,imagereward:test:009475-0037,film still from frightening horror movie. cinematic. 8 k. ,38a0610767e6cc9c0356505e23ba4222fbc8d42f195099e5e226c087606379a2,imagereward:images/test/test_1/39238b13-b2bd-4a56-aa46-f455331f6a86.webp,imagereward:images/test/test_1/788d0347-12d2-4c2e-aa96-71d83850342d.webp,0.24154061079025269,0.2169208824634552,0.024619728326797485,gallery_images/8b0a493e651fa52eb4bd58d3.jpg,gallery_images/1a1c426caddb68a4731a49cf.jpg,"{""model_id"": null, ""negative_prompt"": null, ""gs"": null, ""steps"": null, ""scheduler_cls"": null, ""classification"": ""Arts""}","{""model_id"": null, ""negative_prompt"": null, ""gs"": null, ""steps"": null, ""scheduler_cls"": null, ""classification"": ""Arts""}",unverified,,,
6859,bullet-shaped,-1,supportive,imagereward:test:007209-0011,"photo by josh pierce and prateek vatash and roman bratschi, a giant huge beautiful mid - century modern revival mansion palace with green plants and giant reflective windows on a huge scenic cliff overlooking the ocean, 4 d, 4 k, ray tracing reflections, volumetric lighting and shadows, haze, light beams ",3ddd5b7dbc25442c4e707b4209fcae8358ec03c2a3883a9f4d2bc8864164a900,imagereward:images/test/test_1/fbe6d230-deae-4424-b758-8adabd1abfaf.webp,imagereward:images/test/test_1/e69288c5-7edb-4479-ac55-dd9f68105394.webp,0.1866418719291687,0.2638746500015259,-0.07723277807235718,gallery_images/b6f4dc5cc32034e3bf351937.jpg,gallery_images/efbe69097c1b6c258714ab8f.jpg,"{""model_id"": null, ""negative_prompt"": null, ""gs"": null, ""steps"": null, ""scheduler_cls"": null, ""classification"": ""Outdoor Scenes""}","{""model_id"": null, ""negative_prompt"": null, ""gs"": null, ""steps"": null, ""scheduler_cls"": null, ""classification"": ""Outdoor Scenes""}",unverified,,,
6859,bullet-shaped,-1,supportive,imagereward:test:010856-0009,funny peanut butter ,b18ea9950d494d375d0c180c19fd090da6228f69d114cdf9665f8628abd7a871,imagereward:images/test/test_2/d7efc9ab-5b83-4dfb-9f37-e5c3494a9c6a.webp,imagereward:images/test/test_2/8b7d05e4-9a3b-4c73-b087-104251033467.webp,0.22919577360153198,0.3006781339645386,-0.07148236036300659,gallery_images/7ffe2a14962798eca3100109.jpg,gallery_images/3dc52bcc5f9d782b00729f67.jpg,"{""model_id"": null, ""negative_prompt"": null, ""gs"": null, ""steps"": null, ""scheduler_cls"": null, ""classification"": ""Food""}","{""model_id"": null, ""negative_prompt"": null, ""gs"": null, ""steps"": null, ""scheduler_cls"": null, ""classification"": ""Food""}",unverified,,,
6859,bullet-shaped,-1,counterexample,imagereward:test:010264-0028,"a realistic detailed cinematic painting of a beautiful clear glass vibrant consciousness of human evolution, strange miraculous entity reflecting light prism, spiritual enlightenment, manifestation, peace, reincarnation, memories of past lives, triumph, beauty, perfection, opal statues adorned in jewels, by david a. hardy, kinkade, lisa frank, wpa, public works mural, socialist ",1550579cbf3a97ece6f276255c6670470e7256cdddaebab43c247817f10a00b1,imagereward:images/test/test_2/2fb288a8-1bd6-4a86-92b4-9ba3ee406dc9.webp,imagereward:images/test/test_2/f0e3b083-c78d-4ad0-a76e-0bd29e131cdf.webp,0.2966915965080261,0.2385539710521698,0.05813762545585632,gallery_images/560462dfa656bbc3cc005ce5.jpg,gallery_images/1b8c6b3a787090bdffc9012f.jpg,"{""model_id"": null, ""negative_prompt"": null, ""gs"": null, ""steps"": null, ""scheduler_cls"": null, ""classification"": ""Arts""}","{""model_id"": null, ""negative_prompt"": null, ""gs"": null, ""steps"": null, ""scheduler_cls"": null, ""classification"": ""Arts""}",unverified,,,
6859,bullet-shaped,-1,counterexample,imagereward:test:007135-0056,"A majestic landscape featuring a river, mountains and a forest. A small group of birds is flying in the sky. Harsh winter. very windy. There is a man walking in a deep snow. Cinematic, very beautiful, painting in the style of Lord of the rings",c5121bccfd7086ca62bef90e3f4a7d3e3f8657f56388feb6a0816acbb883147d,imagereward:images/test/test_1/6bbafce5-d301-4396-80b0-0220f63c20da.webp,imagereward:images/test/test_1/f1fb4717-9714-4050-ad8f-f371ceaa4e37.webp,0.24888622760772705,0.208642840385437,0.04024338722229004,gallery_images/63e16a9ba2bb9335cc11da3e.jpg,gallery_images/c70fc17afc66de6b75e71361.jpg,"{""model_id"": null, ""negative_prompt"": null, ""gs"": null, ""steps"": null, ""scheduler_cls"": null, ""classification"": ""Outdoor Scenes""}","{""model_id"": null, ""negative_prompt"": null, ""gs"": null, ""steps"": null, ""scheduler_cls"": null, ""classification"": ""Outdoor Scenes""}",unverified,,,
6859,bullet-shaped,-1,random_audit,imagereward:test:007106-0064,"mountains in the iris, macro photography, high resolution, high detail, 4K, 8K",72162be259706024999b00ccb203fe1178bba777a56a18363334d071fdcd6b36,imagereward:images/test/test_1/63a32095-3201-418e-b990-fca4754b040b.webp,imagereward:images/test/test_1/04a11e8e-6a51-41ca-ae22-382b72e9002c.webp,0.2494010478258133,0.27346116304397583,-0.024060115218162537,gallery_images/47ad303365f184ee5b3f65bb.jpg,gallery_images/3b032baeb9a83c8a098a5534.jpg,"{""model_id"": null, ""negative_prompt"": null, ""gs"": null, ""steps"": null, ""scheduler_cls"": null, ""classification"": ""Outdoor Scenes""}","{""model_id"": null, ""negative_prompt"": null, ""gs"": null, ""steps"": null, ""scheduler_cls"": null, ""classification"": ""Outdoor Scenes""}",unverified,,,
6859,bullet-shaped,-1,random_audit,imagereward:test:008275-0162,"bioluminescent crystal ball abstract sculpture, neon, fluorescent, magenta hyper detailed, red & purple beauteous biomechanical organic lightpainting, 8 k scenery, perfect lighting balance, ",c5c9324fe686aa7c94a4e209e8c979b72d69085c2a3c33f77c567493db471506,imagereward:images/test/test_1/0647a02c-879d-483f-81d0-65b945e7bec1.webp,imagereward:images/test/test_1/35333673-8d72-4303-8a03-93ad2f8aff18.webp,0.265860378742218,0.2959291338920593,-0.03006875514984131,gallery_images/3311939f6c319dc4ccd17467.jpg,gallery_images/89181cc55f988a356169869b.jpg,"{""model_id"": null, ""negative_prompt"": null, ""gs"": null, ""steps"": null, ""scheduler_cls"": null, ""classification"": ""Arts""}","{""model_id"": null, ""negative_prompt"": null, ""gs"": null, ""steps"": null, ""scheduler_cls"": null, ""classification"": ""Arts""}",unverified,,,
48990,trampling,-1,supportive,imagereward:test:001333-0052,"attractive bradley james as king arthur pendragon, sat in his throne, big arches in the back, very detailed face, by gaston bussiere, j. c. leyendecker ",8819b851edefdc4b7a051624fadb52481c06767c1c77f6e6a79a4c43a74b6520,imagereward:images/test/test_2/68d406dd-364f-4039-a3f6-372f8b7527b2.webp,imagereward:images/test/test_2/05498074-42fd-41bd-abda-0cb15eeb0f6d.webp,0.21795901656150818,0.3111060559749603,-0.09314703941345215,gallery_images/fe4e881ad416ba3eefd4e70c.jpg,gallery_images/10ffcf61acab86fa6f3fe100.jpg,"{""model_id"": null, ""negative_prompt"": null, ""gs"": null, ""steps"": null, ""scheduler_cls"": null, ""classification"": ""People""}","{""model_id"": null, ""negative_prompt"": null, ""gs"": null, ""steps"": null, ""scheduler_cls"": null, ""classification"": ""People""}",unverified,,,
48990,trampling,-1,supportive,imagereward:test:009500-0056,"beautiful human witch with blonde short curtly hair in intricate ornate witch robe, haughty evil look, witch hat. in style of yoji shinkawa and hyung - tae kim, trending on artstation, dark fantasy, great composition, concept art, highly detailed, dynamic pose. ",f925a691bb620a9bac06dd31c86df8afd61b6b0c630e5480ff7e6fe00d0552cb,imagereward:images/test/test_1/fe6a518f-c1dc-47cd-a623-ad02c9fe8dcf.webp,imagereward:images/test/test_1/750fed9f-480a-4147-b743-de9ed0290c27.webp,0.21107064187526703,0.3035427927970886,-0.0924721509218216,gallery_images/c5c351049714f6c356570c51.jpg,gallery_images/44c9d5b07cbcb4afeeb35dff.jpg,"{""model_id"": null, ""negative_prompt"": null, ""gs"": null, ""steps"": null, ""scheduler_cls"": null, ""classification"": ""People""}","{""model_id"": null, ""negative_prompt"": null, ""gs"": null, ""steps"": null, ""scheduler_cls"": null, ""classification"": ""People""}",unverified,,,
48990,trampling,-1,counterexample,imagereward:test:001221-0062,"rainy dystopian city from the year 3000, futuristic, neon lights, cyberpunk, atmospheric, detailed, unreal engine, octane render,",8d11fa1fddefce0b5bec4a9ba83df76dd82769f83d3ecd8cb3b0a8089dc9098d,imagereward:images/test/test_2/8804c259-e32a-45a7-8166-6062af0b2a4f.webp,imagereward:images/test/test_2/7d44d245-50cd-4680-bccc-981ebe86a2bd.webp,0.25746673345565796,0.1959189623594284,0.06154777109622955,gallery_images/03dcf4f0481949e85f2c44c9.jpg,gallery_images/9d584cedde7122aeb394c4e2.jpg,"{""model_id"": null, ""negative_prompt"": null, ""gs"": null, ""steps"": null, ""scheduler_cls"": null, ""classification"": ""Arts""}","{""model_id"": null, ""negative_prompt"": null, ""gs"": null, ""steps"": null, ""scheduler_cls"": null, ""classification"": ""Arts""}",unverified,,,
48990,trampling,-1,counterexample,imagereward:test:001227-0027,footage of an astronaut in a tropical beach,c5920b72d420fbbaeceb7fd54341770c516c79bf58d2d01191d15b911079b853,imagereward:images/test/test_2/408e016e-4e03-4fd4-b816-d66f2806bfa3.webp,imagereward:images/test/test_2/6bbd7128-30da-4978-89e5-b09b61e83e34.webp,0.2910757064819336,0.2302972674369812,0.06077843904495239,gallery_images/110000c91013b6ce8f2f8872.jpg,gallery_images/dbbc66754cbc431eb55cfcc5.jpg,"{""model_id"": null, ""negative_prompt"": null, ""gs"": null, ""steps"": null, ""scheduler_cls"": null, ""classification"": ""People""}","{""model_id"": null, ""negative_prompt"": null, ""gs"": null, ""steps"": null, ""scheduler_cls"": null, ""classification"": ""People""}",unverified,,,
48990,trampling,-1,random_audit,imagereward:test:011041-0080,"cinematic movie scene, beautiful Product shot film still of a Syd Mead futuristic modern sleek automobile speeding down a wet street at night in cyperpunk city, motion, hard surface modeling, volumetric soft lighting, style of Stanley Kubrick cinematography, 8k H 768",dbd49eb02d28c2c1f1ec6876579fff93930afe77f87e6bb55508973b63052f66,imagereward:images/test/test_2/ca78835a-e229-4b35-b6d8-91560d71db35.webp,imagereward:images/test/test_2/21f62da5-6e89-4824-9945-241c258aabf4.webp,0.19808638095855713,0.2069578468799591,-0.008871465921401978,gallery_images/1357fcf0de0848b4875ca7b2.jpg,gallery_images/a71481cca137eed52b01cee4.jpg,"{""model_id"": null, ""negative_prompt"": null, ""gs"": null, ""steps"": null, ""scheduler_cls"": null, ""classification"": ""Vehicles""}","{""model_id"": null, ""negative_prompt"": null, ""gs"": null, ""steps"": null, ""scheduler_cls"": null, ""classification"": ""Vehicles""}",unverified,,,
48990,trampling,-1,random_audit,imagereward:test:007019-0095,"astronaut drifting afloat in space, in the darkness away from anyone else, alone, digital render, detailed illustration, black background dotted with stars, concept art, realistic, 8 k ",1cc69dd90585fe53b316368e8bec20b67a8c2abe627e4c2c13fb492b5775f876,imagereward:images/test/test_1/2d047220-c2f9-4dcc-b4c4-96496276f3fd.webp,imagereward:images/test/test_1/6e5e7414-718a-4392-b52c-2d932c488087.webp,0.2514553666114807,0.24115607142448425,0.01029929518699646,gallery_images/033d5b9651fcf749d627459e.jpg,gallery_images/135e55bf511209cf3e0b0055.jpg,"{""model_id"": null, ""negative_prompt"": null, ""gs"": null, ""steps"": null, ""scheduler_cls"": null, ""classification"": ""People""}","{""model_id"": null, ""negative_prompt"": null, ""gs"": null, ""steps"": null, ""scheduler_cls"": null, ""classification"": ""People""}",unverified,,,
44116,snowfield,-1,supportive,imagereward:test:008328-0024,"a portrait of a red - skinned dragonborn monk in a plain white cloak white cloak, holding a spear with a black tip, fantasy art by greg rutkowski ",e375c383a8fb1f82436cddd04ae6107fa1cb1c5ad9080ca9bcf9e4f755414fb3,imagereward:images/test/test_1/cb831716-5734-40f0-b0e4-c3518d5ab540.webp,imagereward:images/test/test_1/2368f177-8821-41ea-9e28-cf6f3da5b3b0.webp,0.23535935580730438,0.3500024080276489,-0.11464305222034454,gallery_images/172c0241a45704cf9614e711.jpg,gallery_images/c1ff33df92076151eec03da2.jpg,"{""model_id"": null, ""negative_prompt"": null, ""gs"": null, ""steps"": null, ""scheduler_cls"": null, ""classification"": ""People""}","{""model_id"": null, ""negative_prompt"": null, ""gs"": null, ""steps"": null, ""scheduler_cls"": null, ""classification"": ""People""}",unverified,,,
44116,snowfield,-1,supportive,imagereward:test:001383-0079,"a half - masked rugged laboratory engineer man with cybernetic enhancements as seen from a distance, scifi character portrait by greg rutkowski, esuthio, craig mullins, 1 / 4 headshot, cinematic lighting, dystopian scifi gear, gloomy, profile picture, mechanical, half robot, implants, dieselpunk ",cc38ca0a6b2822cffd5316d1419eadfc45299c84a251d33f4718e87812642263,imagereward:images/test/test_2/13b75cb0-d1c7-49b6-8c75-25fd43b4fe53.webp,imagereward:images/test/test_2/ba85e4bf-1662-46eb-a9fe-5fd88b0bf8e2.webp,0.18592852354049683,0.2854974567890167,-0.0995689332485199,gallery_images/c14e0c410d27dc5d15ecb79c.jpg,gallery_images/fbc6932395d433026fb9eb74.jpg,"{""model_id"": null, ""negative_prompt"": null, ""gs"": null, ""steps"": null, ""scheduler_cls"": null, ""classification"": ""People""}","{""model_id"": null, ""negative_prompt"": null, ""gs"": null, ""steps"": null, ""scheduler_cls"": null, ""classification"": ""People""}",unverified,,,
44116,snowfield,-1,counterexample,imagereward:test:001383-0079,"a half - masked rugged laboratory engineer man with cybernetic enhancements as seen from a distance, scifi character portrait by greg rutkowski, esuthio, craig mullins, 1 / 4 headshot, cinematic lighting, dystopian scifi gear, gloomy, profile picture, mechanical, half robot, implants, dieselpunk ",cc38ca0a6b2822cffd5316d1419eadfc45299c84a251d33f4718e87812642263,imagereward:images/test/test_2/2cccb2fc-f4da-41cb-97be-29fb61a58d7f.webp,imagereward:images/test/test_2/9c125e5f-1512-4ce6-bf27-af8d1c810a58.webp,0.26420724391937256,0.19074642658233643,0.07346081733703613,gallery_images/5d65385d6c3a0a8bdf41aac4.jpg,gallery_images/a176490ba1aa700ccb07b418.jpg,"{""model_id"": null, ""negative_prompt"": null, ""gs"": null, ""steps"": null, ""scheduler_cls"": null, ""classification"": ""People""}","{""model_id"": null, ""negative_prompt"": null, ""gs"": null, ""steps"": null, ""scheduler_cls"": null, ""classification"": ""People""}",unverified,,,
44116,snowfield,-1,counterexample,imagereward:test:007170-0061,"huge hulking creature, muscular and terrifying, unsettling, creepy, epic hairy monster terrifying covered in dark fur and matted mud with glowing green eyes, concept art, digital character art, artstation, cgsociety",7a08ca2db5c0164ee28df5afab9f631f83a762655cc18d9db9f8ca0bc824cc28,imagereward:images/test/test_1/cb45a8be-d378-4339-8f4c-e8dff69d0e3d.webp,imagereward:images/test/test_1/27d2b378-b24c-4305-908d-d097b47f99ab.webp,0.2894442677497864,0.21859028935432434,0.07085397839546204,gallery_images/0d07c543e40475ae9647a8eb.jpg,gallery_images/c39704c617bf88d18dc0b71f.jpg,"{""model_id"": null, ""negative_prompt"": null, ""gs"": null, ""steps"": null, ""scheduler_cls"": null, ""classification"": ""Arts""}","{""model_id"": null, ""negative_prompt"": null, ""gs"": null, ""steps"": null, ""scheduler_cls"": null, ""classification"": ""Arts""}",unverified,,,
44116,snowfield,-1,random_audit,imagereward:test:008275-0222,"obi - wan kenobi | | fine detail!! anime!! realistic shaded lighting!! poster by ilya kuvshinov katsuhiro otomo ghost - in - the - shell, magali villeneuve, artgerm, jeremy lipkin and michael garmash and rob rey ",b9af9aae117fb7f047d1f672a5795605a087b20d2f97ad77aabd61cb3696583c,imagereward:images/test/test_1/2c9cd839-eec8-44d9-85d8-4e6d8002c7d6.webp,imagereward:images/test/test_1/d0199c27-1751-47f3-851d-50f4352155ef.webp,0.1868252158164978,0.19811436533927917,-0.011289149522781372,gallery_images/f5782e11c161e8f0c8ca72f9.jpg,gallery_images/60f02f9b81b6fb2812ea4a06.jpg,"{""model_id"": null, ""negative_prompt"": null, ""gs"": null, ""steps"": null, ""scheduler_cls"": null, ""classification"": ""People""}","{""model_id"": null, ""negative_prompt"": null, ""gs"": null, ""steps"": null, ""scheduler_cls"": null, ""classification"": ""People""}",unverified,,,
44116,snowfield,-1,random_audit,imagereward:test:001242-0093,photo of a guy playing a gameboy under the blanket in his bed at night ,f8ba5a2b702c53fb8fe74bd7512d4a35e39cd1e1049147c81b1cd9cbb7fde449,imagereward:images/test/test_2/0eb1d034-1cb8-4e8b-b757-9294827150f5.webp,imagereward:images/test/test_2/dd4650be-f68f-4941-9b0d-e12ecceb372e.webp,0.20695224404335022,0.2134249210357666,-0.006472676992416382,gallery_images/a134820304029521c7347bed.jpg,gallery_images/8f7615d3a5eb6f22361f7ac1.jpg,"{""model_id"": null, ""negative_prompt"": null, ""gs"": null, ""steps"": null, ""scheduler_cls"": null, ""classification"": ""People""}","{""model_id"": null, ""negative_prompt"": null, ""gs"": null, ""steps"": null, ""scheduler_cls"": null, ""classification"": ""People""}",unverified,,,
18278,floor,-1,supportive,imagereward:test:008275-0162,"bioluminescent crystal ball abstract sculpture, neon, fluorescent, magenta hyper detailed, red & purple beauteous biomechanical organic lightpainting, 8 k scenery, perfect lighting balance, ",c5c9324fe686aa7c94a4e209e8c979b72d69085c2a3c33f77c567493db471506,imagereward:images/test/test_1/0647a02c-879d-483f-81d0-65b945e7bec1.webp,imagereward:images/test/test_1/35333673-8d72-4303-8a03-93ad2f8aff18.webp,0.23047170042991638,0.3483821451663971,-0.11791044473648071,gallery_images/3311939f6c319dc4ccd17467.jpg,gallery_images/89181cc55f988a356169869b.jpg,"{""model_id"": null, ""negative_prompt"": null, ""gs"": null, ""steps"": null, ""scheduler_cls"": null, ""classification"": ""Arts""}","{""model_id"": null, ""negative_prompt"": null, ""gs"": null, ""steps"": null, ""scheduler_cls"": null, ""classification"": ""Arts""}",unverified,,,
18278,floor,-1,supportive,imagereward:test:007106-0064,"mountains in the iris, macro photography, high resolution, high detail, 4K, 8K",72162be259706024999b00ccb203fe1178bba777a56a18363334d071fdcd6b36,imagereward:images/test/test_1/63a32095-3201-418e-b990-fca4754b040b.webp,imagereward:images/test/test_1/04a11e8e-6a51-41ca-ae22-382b72e9002c.webp,0.19757646322250366,0.31126707792282104,-0.11369061470031738,gallery_images/47ad303365f184ee5b3f65bb.jpg,gallery_images/3b032baeb9a83c8a098a5534.jpg,"{""model_id"": null, ""negative_prompt"": null, ""gs"": null, ""steps"": null, ""scheduler_cls"": null, ""classification"": ""Outdoor Scenes""}","{""model_id"": null, ""negative_prompt"": null, ""gs"": null, ""steps"": null, ""scheduler_cls"": null, ""classification"": ""Outdoor Scenes""}",unverified,,,
18278,floor,-1,counterexample,imagereward:test:007209-0011,"photo by josh pierce and prateek vatash and roman bratschi, a giant huge beautiful mid - century modern revival mansion palace with green plants and giant reflective windows on a huge scenic cliff overlooking the ocean, 4 d, 4 k, ray tracing reflections, volumetric lighting and shadows, haze, light beams ",3ddd5b7dbc25442c4e707b4209fcae8358ec03c2a3883a9f4d2bc8864164a900,imagereward:images/test/test_1/fbe6d230-deae-4424-b758-8adabd1abfaf.webp,imagereward:images/test/test_1/d95360f4-a623-4659-9e6a-b3398708bf34.webp,0.29081106185913086,0.21475760638713837,0.07605345547199249,gallery_images/b6f4dc5cc32034e3bf351937.jpg,gallery_images/9ef1cb55af327146795e0a05.jpg,"{""model_id"": null, ""negative_prompt"": null, ""gs"": null, ""steps"": null, ""scheduler_cls"": null, ""classification"": ""Outdoor Scenes""}","{""model_id"": null, ""negative_prompt"": null, ""gs"": null, ""steps"": null, ""scheduler_cls"": null, ""classification"": ""Outdoor Scenes""}",unverified,,,
18278,floor,-1,counterexample,imagereward:test:002127-0162,"close - up view of silhouettes watching a giant dark sci - fi alien sea creature with big glowing eyes in a giant futuristic fish tank, deep blue colors, highly detailed science fiction painting by syd mead, roger dean, and moebius. rich colors, high contrast, black background. unreal engine, artstation. ",07beb510ca8cd7b34569f09e1347913481b90cad88ccc03e103252735f061d58,imagereward:images/test/test_2/c3226ccb-7da4-4e6a-8adb-13a36a1a4106.webp,imagereward:images/test/test_2/22cf8662-ad4f-411c-a1b4-766a40b17238.webp,0.29744890332221985,0.22275438904762268,0.07469451427459717,gallery_images/2ebbef8a6fed8d727728d1c0.jpg,gallery_images/2e90e9ddf21d10c79e913c3f.jpg,"{""model_id"": null, ""negative_prompt"": null, ""gs"": null, ""steps"": null, ""scheduler_cls"": null, ""classification"": ""Arts""}","{""model_id"": null, ""negative_prompt"": null, ""gs"": null, ""steps"": null, ""scheduler_cls"": null, ""classification"": ""Arts""}",unverified,,,
18278,floor,-1,random_audit,imagereward:test:001382-0041,"highly detailed painting of uzumaki naruto fighting a looming demigod, dramatic, sense of scale, stephen bliss, unreal engine, greg rutkowski, ilya kuvshinov, ross draws, hyung tae and frank frazetta, tom bagshaw, tom whalen, nicoletta ceccoli, mark ryden, earl norem, global illumination, god rays, windswept ",a653b891199f3c9e8ed106e82da60ccd9e0fe408e74446342bf461100233b3bb,imagereward:images/test/test_2/2172b874-d6b9-494e-af44-605a1cf53b48.webp,imagereward:images/test/test_2/c29d2c2c-55e2-4eef-a9cd-d5553d46d788.webp,0.18522311747074127,0.2768796384334564,-0.09165652096271515,gallery_images/1e26232801b53b55f5ad9a87.jpg,gallery_images/a19056936bc31f6cee0f0503.jpg,"{""model_id"": null, ""negative_prompt"": null, ""gs"": null, ""steps"": null, ""scheduler_cls"": null, ""classification"": ""Arts""}","{""model_id"": null, ""negative_prompt"": null, ""gs"": null, ""steps"": null, ""scheduler_cls"": null, ""classification"": ""Arts""}",unverified,,,
18278,floor,-1,random_audit,imagereward:test:001376-0050,"handsome gaunt man with receding hair, in a smoking jacket, holding a pipe, warm colors, hard angles, painting by gaston bussiere, craig mullins, j. c. leyendecker ",da4b44e08ada9a8256a634d07dec9f9e011754978fa3dc8fc9ff8cfdb99ec00a,imagereward:images/test/test_2/f7e84e1e-3bb3-494a-9b71-fde4e616d2c3.webp,imagereward:images/test/test_2/b830a818-b2fb-4997-bbe2-9051cc100cec.webp,0.22917094826698303,0.22083958983421326,0.008331358432769775,gallery_images/a840a001102e6a2cd60b0329.jpg,gallery_images/54538b74fa8829af933ddc14.jpg,"{""model_id"": null, ""negative_prompt"": null, ""gs"": null, ""steps"": null, ""scheduler_cls"": null, ""classification"": ""People""}","{""model_id"": null, ""negative_prompt"": null, ""gs"": null, ""steps"": null, ""scheduler_cls"": null, ""classification"": ""People""}",unverified,,,
17555,fibular,-1,supportive,imagereward:test:007135-0060,"!13 hungry cannibals making a rich salad around a marble table, !positioned as last supper cinematic lighting, dramatic framing, highly detalied, 4k, artstation, by Rene Lalique and Wayne Barlowe",396fd658a5abefd3f74d20e36a01f53548cd0e2de74e0f9ae49985eace0e78e4,imagereward:images/test/test_1/454c61ab-edc2-43d5-9f62-4039eac6b4a2.webp,imagereward:images/test/test_1/9abb80ef-f952-49a6-bd3d-fd1bc58af1e7.webp,0.18671131134033203,0.30156391859054565,-0.11485260725021362,gallery_images/31927fb42ff5c988369361bd.jpg,gallery_images/e4ed8eb7e1f27f3fbcc2bdf8.jpg,"{""model_id"": null, ""negative_prompt"": null, ""gs"": null, ""steps"": null, ""scheduler_cls"": null, ""classification"": ""People""}","{""model_id"": null, ""negative_prompt"": null, ""gs"": null, ""steps"": null, ""scheduler_cls"": null, ""classification"": ""People""}",unverified,,,
17555,fibular,-1,supportive,imagereward:test:009582-0143,"portrait of a red color wolf with yellow horns in a suit, D&D, fantasy, elegant, badass, highly detailed, slim, digital painting, artstation, concept art, sharp focus, illustration",8ea781d00677cf883c3c6f138136aab330b585adcfc44bf47bb0ef16ec08bc4b,imagereward:images/test/test_1/8142de65-17fd-46f5-a0c1-b9a9fe9eb189.webp,imagereward:images/test/test_1/6fbab6b6-9d10-4518-9cb7-082a38ee576d.webp,0.18613538146018982,0.25496533513069153,-0.06882995367050171,gallery_images/25dfc8616d6ec3096a293b37.jpg,gallery_images/caf001fc83ee932d63756243.jpg,"{""model_id"": null, ""negative_prompt"": null, ""gs"": null, ""steps"": null, ""scheduler_cls"": null, ""classification"": ""Animals""}","{""model_id"": null, ""negative_prompt"": null, ""gs"": null, ""steps"": null, ""scheduler_cls"": null, ""classification"": ""Animals""}",unverified,,,
17555,fibular,-1,counterexample,imagereward:test:008151-0078,"raytraced render and digital painting of the inconceivable and spectacular a scene of complete madness, by greg rutkowski and michelangelo buonarroti and kinkade, cosmic entities, celestial, cosmic, luxury, elegant, ornate, vibrant and vivid, smooth, soft billowing smoke, darkness, bright, heavenly, elegant, swirls, cosmic flower, nebula vines, nebula tree, twirling, billowing, cinematic, unrealistic, high contrast, hdr, 4 k, artstation, cgsociety, unreal engine, symobolism, magical, mystical, mystifying, obscure, perplexing, zbrush, octane, hyperrealistic, bokeh, dof ",135ca71c388464401fc136707c96fc9dfcc231d8a1ecdbf53bb10315ae68b417,imagereward:images/test/test_1/a8c77be7-9af8-41fe-bd46-6a3ab2935376.webp,imagereward:images/test/test_1/97a1d50a-e446-4d0a-8c38-d0b4a4e93292.webp,0.29287189245224,0.219808429479599,0.07306346297264099,gallery_images/e5f6f32f207c5a428063a904.jpg,gallery_images/5771a73270a8a0ab2f24118a.jpg,"{""model_id"": null, ""negative_prompt"": null, ""gs"": null, ""steps"": null, ""scheduler_cls"": null, ""classification"": ""Arts""}","{""model_id"": null, ""negative_prompt"": null, ""gs"": null, ""steps"": null, ""scheduler_cls"": null, ""classification"": ""Arts""}",unverified,,,
17555,fibular,-1,counterexample,imagereward:test:010361-0095,"retro sci fi art of an astronaut next to jupiter in a car, ",9c539f061044900ae75d772a82ccd6b1dc340985beb81c74f5cbe8310a7c7b75,imagereward:images/test/test_2/22c4cff3-caf2-4765-a8db-45ecd13f92b9.webp,imagereward:images/test/test_2/265185a5-d81a-48bc-a669-ae4a4460e5aa.webp,0.26727694272994995,0.20923160016536713,0.058045342564582825,gallery_images/58c9294599cf3892367d6b4f.jpg,gallery_images/4c75ce5827c4d891ff058c9c.jpg,"{""model_id"": null, ""negative_prompt"": null, ""gs"": null, ""steps"": null, ""scheduler_cls"": null, ""classification"": ""People""}","{""model_id"": null, ""negative_prompt"": null, ""gs"": null, ""steps"": null, ""scheduler_cls"": null, ""classification"": ""People""}",unverified,,,
17555,fibular,-1,random_audit,imagereward:test:008293-0137,photo of a hybrid between a lion and a horse ,c4ef792ab2e35af04da5691d818b4b8a7d05715920cf6a00bf88f66412544d1f,imagereward:images/test/test_1/94817bd6-aafe-4259-aa1e-f87b222f7848.webp,imagereward:images/test/test_1/fc400e81-5310-4e73-bfa2-682bf87ad1ff.webp,0.26829516887664795,0.21942293643951416,0.04887223243713379,gallery_images/703a2111bfb88c8cbb64a33f.jpg,gallery_images/4a8741e35b9a852f3ae3d671.jpg,"{""model_id"": null, ""negative_prompt"": null, ""gs"": null, ""steps"": null, ""scheduler_cls"": null, ""classification"": ""Arts""}","{""model_id"": null, ""negative_prompt"": null, ""gs"": null, ""steps"": null, ""scheduler_cls"": null, ""classification"": ""Arts""}",unverified,,,
17555,fibular,-1,random_audit,imagereward:test:009006-0102,"Horrifying creature, haunted, horror",6ee1b52c63caf60d8db23751287681018dfce76c98cca49820b5a1a91db4b14a,imagereward:images/test/test_1/7c5c94f3-8a41-492c-8c46-754ad80af2ea.webp,imagereward:images/test/test_1/feea7bc0-7b65-4553-b3f5-5b10d9b240ed.webp,0.2989599406719208,0.2876051366329193,0.011354804039001465,gallery_images/c6e4751b0736334e48c56fc1.jpg,gallery_images/7d6690b49db9c43500b02060.jpg,"{""model_id"": null, ""negative_prompt"": null, ""gs"": null, ""steps"": null, ""scheduler_cls"": null, ""classification"": ""Arts""}","{""model_id"": null, ""negative_prompt"": null, ""gs"": null, ""steps"": null, ""scheduler_cls"": null, ""classification"": ""Arts""}",unverified,,,
