concept_id,concept,direction,selection,event_id,prompt,prompt_group_id,preferred_image_id,rejected_image_id,preferred_score,rejected_score,difference,preferred_thumbnail,rejected_thumbnail,preferred_metadata,rejected_metadata,human_review_status,concept_present_preferred,concept_present_rejected,reviewer_notes
20771,green-painted,1,supportive,imagereward:test:010921-0064,"a bright fantasy city built between cliffs, sleek glass buildings, elegant bridges between stalactites, illustration, raining, dark and moody lighting, at night, digital art, oil painting, cold blue tones, fantasy, 8 k, trending on artstation, detailed ",665c1a33f8f1af344f90fa208a200d26840e5d698cb7054b07fa9ce4364938a1,imagereward:images/test/test_2/2a99d448-fa70-4bf2-bfd0-a6c30191a849.webp,imagereward:images/test/test_2/f0c4de4f-0e70-44e5-a872-8e0a11e94df3.webp,0.25121745467185974,0.1763414442539215,0.07487601041793823,gallery_images/ffa92187f93bb9140d50d08b.jpg,gallery_images/4f189977b012407e5e64abad.jpg,"{""model_id"": null, ""negative_prompt"": null, ""gs"": null, ""steps"": null, ""scheduler_cls"": null, ""classification"": ""Outdoor Scenes""}","{""model_id"": null, ""negative_prompt"": null, ""gs"": null, ""steps"": null, ""scheduler_cls"": null, ""classification"": ""Outdoor Scenes""}",unverified,,,
20771,green-painted,1,supportive,imagereward:test:010856-0009,funny peanut butter ,b18ea9950d494d375d0c180c19fd090da6228f69d114cdf9665f8628abd7a871,imagereward:images/test/test_2/d7efc9ab-5b83-4dfb-9f37-e5c3494a9c6a.webp,imagereward:images/test/test_2/8b7d05e4-9a3b-4c73-b087-104251033467.webp,0.25864630937576294,0.188900426030159,0.06974588334560394,gallery_images/7ffe2a14962798eca3100109.jpg,gallery_images/3dc52bcc5f9d782b00729f67.jpg,"{""model_id"": null, ""negative_prompt"": null, ""gs"": null, ""steps"": null, ""scheduler_cls"": null, ""classification"": ""Food""}","{""model_id"": null, ""negative_prompt"": null, ""gs"": null, ""steps"": null, ""scheduler_cls"": null, ""classification"": ""Food""}",unverified,,,
20771,green-painted,1,counterexample,imagereward:test:010918-0030,the pope in saving private james ryan ,9ed63beff86d5e18e4048901428ee78733de38893029c7c73093da1301c7baa5,imagereward:images/test/test_2/cbc83c67-d5cb-4872-95c7-f46ca0cdcd6c.webp,imagereward:images/test/test_2/456f2d52-b588-400f-a7f4-d0643891a153.webp,0.24233385920524597,0.32807493209838867,-0.0857410728931427,gallery_images/d664aa5be8f6b3d7166b32c7.jpg,gallery_images/3fdb1a604a1f726047899272.jpg,"{""model_id"": null, ""negative_prompt"": null, ""gs"": null, ""steps"": null, ""scheduler_cls"": null, ""classification"": ""People""}","{""model_id"": null, ""negative_prompt"": null, ""gs"": null, ""steps"": null, ""scheduler_cls"": null, ""classification"": ""People""}",unverified,,,
20771,green-painted,1,counterexample,imagereward:test:008289-0059,"film still of the geisha robot from ghost in the shell, cinematic lighting, 3 5 mm, high resolution ",3bd7d4dddc3e23f3607fda60a8645e56af48b86a319f4d55650264f6bab14574,imagereward:images/test/test_1/d5a97b27-8f4d-444b-ac87-b756a3fd4bae.webp,imagereward:images/test/test_1/8500f76d-bd6c-4e65-b949-eb574b7a8652.webp,0.20088988542556763,0.2816848158836365,-0.08079493045806885,gallery_images/e1c8d204d61512a98cab0302.jpg,gallery_images/86c2f23a67759e2fd592b5f2.jpg,"{""model_id"": null, ""negative_prompt"": null, ""gs"": null, ""steps"": null, ""scheduler_cls"": null, ""classification"": ""Artifacts""}","{""model_id"": null, ""negative_prompt"": null, ""gs"": null, ""steps"": null, ""scheduler_cls"": null, ""classification"": ""Artifacts""}",unverified,,,
20771,green-painted,1,random_audit,imagereward:test:009006-0102,"Horrifying creature, haunted, horror",6ee1b52c63caf60d8db23751287681018dfce76c98cca49820b5a1a91db4b14a,imagereward:images/test/test_1/0429a07f-659e-4c73-8fc3-10ea678df8f2.webp,imagereward:images/test/test_1/feea7bc0-7b65-4553-b3f5-5b10d9b240ed.webp,0.22184762358665466,0.2159404456615448,0.005907177925109863,gallery_images/5d8ffcc7dd08aa671265fe08.jpg,gallery_images/7d6690b49db9c43500b02060.jpg,"{""model_id"": null, ""negative_prompt"": null, ""gs"": null, ""steps"": null, ""scheduler_cls"": null, ""classification"": ""Arts""}","{""model_id"": null, ""negative_prompt"": null, ""gs"": null, ""steps"": null, ""scheduler_cls"": null, ""classification"": ""Arts""}",unverified,,,
20771,green-painted,1,random_audit,imagereward:test:010921-0064,"a bright fantasy city built between cliffs, sleek glass buildings, elegant bridges between stalactites, illustration, raining, dark and moody lighting, at night, digital art, oil painting, cold blue tones, fantasy, 8 k, trending on artstation, detailed ",665c1a33f8f1af344f90fa208a200d26840e5d698cb7054b07fa9ce4364938a1,imagereward:images/test/test_2/2a99d448-fa70-4bf2-bfd0-a6c30191a849.webp,imagereward:images/test/test_2/481c5c41-fe90-44a6-a4d6-d48706d6f7f7.webp,0.25121745467185974,0.17786698043346405,0.07335047423839569,gallery_images/ffa92187f93bb9140d50d08b.jpg,gallery_images/1bae0b95af7ad69b5daffdf8.jpg,"{""model_id"": null, ""negative_prompt"": null, ""gs"": null, ""steps"": null, ""scheduler_cls"": null, ""classification"": ""Outdoor Scenes""}","{""model_id"": null, ""negative_prompt"": null, ""gs"": null, ""steps"": null, ""scheduler_cls"": null, ""classification"": ""Outdoor Scenes""}",unverified,,,
20762,green-and-yellow,1,supportive,imagereward:test:010921-0064,"a bright fantasy city built between cliffs, sleek glass buildings, elegant bridges between stalactites, illustration, raining, dark and moody lighting, at night, digital art, oil painting, cold blue tones, fantasy, 8 k, trending on artstation, detailed ",665c1a33f8f1af344f90fa208a200d26840e5d698cb7054b07fa9ce4364938a1,imagereward:images/test/test_2/2a99d448-fa70-4bf2-bfd0-a6c30191a849.webp,imagereward:images/test/test_2/8e9869da-ad15-4209-9f90-ea7151e54617.webp,0.2713560461997986,0.16025859117507935,0.11109745502471924,gallery_images/ffa92187f93bb9140d50d08b.jpg,gallery_images/36721de70456c61d1b60f0e9.jpg,"{""model_id"": null, ""negative_prompt"": null, ""gs"": null, ""steps"": null, ""scheduler_cls"": null, ""classification"": ""Outdoor Scenes""}","{""model_id"": null, ""negative_prompt"": null, ""gs"": null, ""steps"": null, ""scheduler_cls"": null, ""classification"": ""Outdoor Scenes""}",unverified,,,
20762,green-and-yellow,1,supportive,imagereward:test:011041-0080,"cinematic movie scene, beautiful Product shot film still of a Syd Mead futuristic modern sleek automobile speeding down a wet street at night in cyperpunk city, motion, hard surface modeling, volumetric soft lighting, style of Stanley Kubrick cinematography, 8k H 768",dbd49eb02d28c2c1f1ec6876579fff93930afe77f87e6bb55508973b63052f66,imagereward:images/test/test_2/be59feb8-c0d9-486e-94bc-2e406f671985.webp,imagereward:images/test/test_2/21f62da5-6e89-4824-9945-241c258aabf4.webp,0.2786833643913269,0.17218732833862305,0.10649603605270386,gallery_images/2cef7229767afe1304e6a5d3.jpg,gallery_images/a71481cca137eed52b01cee4.jpg,"{""model_id"": null, ""negative_prompt"": null, ""gs"": null, ""steps"": null, ""scheduler_cls"": null, ""classification"": ""Vehicles""}","{""model_id"": null, ""negative_prompt"": null, ""gs"": null, ""steps"": null, ""scheduler_cls"": null, ""classification"": ""Vehicles""}",unverified,,,
20762,green-and-yellow,1,counterexample,imagereward:test:010817-0088,mother theresa eating a terrapin ,93eef9cfe3558d21cd24ea834af6e24f85f955753e9577af6c4f2e4647284f0d,imagereward:images/test/test_2/54c0c1bd-d97a-4982-b9a4-069e14c4416d.webp,imagereward:images/test/test_2/95f54be5-224b-4d3d-b64d-2ecd1f0e6e55.webp,0.17720842361450195,0.3478401005268097,-0.17063167691230774,gallery_images/555b0de43cce15ae0bbf32d4.jpg,gallery_images/9f2599538c6141572a399ed0.jpg,"{""model_id"": null, ""negative_prompt"": null, ""gs"": null, ""steps"": null, ""scheduler_cls"": null, ""classification"": ""People""}","{""model_id"": null, ""negative_prompt"": null, ""gs"": null, ""steps"": null, ""scheduler_cls"": null, ""classification"": ""People""}",unverified,,,
20762,green-and-yellow,1,counterexample,imagereward:test:010918-0030,the pope in saving private james ryan ,9ed63beff86d5e18e4048901428ee78733de38893029c7c73093da1301c7baa5,imagereward:images/test/test_2/cbc83c67-d5cb-4872-95c7-f46ca0cdcd6c.webp,imagereward:images/test/test_2/456f2d52-b588-400f-a7f4-d0643891a153.webp,0.24070096015930176,0.34826648235321045,-0.10756552219390869,gallery_images/d664aa5be8f6b3d7166b32c7.jpg,gallery_images/3fdb1a604a1f726047899272.jpg,"{""model_id"": null, ""negative_prompt"": null, ""gs"": null, ""steps"": null, ""scheduler_cls"": null, ""classification"": ""People""}","{""model_id"": null, ""negative_prompt"": null, ""gs"": null, ""steps"": null, ""scheduler_cls"": null, ""classification"": ""People""}",unverified,,,
20762,green-and-yellow,1,random_audit,imagereward:test:007189-0066,muscular man wearing a leather harness and hat ,a1b9da2e14b14711efc944053b56997170d1fc428129b3ef672b1516854f3a4a,imagereward:images/test/test_1/425f1e31-c818-42d5-8a4a-c7bf861f8b86.webp,imagereward:images/test/test_1/16352335-c1d5-4fa0-9761-bc8b129b1e94.webp,0.1636376678943634,0.17516842484474182,-0.011530756950378418,gallery_images/0d4087b9c23beebde460d9de.jpg,gallery_images/198f268cafa6519ef86810d2.jpg,"{""model_id"": null, ""negative_prompt"": null, ""gs"": null, ""steps"": null, ""scheduler_cls"": null, ""classification"": ""People""}","{""model_id"": null, ""negative_prompt"": null, ""gs"": null, ""steps"": null, ""scheduler_cls"": null, ""classification"": ""People""}",unverified,,,
20762,green-and-yellow,1,random_audit,imagereward:test:007713-0046,Boris Johnson and Eminen on a stage having an epic rap battle together,b0d04d7cbc27aada61a2a2c88184bd2d92ab094fb3d6dff2db24cef0f2bfee54,imagereward:images/test/test_1/48b9bead-0909-496a-8e65-c4b79d66506f.webp,imagereward:images/test/test_1/234f6195-5526-4d08-80a0-166943089bb9.webp,0.19532817602157593,0.1889580488204956,0.006370127201080322,gallery_images/69a6e82e6be1dbe6ecfd6773.jpg,gallery_images/30e47bf7fcbfd5aa97ac686b.jpg,"{""model_id"": null, ""negative_prompt"": null, ""gs"": null, ""steps"": null, ""scheduler_cls"": null, ""classification"": ""People""}","{""model_id"": null, ""negative_prompt"": null, ""gs"": null, ""steps"": null, ""scheduler_cls"": null, ""classification"": ""People""}",unverified,,,
15414,emerald-green,1,supportive,imagereward:test:010921-0064,"a bright fantasy city built between cliffs, sleek glass buildings, elegant bridges between stalactites, illustration, raining, dark and moody lighting, at night, digital art, oil painting, cold blue tones, fantasy, 8 k, trending on artstation, detailed ",665c1a33f8f1af344f90fa208a200d26840e5d698cb7054b07fa9ce4364938a1,imagereward:images/test/test_2/2a99d448-fa70-4bf2-bfd0-a6c30191a849.webp,imagereward:images/test/test_2/f0c4de4f-0e70-44e5-a872-8e0a11e94df3.webp,0.23898932337760925,0.16013774275779724,0.07885158061981201,gallery_images/ffa92187f93bb9140d50d08b.jpg,gallery_images/4f189977b012407e5e64abad.jpg,"{""model_id"": null, ""negative_prompt"": null, ""gs"": null, ""steps"": null, ""scheduler_cls"": null, ""classification"": ""Outdoor Scenes""}","{""model_id"": null, ""negative_prompt"": null, ""gs"": null, ""steps"": null, ""scheduler_cls"": null, ""classification"": ""Outdoor Scenes""}",unverified,,,
15414,emerald-green,1,supportive,imagereward:test:008275-0162,"bioluminescent crystal ball abstract sculpture, neon, fluorescent, magenta hyper detailed, red & purple beauteous biomechanical organic lightpainting, 8 k scenery, perfect lighting balance, ",c5c9324fe686aa7c94a4e209e8c979b72d69085c2a3c33f77c567493db471506,imagereward:images/test/test_1/0647a02c-879d-483f-81d0-65b945e7bec1.webp,imagereward:images/test/test_1/b7c77f57-b5b6-4bee-8df1-f931779840d2.webp,0.2813429832458496,0.21606910228729248,0.06527388095855713,gallery_images/3311939f6c319dc4ccd17467.jpg,gallery_images/cc580047882db69db6d5ff08.jpg,"{""model_id"": null, ""negative_prompt"": null, ""gs"": null, ""steps"": null, ""scheduler_cls"": null, ""classification"": ""Arts""}","{""model_id"": null, ""negative_prompt"": null, ""gs"": null, ""steps"": null, ""scheduler_cls"": null, ""classification"": ""Arts""}",unverified,,,
15414,emerald-green,1,counterexample,imagereward:test:008289-0059,"film still of the geisha robot from ghost in the shell, cinematic lighting, 3 5 mm, high resolution ",3bd7d4dddc3e23f3607fda60a8645e56af48b86a319f4d55650264f6bab14574,imagereward:images/test/test_1/d5a97b27-8f4d-444b-ac87-b756a3fd4bae.webp,imagereward:images/test/test_1/8500f76d-bd6c-4e65-b949-eb574b7a8652.webp,0.18200573325157166,0.2950185537338257,-0.11301282048225403,gallery_images/e1c8d204d61512a98cab0302.jpg,gallery_images/86c2f23a67759e2fd592b5f2.jpg,"{""model_id"": null, ""negative_prompt"": null, ""gs"": null, ""steps"": null, ""scheduler_cls"": null, ""classification"": ""Artifacts""}","{""model_id"": null, ""negative_prompt"": null, ""gs"": null, ""steps"": null, ""scheduler_cls"": null, ""classification"": ""Artifacts""}",unverified,,,
15414,emerald-green,1,counterexample,imagereward:test:007108-0023,"Drama King, photorealistic portrait, 8K, Cinematic lights",ef2867fcf92c49c0e0df371e211de33e9cb3a855515d164fb388da6adfa9674f,imagereward:images/test/test_1/2fdb6c81-e1bd-460c-84e2-2bf3b295a40d.webp,imagereward:images/test/test_1/25f0aa4b-a463-45c7-9274-48717f86165f.webp,0.16274094581604004,0.2532028555870056,-0.09046190977096558,gallery_images/af77012debe518c25169cf76.jpg,gallery_images/e2c9723cc50be1650761e2d5.jpg,"{""model_id"": null, ""negative_prompt"": null, ""gs"": null, ""steps"": null, ""scheduler_cls"": null, ""classification"": ""People""}","{""model_id"": null, ""negative_prompt"": null, ""gs"": null, ""steps"": null, ""scheduler_cls"": null, ""classification"": ""People""}",unverified,,,
15414,emerald-green,1,random_audit,imagereward:test:010921-0064,"a bright fantasy city built between cliffs, sleek glass buildings, elegant bridges between stalactites, illustration, raining, dark and moody lighting, at night, digital art, oil painting, cold blue tones, fantasy, 8 k, trending on artstation, detailed ",665c1a33f8f1af344f90fa208a200d26840e5d698cb7054b07fa9ce4364938a1,imagereward:images/test/test_2/2a99d448-fa70-4bf2-bfd0-a6c30191a849.webp,imagereward:images/test/test_2/481c5c41-fe90-44a6-a4d6-d48706d6f7f7.webp,0.23898932337760925,0.17870351672172546,0.06028580665588379,gallery_images/ffa92187f93bb9140d50d08b.jpg,gallery_images/1bae0b95af7ad69b5daffdf8.jpg,"{""model_id"": null, ""negative_prompt"": null, ""gs"": null, ""steps"": null, ""scheduler_cls"": null, ""classification"": ""Outdoor Scenes""}","{""model_id"": null, ""negative_prompt"": null, ""gs"": null, ""steps"": null, ""scheduler_cls"": null, ""classification"": ""Outdoor Scenes""}",unverified,,,
15414,emerald-green,1,random_audit,imagereward:test:007189-0066,muscular man wearing a leather harness and hat ,a1b9da2e14b14711efc944053b56997170d1fc428129b3ef672b1516854f3a4a,imagereward:images/test/test_1/425f1e31-c818-42d5-8a4a-c7bf861f8b86.webp,imagereward:images/test/test_1/754a24b7-2c96-48f6-ad48-ce6a501c85b1.webp,0.15469373762607574,0.1539260447025299,0.0007676929235458374,gallery_images/0d4087b9c23beebde460d9de.jpg,gallery_images/c8fde99b6f78addfe75e1eec.jpg,"{""model_id"": null, ""negative_prompt"": null, ""gs"": null, ""steps"": null, ""scheduler_cls"": null, ""classification"": ""People""}","{""model_id"": null, ""negative_prompt"": null, ""gs"": null, ""steps"": null, ""scheduler_cls"": null, ""classification"": ""People""}",unverified,,,
20767,green-gold,1,supportive,imagereward:test:010921-0064,"a bright fantasy city built between cliffs, sleek glass buildings, elegant bridges between stalactites, illustration, raining, dark and moody lighting, at night, digital art, oil painting, cold blue tones, fantasy, 8 k, trending on artstation, detailed ",665c1a33f8f1af344f90fa208a200d26840e5d698cb7054b07fa9ce4364938a1,imagereward:images/test/test_2/2a99d448-fa70-4bf2-bfd0-a6c30191a849.webp,imagereward:images/test/test_2/8e9869da-ad15-4209-9f90-ea7151e54617.webp,0.24261905252933502,0.13367649912834167,0.10894255340099335,gallery_images/ffa92187f93bb9140d50d08b.jpg,gallery_images/36721de70456c61d1b60f0e9.jpg,"{""model_id"": null, ""negative_prompt"": null, ""gs"": null, ""steps"": null, ""scheduler_cls"": null, ""classification"": ""Outdoor Scenes""}","{""model_id"": null, ""negative_prompt"": null, ""gs"": null, ""steps"": null, ""scheduler_cls"": null, ""classification"": ""Outdoor Scenes""}",unverified,,,
20767,green-gold,1,supportive,imagereward:test:008275-0162,"bioluminescent crystal ball abstract sculpture, neon, fluorescent, magenta hyper detailed, red & purple beauteous biomechanical organic lightpainting, 8 k scenery, perfect lighting balance, ",c5c9324fe686aa7c94a4e209e8c979b72d69085c2a3c33f77c567493db471506,imagereward:images/test/test_1/0647a02c-879d-483f-81d0-65b945e7bec1.webp,imagereward:images/test/test_1/b7c77f57-b5b6-4bee-8df1-f931779840d2.webp,0.2716692090034485,0.19235169887542725,0.07931751012802124,gallery_images/3311939f6c319dc4ccd17467.jpg,gallery_images/cc580047882db69db6d5ff08.jpg,"{""model_id"": null, ""negative_prompt"": null, ""gs"": null, ""steps"": null, ""scheduler_cls"": null, ""classification"": ""Arts""}","{""model_id"": null, ""negative_prompt"": null, ""gs"": null, ""steps"": null, ""scheduler_cls"": null, ""classification"": ""Arts""}",unverified,,,
20767,green-gold,1,counterexample,imagereward:test:010817-0088,mother theresa eating a terrapin ,93eef9cfe3558d21cd24ea834af6e24f85f955753e9577af6c4f2e4647284f0d,imagereward:images/test/test_2/54c0c1bd-d97a-4982-b9a4-069e14c4416d.webp,imagereward:images/test/test_2/95f54be5-224b-4d3d-b64d-2ecd1f0e6e55.webp,0.14810234308242798,0.2665044963359833,-0.1184021532535553,gallery_images/555b0de43cce15ae0bbf32d4.jpg,gallery_images/9f2599538c6141572a399ed0.jpg,"{""model_id"": null, ""negative_prompt"": null, ""gs"": null, ""steps"": null, ""scheduler_cls"": null, ""classification"": ""People""}","{""model_id"": null, ""negative_prompt"": null, ""gs"": null, ""steps"": null, ""scheduler_cls"": null, ""classification"": ""People""}",unverified,,,
20767,green-gold,1,counterexample,imagereward:test:008289-0059,"film still of the geisha robot from ghost in the shell, cinematic lighting, 3 5 mm, high resolution ",3bd7d4dddc3e23f3607fda60a8645e56af48b86a319f4d55650264f6bab14574,imagereward:images/test/test_1/d5a97b27-8f4d-444b-ac87-b756a3fd4bae.webp,imagereward:images/test/test_1/8500f76d-bd6c-4e65-b949-eb574b7a8652.webp,0.15823522210121155,0.2503916025161743,-0.09215638041496277,gallery_images/e1c8d204d61512a98cab0302.jpg,gallery_images/86c2f23a67759e2fd592b5f2.jpg,"{""model_id"": null, ""negative_prompt"": null, ""gs"": null, ""steps"": null, ""scheduler_cls"": null, ""classification"": ""Artifacts""}","{""model_id"": null, ""negative_prompt"": null, ""gs"": null, ""steps"": null, ""scheduler_cls"": null, ""classification"": ""Artifacts""}",unverified,,,
20767,green-gold,1,random_audit,imagereward:test:010918-0030,the pope in saving private james ryan ,9ed63beff86d5e18e4048901428ee78733de38893029c7c73093da1301c7baa5,imagereward:images/test/test_2/cbc83c67-d5cb-4872-95c7-f46ca0cdcd6c.webp,imagereward:images/test/test_2/24fb28c3-f778-4116-8ffb-f41230beb451.webp,0.221501886844635,0.21931445598602295,0.0021874308586120605,gallery_images/d664aa5be8f6b3d7166b32c7.jpg,gallery_images/df55fdf1e4ded79867ad1671.jpg,"{""model_id"": null, ""negative_prompt"": null, ""gs"": null, ""steps"": null, ""scheduler_cls"": null, ""classification"": ""People""}","{""model_id"": null, ""negative_prompt"": null, ""gs"": null, ""steps"": null, ""scheduler_cls"": null, ""classification"": ""People""}",unverified,,,
20767,green-gold,1,random_audit,imagereward:test:007019-0095,"astronaut drifting afloat in space, in the darkness away from anyone else, alone, digital render, detailed illustration, black background dotted with stars, concept art, realistic, 8 k ",1cc69dd90585fe53b316368e8bec20b67a8c2abe627e4c2c13fb492b5775f876,imagereward:images/test/test_1/2d047220-c2f9-4dcc-b4c4-96496276f3fd.webp,imagereward:images/test/test_1/866fa2de-dab0-4f9d-bbbf-f6572dadb2f2.webp,0.19240090250968933,0.20690910518169403,-0.0145082026720047,gallery_images/033d5b9651fcf749d627459e.jpg,gallery_images/b9b07a436bb436e9b5cc5949.jpg,"{""model_id"": null, ""negative_prompt"": null, ""gs"": null, ""steps"": null, ""scheduler_cls"": null, ""classification"": ""People""}","{""model_id"": null, ""negative_prompt"": null, ""gs"": null, ""steps"": null, ""scheduler_cls"": null, ""classification"": ""People""}",unverified,,,
31257,neon-green,1,supportive,imagereward:test:010921-0064,"a bright fantasy city built between cliffs, sleek glass buildings, elegant bridges between stalactites, illustration, raining, dark and moody lighting, at night, digital art, oil painting, cold blue tones, fantasy, 8 k, trending on artstation, detailed ",665c1a33f8f1af344f90fa208a200d26840e5d698cb7054b07fa9ce4364938a1,imagereward:images/test/test_2/2a99d448-fa70-4bf2-bfd0-a6c30191a849.webp,imagereward:images/test/test_2/481c5c41-fe90-44a6-a4d6-d48706d6f7f7.webp,0.2836054861545563,0.15120872855186462,0.13239675760269165,gallery_images/ffa92187f93bb9140d50d08b.jpg,gallery_images/1bae0b95af7ad69b5daffdf8.jpg,"{""model_id"": null, ""negative_prompt"": null, ""gs"": null, ""steps"": null, ""scheduler_cls"": null, ""classification"": ""Outdoor Scenes""}","{""model_id"": null, ""negative_prompt"": null, ""gs"": null, ""steps"": null, ""scheduler_cls"": null, ""classification"": ""Outdoor Scenes""}",unverified,,,
31257,neon-green,1,supportive,imagereward:test:001260-0073,"realistic photography of a man 3 5 years old with a bit of bear, short hair, few wrinkles around eyes, sexy, cinematographic, cinematic light, close up view, intense, colorize, 8 0 mm lens ",bd5a08c78f7713700e45a208189c5ba33df3fc51dd6425fbac0f13cff8386f73,imagereward:images/test/test_2/85ae560c-08eb-4023-9b30-cb745fec3011.webp,imagereward:images/test/test_2/dc0ba70d-4437-4e22-a9ab-61de73e21bf3.webp,0.22643327713012695,0.1385354995727539,0.08789777755737305,gallery_images/fade65e9128358fe15675cdf.jpg,gallery_images/6cdb518e3173b5c1bf35cb61.jpg,"{""model_id"": null, ""negative_prompt"": null, ""gs"": null, ""steps"": null, ""scheduler_cls"": null, ""classification"": ""People""}","{""model_id"": null, ""negative_prompt"": null, ""gs"": null, ""steps"": null, ""scheduler_cls"": null, ""classification"": ""People""}",unverified,,,
31257,neon-green,1,counterexample,imagereward:test:010817-0088,mother theresa eating a terrapin ,93eef9cfe3558d21cd24ea834af6e24f85f955753e9577af6c4f2e4647284f0d,imagereward:images/test/test_2/54c0c1bd-d97a-4982-b9a4-069e14c4416d.webp,imagereward:images/test/test_2/95f54be5-224b-4d3d-b64d-2ecd1f0e6e55.webp,0.15434807538986206,0.29639723896980286,-0.1420491635799408,gallery_images/555b0de43cce15ae0bbf32d4.jpg,gallery_images/9f2599538c6141572a399ed0.jpg,"{""model_id"": null, ""negative_prompt"": null, ""gs"": null, ""steps"": null, ""scheduler_cls"": null, ""classification"": ""People""}","{""model_id"": null, ""negative_prompt"": null, ""gs"": null, ""steps"": null, ""scheduler_cls"": null, ""classification"": ""People""}",unverified,,,
31257,neon-green,1,counterexample,imagereward:test:010856-0009,funny peanut butter ,b18ea9950d494d375d0c180c19fd090da6228f69d114cdf9665f8628abd7a871,imagereward:images/test/test_2/d7efc9ab-5b83-4dfb-9f37-e5c3494a9c6a.webp,imagereward:images/test/test_2/2ffb0136-0b1d-4f69-91a6-6c9db9cf1fc5.webp,0.2127326875925064,0.3328879177570343,-0.1201552301645279,gallery_images/7ffe2a14962798eca3100109.jpg,gallery_images/275ee57f8278bac8d593f026.jpg,"{""model_id"": null, ""negative_prompt"": null, ""gs"": null, ""steps"": null, ""scheduler_cls"": null, ""classification"": ""Food""}","{""model_id"": null, ""negative_prompt"": null, ""gs"": null, ""steps"": null, ""scheduler_cls"": null, ""classification"": ""Food""}",unverified,,,
31257,neon-green,1,random_audit,imagereward:test:010918-0030,the pope in saving private james ryan ,9ed63beff86d5e18e4048901428ee78733de38893029c7c73093da1301c7baa5,imagereward:images/test/test_2/cbc83c67-d5cb-4872-95c7-f46ca0cdcd6c.webp,imagereward:images/test/test_2/3967a17c-407b-4b0a-945b-33fa4de64faa.webp,0.21703296899795532,0.26560407876968384,-0.048571109771728516,gallery_images/d664aa5be8f6b3d7166b32c7.jpg,gallery_images/83472d02a58f9f0ef06a8458.jpg,"{""model_id"": null, ""negative_prompt"": null, ""gs"": null, ""steps"": null, ""scheduler_cls"": null, ""classification"": ""People""}","{""model_id"": null, ""negative_prompt"": null, ""gs"": null, ""steps"": null, ""scheduler_cls"": null, ""classification"": ""People""}",unverified,,,
31257,neon-green,1,random_audit,imagereward:test:008275-0162,"bioluminescent crystal ball abstract sculpture, neon, fluorescent, magenta hyper detailed, red & purple beauteous biomechanical organic lightpainting, 8 k scenery, perfect lighting balance, ",c5c9324fe686aa7c94a4e209e8c979b72d69085c2a3c33f77c567493db471506,imagereward:images/test/test_1/0647a02c-879d-483f-81d0-65b945e7bec1.webp,imagereward:images/test/test_1/b7c77f57-b5b6-4bee-8df1-f931779840d2.webp,0.3750830292701721,0.29325395822525024,0.08182907104492188,gallery_images/3311939f6c319dc4ccd17467.jpg,gallery_images/cc580047882db69db6d5ff08.jpg,"{""model_id"": null, ""negative_prompt"": null, ""gs"": null, ""steps"": null, ""scheduler_cls"": null, ""classification"": ""Arts""}","{""model_id"": null, ""negative_prompt"": null, ""gs"": null, ""steps"": null, ""scheduler_cls"": null, ""classification"": ""Arts""}",unverified,,,
6565,bright-green,1,supportive,imagereward:test:010921-0064,"a bright fantasy city built between cliffs, sleek glass buildings, elegant bridges between stalactites, illustration, raining, dark and moody lighting, at night, digital art, oil painting, cold blue tones, fantasy, 8 k, trending on artstation, detailed ",665c1a33f8f1af344f90fa208a200d26840e5d698cb7054b07fa9ce4364938a1,imagereward:images/test/test_2/2a99d448-fa70-4bf2-bfd0-a6c30191a849.webp,imagereward:images/test/test_2/f0c4de4f-0e70-44e5-a872-8e0a11e94df3.webp,0.2632197141647339,0.1672309935092926,0.09598872065544128,gallery_images/ffa92187f93bb9140d50d08b.jpg,gallery_images/4f189977b012407e5e64abad.jpg,"{""model_id"": null, ""negative_prompt"": null, ""gs"": null, ""steps"": null, ""scheduler_cls"": null, ""classification"": ""Outdoor Scenes""}","{""model_id"": null, ""negative_prompt"": null, ""gs"": null, ""steps"": null, ""scheduler_cls"": null, ""classification"": ""Outdoor Scenes""}",unverified,,,
6565,bright-green,1,supportive,imagereward:test:008275-0162,"bioluminescent crystal ball abstract sculpture, neon, fluorescent, magenta hyper detailed, red & purple beauteous biomechanical organic lightpainting, 8 k scenery, perfect lighting balance, ",c5c9324fe686aa7c94a4e209e8c979b72d69085c2a3c33f77c567493db471506,imagereward:images/test/test_1/0647a02c-879d-483f-81d0-65b945e7bec1.webp,imagereward:images/test/test_1/b7c77f57-b5b6-4bee-8df1-f931779840d2.webp,0.3448202610015869,0.25735074281692505,0.08746951818466187,gallery_images/3311939f6c319dc4ccd17467.jpg,gallery_images/cc580047882db69db6d5ff08.jpg,"{""model_id"": null, ""negative_prompt"": null, ""gs"": null, ""steps"": null, ""scheduler_cls"": null, ""classification"": ""Arts""}","{""model_id"": null, ""negative_prompt"": null, ""gs"": null, ""steps"": null, ""scheduler_cls"": null, ""classification"": ""Arts""}",unverified,,,
6565,bright-green,1,counterexample,imagereward:test:010817-0088,mother theresa eating a terrapin ,93eef9cfe3558d21cd24ea834af6e24f85f955753e9577af6c4f2e4647284f0d,imagereward:images/test/test_2/54c0c1bd-d97a-4982-b9a4-069e14c4416d.webp,imagereward:images/test/test_2/95f54be5-224b-4d3d-b64d-2ecd1f0e6e55.webp,0.20052865147590637,0.2985612154006958,-0.09803256392478943,gallery_images/555b0de43cce15ae0bbf32d4.jpg,gallery_images/9f2599538c6141572a399ed0.jpg,"{""model_id"": null, ""negative_prompt"": null, ""gs"": null, ""steps"": null, ""scheduler_cls"": null, ""classification"": ""People""}","{""model_id"": null, ""negative_prompt"": null, ""gs"": null, ""steps"": null, ""scheduler_cls"": null, ""classification"": ""People""}",unverified,,,
6565,bright-green,1,counterexample,imagereward:test:010856-0009,funny peanut butter ,b18ea9950d494d375d0c180c19fd090da6228f69d114cdf9665f8628abd7a871,imagereward:images/test/test_2/d7efc9ab-5b83-4dfb-9f37-e5c3494a9c6a.webp,imagereward:images/test/test_2/2ffb0136-0b1d-4f69-91a6-6c9db9cf1fc5.webp,0.2506941854953766,0.32649528980255127,-0.07580110430717468,gallery_images/7ffe2a14962798eca3100109.jpg,gallery_images/275ee57f8278bac8d593f026.jpg,"{""model_id"": null, ""negative_prompt"": null, ""gs"": null, ""steps"": null, ""scheduler_cls"": null, ""classification"": ""Food""}","{""model_id"": null, ""negative_prompt"": null, ""gs"": null, ""steps"": null, ""scheduler_cls"": null, ""classification"": ""Food""}",unverified,,,
6565,bright-green,1,random_audit,imagereward:test:010918-0030,the pope in saving private james ryan ,9ed63beff86d5e18e4048901428ee78733de38893029c7c73093da1301c7baa5,imagereward:images/test/test_2/cbc83c67-d5cb-4872-95c7-f46ca0cdcd6c.webp,imagereward:images/test/test_2/3967a17c-407b-4b0a-945b-33fa4de64faa.webp,0.23688368499279022,0.29420506954193115,-0.05732138454914093,gallery_images/d664aa5be8f6b3d7166b32c7.jpg,gallery_images/83472d02a58f9f0ef06a8458.jpg,"{""model_id"": null, ""negative_prompt"": null, ""gs"": null, ""steps"": null, ""scheduler_cls"": null, ""classification"": ""People""}","{""model_id"": null, ""negative_prompt"": null, ""gs"": null, ""steps"": null, ""scheduler_cls"": null, ""classification"": ""People""}",unverified,,,
6565,bright-green,1,random_audit,imagereward:test:010921-0064,"a bright fantasy city built between cliffs, sleek glass buildings, elegant bridges between stalactites, illustration, raining, dark and moody lighting, at night, digital art, oil painting, cold blue tones, fantasy, 8 k, trending on artstation, detailed ",665c1a33f8f1af344f90fa208a200d26840e5d698cb7054b07fa9ce4364938a1,imagereward:images/test/test_2/9de7e353-e646-4f34-b8c8-f2d00c2d2832.webp,imagereward:images/test/test_2/5bf2c29b-2bca-43d0-acae-95349b0fc3fb.webp,0.18623888492584229,0.22164210677146912,-0.03540322184562683,gallery_images/28ae48dabcfd1c0a04dc2fce.jpg,gallery_images/038b27ec77946b917cde1395.jpg,"{""model_id"": null, ""negative_prompt"": null, ""gs"": null, ""steps"": null, ""scheduler_cls"": null, ""classification"": ""Outdoor Scenes""}","{""model_id"": null, ""negative_prompt"": null, ""gs"": null, ""steps"": null, ""scheduler_cls"": null, ""classification"": ""Outdoor Scenes""}",unverified,,,
20763,green-black,1,supportive,imagereward:test:008275-0162,"bioluminescent crystal ball abstract sculpture, neon, fluorescent, magenta hyper detailed, red & purple beauteous biomechanical organic lightpainting, 8 k scenery, perfect lighting balance, ",c5c9324fe686aa7c94a4e209e8c979b72d69085c2a3c33f77c567493db471506,imagereward:images/test/test_1/0647a02c-879d-483f-81d0-65b945e7bec1.webp,imagereward:images/test/test_1/b7c77f57-b5b6-4bee-8df1-f931779840d2.webp,0.31578418612480164,0.22545379400253296,0.09033039212226868,gallery_images/3311939f6c319dc4ccd17467.jpg,gallery_images/cc580047882db69db6d5ff08.jpg,"{""model_id"": null, ""negative_prompt"": null, ""gs"": null, ""steps"": null, ""scheduler_cls"": null, ""classification"": ""Arts""}","{""model_id"": null, ""negative_prompt"": null, ""gs"": null, ""steps"": null, ""scheduler_cls"": null, ""classification"": ""Arts""}",unverified,,,
20763,green-black,1,supportive,imagereward:test:010921-0064,"a bright fantasy city built between cliffs, sleek glass buildings, elegant bridges between stalactites, illustration, raining, dark and moody lighting, at night, digital art, oil painting, cold blue tones, fantasy, 8 k, trending on artstation, detailed ",665c1a33f8f1af344f90fa208a200d26840e5d698cb7054b07fa9ce4364938a1,imagereward:images/test/test_2/2a99d448-fa70-4bf2-bfd0-a6c30191a849.webp,imagereward:images/test/test_2/481c5c41-fe90-44a6-a4d6-d48706d6f7f7.webp,0.22429049015045166,0.16854338347911835,0.05574710667133331,gallery_images/ffa92187f93bb9140d50d08b.jpg,gallery_images/1bae0b95af7ad69b5daffdf8.jpg,"{""model_id"": null, ""negative_prompt"": null, ""gs"": null, ""steps"": null, ""scheduler_cls"": null, ""classification"": ""Outdoor Scenes""}","{""model_id"": null, ""negative_prompt"": null, ""gs"": null, ""steps"": null, ""scheduler_cls"": null, ""classification"": ""Outdoor Scenes""}",unverified,,,
20763,green-black,1,counterexample,imagereward:test:007108-0023,"Drama King, photorealistic portrait, 8K, Cinematic lights",ef2867fcf92c49c0e0df371e211de33e9cb3a855515d164fb388da6adfa9674f,imagereward:images/test/test_1/2fdb6c81-e1bd-460c-84e2-2bf3b295a40d.webp,imagereward:images/test/test_1/25f0aa4b-a463-45c7-9274-48717f86165f.webp,0.17757034301757812,0.3153868019580841,-0.13781645894050598,gallery_images/af77012debe518c25169cf76.jpg,gallery_images/e2c9723cc50be1650761e2d5.jpg,"{""model_id"": null, ""negative_prompt"": null, ""gs"": null, ""steps"": null, ""scheduler_cls"": null, ""classification"": ""People""}","{""model_id"": null, ""negative_prompt"": null, ""gs"": null, ""steps"": null, ""scheduler_cls"": null, ""classification"": ""People""}",unverified,,,
20763,green-black,1,counterexample,imagereward:test:010817-0088,mother theresa eating a terrapin ,93eef9cfe3558d21cd24ea834af6e24f85f955753e9577af6c4f2e4647284f0d,imagereward:images/test/test_2/54c0c1bd-d97a-4982-b9a4-069e14c4416d.webp,imagereward:images/test/test_2/95f54be5-224b-4d3d-b64d-2ecd1f0e6e55.webp,0.19925826787948608,0.31639569997787476,-0.11713743209838867,gallery_images/555b0de43cce15ae0bbf32d4.jpg,gallery_images/9f2599538c6141572a399ed0.jpg,"{""model_id"": null, ""negative_prompt"": null, ""gs"": null, ""steps"": null, ""scheduler_cls"": null, ""classification"": ""People""}","{""model_id"": null, ""negative_prompt"": null, ""gs"": null, ""steps"": null, ""scheduler_cls"": null, ""classification"": ""People""}",unverified,,,
20763,green-black,1,random_audit,imagereward:test:009006-0102,"Horrifying creature, haunted, horror",6ee1b52c63caf60d8db23751287681018dfce76c98cca49820b5a1a91db4b14a,imagereward:images/test/test_1/0429a07f-659e-4c73-8fc3-10ea678df8f2.webp,imagereward:images/test/test_1/feea7bc0-7b65-4553-b3f5-5b10d9b240ed.webp,0.2085498869419098,0.20134948194026947,0.00720040500164032,gallery_images/5d8ffcc7dd08aa671265fe08.jpg,gallery_images/7d6690b49db9c43500b02060.jpg,"{""model_id"": null, ""negative_prompt"": null, ""gs"": null, ""steps"": null, ""scheduler_cls"": null, ""classification"": ""Arts""}","{""model_id"": null, ""negative_prompt"": null, ""gs"": null, ""steps"": null, ""scheduler_cls"": null, ""classification"": ""Arts""}",unverified,,,
20763,green-black,1,random_audit,imagereward:test:010921-0064,"a bright fantasy city built between cliffs, sleek glass buildings, elegant bridges between stalactites, illustration, raining, dark and moody lighting, at night, digital art, oil painting, cold blue tones, fantasy, 8 k, trending on artstation, detailed ",665c1a33f8f1af344f90fa208a200d26840e5d698cb7054b07fa9ce4364938a1,imagereward:images/test/test_2/9de7e353-e646-4f34-b8c8-f2d00c2d2832.webp,imagereward:images/test/test_2/526a66a5-f58c-49d7-a36e-4ab2f85631aa.webp,0.170680433511734,0.2421007752418518,-0.0714203417301178,gallery_images/28ae48dabcfd1c0a04dc2fce.jpg,gallery_images/f0007ac692902def48712601.jpg,"{""model_id"": null, ""negative_prompt"": null, ""gs"": null, ""steps"": null, ""scheduler_cls"": null, ""classification"": ""Outdoor Scenes""}","{""model_id"": null, ""negative_prompt"": null, ""gs"": null, ""steps"": null, ""scheduler_cls"": null, ""classification"": ""Outdoor Scenes""}",unverified,,,
20760,green,1,supportive,imagereward:test:008275-0162,"bioluminescent crystal ball abstract sculpture, neon, fluorescent, magenta hyper detailed, red & purple beauteous biomechanical organic lightpainting, 8 k scenery, perfect lighting balance, ",c5c9324fe686aa7c94a4e209e8c979b72d69085c2a3c33f77c567493db471506,imagereward:images/test/test_1/0647a02c-879d-483f-81d0-65b945e7bec1.webp,imagereward:images/test/test_1/b7c77f57-b5b6-4bee-8df1-f931779840d2.webp,0.296448677778244,0.22075235843658447,0.07569631934165955,gallery_images/3311939f6c319dc4ccd17467.jpg,gallery_images/cc580047882db69db6d5ff08.jpg,"{""model_id"": null, ""negative_prompt"": null, ""gs"": null, ""steps"": null, ""scheduler_cls"": null, ""classification"": ""Arts""}","{""model_id"": null, ""negative_prompt"": null, ""gs"": null, ""steps"": null, ""scheduler_cls"": null, ""classification"": ""Arts""}",unverified,,,
20760,green,1,supportive,imagereward:test:010921-0064,"a bright fantasy city built between cliffs, sleek glass buildings, elegant bridges between stalactites, illustration, raining, dark and moody lighting, at night, digital art, oil painting, cold blue tones, fantasy, 8 k, trending on artstation, detailed ",665c1a33f8f1af344f90fa208a200d26840e5d698cb7054b07fa9ce4364938a1,imagereward:images/test/test_2/2a99d448-fa70-4bf2-bfd0-a6c30191a849.webp,imagereward:images/test/test_2/f0c4de4f-0e70-44e5-a872-8e0a11e94df3.webp,0.22472518682479858,0.15181350708007812,0.07291167974472046,gallery_images/ffa92187f93bb9140d50d08b.jpg,gallery_images/4f189977b012407e5e64abad.jpg,"{""model_id"": null, ""negative_prompt"": null, ""gs"": null, ""steps"": null, ""scheduler_cls"": null, ""classification"": ""Outdoor Scenes""}","{""model_id"": null, ""negative_prompt"": null, ""gs"": null, ""steps"": null, ""scheduler_cls"": null, ""classification"": ""Outdoor Scenes""}",unverified,,,
20760,green,1,counterexample,imagereward:test:010856-0009,funny peanut butter ,b18ea9950d494d375d0c180c19fd090da6228f69d114cdf9665f8628abd7a871,imagereward:images/test/test_2/d7efc9ab-5b83-4dfb-9f37-e5c3494a9c6a.webp,imagereward:images/test/test_2/2ffb0136-0b1d-4f69-91a6-6c9db9cf1fc5.webp,0.23881059885025024,0.3155845105648041,-0.07677391171455383,gallery_images/7ffe2a14962798eca3100109.jpg,gallery_images/275ee57f8278bac8d593f026.jpg,"{""model_id"": null, ""negative_prompt"": null, ""gs"": null, ""steps"": null, ""scheduler_cls"": null, ""classification"": ""Food""}","{""model_id"": null, ""negative_prompt"": null, ""gs"": null, ""steps"": null, ""scheduler_cls"": null, ""classification"": ""Food""}",unverified,,,
20760,green,1,counterexample,imagereward:test:010817-0088,mother theresa eating a terrapin ,93eef9cfe3558d21cd24ea834af6e24f85f955753e9577af6c4f2e4647284f0d,imagereward:images/test/test_2/54c0c1bd-d97a-4982-b9a4-069e14c4416d.webp,imagereward:images/test/test_2/95f54be5-224b-4d3d-b64d-2ecd1f0e6e55.webp,0.20194774866104126,0.27010661363601685,-0.06815886497497559,gallery_images/555b0de43cce15ae0bbf32d4.jpg,gallery_images/9f2599538c6141572a399ed0.jpg,"{""model_id"": null, ""negative_prompt"": null, ""gs"": null, ""steps"": null, ""scheduler_cls"": null, ""classification"": ""People""}","{""model_id"": null, ""negative_prompt"": null, ""gs"": null, ""steps"": null, ""scheduler_cls"": null, ""classification"": ""People""}",unverified,,,
20760,green,1,random_audit,imagereward:test:008275-0162,"bioluminescent crystal ball abstract sculpture, neon, fluorescent, magenta hyper detailed, red & purple beauteous biomechanical organic lightpainting, 8 k scenery, perfect lighting balance, ",c5c9324fe686aa7c94a4e209e8c979b72d69085c2a3c33f77c567493db471506,imagereward:images/test/test_1/0647a02c-879d-483f-81d0-65b945e7bec1.webp,imagereward:images/test/test_1/b7c77f57-b5b6-4bee-8df1-f931779840d2.webp,0.296448677778244,0.22075235843658447,0.07569631934165955,gallery_images/3311939f6c319dc4ccd17467.jpg,gallery_images/cc580047882db69db6d5ff08.jpg,"{""model_id"": null, ""negative_prompt"": null, ""gs"": null, ""steps"": null, ""scheduler_cls"": null, ""classification"": ""Arts""}","{""model_id"": null, ""negative_prompt"": null, ""gs"": null, ""steps"": null, ""scheduler_cls"": null, ""classification"": ""Arts""}",unverified,,,
20760,green,1,random_audit,imagereward:test:009006-0102,"Horrifying creature, haunted, horror",6ee1b52c63caf60d8db23751287681018dfce76c98cca49820b5a1a91db4b14a,imagereward:images/test/test_1/7c5c94f3-8a41-492c-8c46-754ad80af2ea.webp,imagereward:images/test/test_1/feea7bc0-7b65-4553-b3f5-5b10d9b240ed.webp,0.1706271469593048,0.1891348659992218,-0.018507719039916992,gallery_images/c6e4751b0736334e48c56fc1.jpg,gallery_images/7d6690b49db9c43500b02060.jpg,"{""model_id"": null, ""negative_prompt"": null, ""gs"": null, ""steps"": null, ""scheduler_cls"": null, ""classification"": ""Arts""}","{""model_id"": null, ""negative_prompt"": null, ""gs"": null, ""steps"": null, ""scheduler_cls"": null, ""classification"": ""Arts""}",unverified,,,
30369,moss-green,1,supportive,imagereward:test:010918-0030,the pope in saving private james ryan ,9ed63beff86d5e18e4048901428ee78733de38893029c7c73093da1301c7baa5,imagereward:images/test/test_2/cbc83c67-d5cb-4872-95c7-f46ca0cdcd6c.webp,imagereward:images/test/test_2/80e1a909-135a-4157-9341-846f9d43e4f4.webp,0.23722070455551147,0.188907653093338,0.04831305146217346,gallery_images/d664aa5be8f6b3d7166b32c7.jpg,gallery_images/cf64485ee41adcf41ca2a494.jpg,"{""model_id"": null, ""negative_prompt"": null, ""gs"": null, ""steps"": null, ""scheduler_cls"": null, ""classification"": ""People""}","{""model_id"": null, ""negative_prompt"": null, ""gs"": null, ""steps"": null, ""scheduler_cls"": null, ""classification"": ""People""}",unverified,,,
30369,moss-green,1,supportive,imagereward:test:010856-0009,funny peanut butter ,b18ea9950d494d375d0c180c19fd090da6228f69d114cdf9665f8628abd7a871,imagereward:images/test/test_2/d7efc9ab-5b83-4dfb-9f37-e5c3494a9c6a.webp,imagereward:images/test/test_2/8b7d05e4-9a3b-4c73-b087-104251033467.webp,0.24199742078781128,0.19481757283210754,0.047179847955703735,gallery_images/7ffe2a14962798eca3100109.jpg,gallery_images/3dc52bcc5f9d782b00729f67.jpg,"{""model_id"": null, ""negative_prompt"": null, ""gs"": null, ""steps"": null, ""scheduler_cls"": null, ""classification"": ""Food""}","{""model_id"": null, ""negative_prompt"": null, ""gs"": null, ""steps"": null, ""scheduler_cls"": null, ""classification"": ""Food""}",unverified,,,
30369,moss-green,1,counterexample,imagereward:test:007713-0046,Boris Johnson and Eminen on a stage having an epic rap battle together,b0d04d7cbc27aada61a2a2c88184bd2d92ab094fb3d6dff2db24cef0f2bfee54,imagereward:images/test/test_1/48b9bead-0909-496a-8e65-c4b79d66506f.webp,imagereward:images/test/test_1/9dc88b05-f911-4a4d-abdb-e0bd03c4d01b.webp,0.13765060901641846,0.20028270781040192,-0.06263209879398346,gallery_images/69a6e82e6be1dbe6ecfd6773.jpg,gallery_images/052da60eedfc881426be243b.jpg,"{""model_id"": null, ""negative_prompt"": null, ""gs"": null, ""steps"": null, ""scheduler_cls"": null, ""classification"": ""People""}","{""model_id"": null, ""negative_prompt"": null, ""gs"": null, ""steps"": null, ""scheduler_cls"": null, ""classification"": ""People""}",unverified,,,
30369,moss-green,1,counterexample,imagereward:test:007108-0023,"Drama King, photorealistic portrait, 8K, Cinematic lights",ef2867fcf92c49c0e0df371e211de33e9cb3a855515d164fb388da6adfa9674f,imagereward:images/test/test_1/2fdb6c81-e1bd-460c-84e2-2bf3b295a40d.webp,imagereward:images/test/test_1/25f0aa4b-a463-45c7-9274-48717f86165f.webp,0.1832013875246048,0.23726285994052887,-0.05406147241592407,gallery_images/af77012debe518c25169cf76.jpg,gallery_images/e2c9723cc50be1650761e2d5.jpg,"{""model_id"": null, ""negative_prompt"": null, ""gs"": null, ""steps"": null, ""scheduler_cls"": null, ""classification"": ""People""}","{""model_id"": null, ""negative_prompt"": null, ""gs"": null, ""steps"": null, ""scheduler_cls"": null, ""classification"": ""People""}",unverified,,,
30369,moss-green,1,random_audit,imagereward:test:007019-0095,"astronaut drifting afloat in space, in the darkness away from anyone else, alone, digital render, detailed illustration, black background dotted with stars, concept art, realistic, 8 k ",1cc69dd90585fe53b316368e8bec20b67a8c2abe627e4c2c13fb492b5775f876,imagereward:images/test/test_1/0efeea25-24dc-4146-a8c6-94fe27d82bf9.webp,imagereward:images/test/test_1/866fa2de-dab0-4f9d-bbbf-f6572dadb2f2.webp,0.21023377776145935,0.23341698944568634,-0.02318321168422699,gallery_images/ffe851e1110ecaa58cd2bed9.jpg,gallery_images/b9b07a436bb436e9b5cc5949.jpg,"{""model_id"": null, ""negative_prompt"": null, ""gs"": null, ""steps"": null, ""scheduler_cls"": null, ""classification"": ""People""}","{""model_id"": null, ""negative_prompt"": null, ""gs"": null, ""steps"": null, ""scheduler_cls"": null, ""classification"": ""People""}",unverified,,,
30369,moss-green,1,random_audit,imagereward:test:007713-0046,Boris Johnson and Eminen on a stage having an epic rap battle together,b0d04d7cbc27aada61a2a2c88184bd2d92ab094fb3d6dff2db24cef0f2bfee54,imagereward:images/test/test_1/48b9bead-0909-496a-8e65-c4b79d66506f.webp,imagereward:images/test/test_1/234f6195-5526-4d08-80a0-166943089bb9.webp,0.13765060901641846,0.17494943737983704,-0.03729882836341858,gallery_images/69a6e82e6be1dbe6ecfd6773.jpg,gallery_images/30e47bf7fcbfd5aa97ac686b.jpg,"{""model_id"": null, ""negative_prompt"": null, ""gs"": null, ""steps"": null, ""scheduler_cls"": null, ""classification"": ""People""}","{""model_id"": null, ""negative_prompt"": null, ""gs"": null, ""steps"": null, ""scheduler_cls"": null, ""classification"": ""People""}",unverified,,,
20772,green-striped,1,supportive,imagereward:test:010921-0064,"a bright fantasy city built between cliffs, sleek glass buildings, elegant bridges between stalactites, illustration, raining, dark and moody lighting, at night, digital art, oil painting, cold blue tones, fantasy, 8 k, trending on artstation, detailed ",665c1a33f8f1af344f90fa208a200d26840e5d698cb7054b07fa9ce4364938a1,imagereward:images/test/test_2/2a99d448-fa70-4bf2-bfd0-a6c30191a849.webp,imagereward:images/test/test_2/481c5c41-fe90-44a6-a4d6-d48706d6f7f7.webp,0.19887582957744598,0.11769077926874161,0.08118505030870438,gallery_images/ffa92187f93bb9140d50d08b.jpg,gallery_images/1bae0b95af7ad69b5daffdf8.jpg,"{""model_id"": null, ""negative_prompt"": null, ""gs"": null, ""steps"": null, ""scheduler_cls"": null, ""classification"": ""Outdoor Scenes""}","{""model_id"": null, ""negative_prompt"": null, ""gs"": null, ""steps"": null, ""scheduler_cls"": null, ""classification"": ""Outdoor Scenes""}",unverified,,,
20772,green-striped,1,supportive,imagereward:test:008275-0162,"bioluminescent crystal ball abstract sculpture, neon, fluorescent, magenta hyper detailed, red & purple beauteous biomechanical organic lightpainting, 8 k scenery, perfect lighting balance, ",c5c9324fe686aa7c94a4e209e8c979b72d69085c2a3c33f77c567493db471506,imagereward:images/test/test_1/0647a02c-879d-483f-81d0-65b945e7bec1.webp,imagereward:images/test/test_1/b7c77f57-b5b6-4bee-8df1-f931779840d2.webp,0.2507803738117218,0.1822734773159027,0.06850689649581909,gallery_images/3311939f6c319dc4ccd17467.jpg,gallery_images/cc580047882db69db6d5ff08.jpg,"{""model_id"": null, ""negative_prompt"": null, ""gs"": null, ""steps"": null, ""scheduler_cls"": null, ""classification"": ""Arts""}","{""model_id"": null, ""negative_prompt"": null, ""gs"": null, ""steps"": null, ""scheduler_cls"": null, ""classification"": ""Arts""}",unverified,,,
20772,green-striped,1,counterexample,imagereward:test:007108-0023,"Drama King, photorealistic portrait, 8K, Cinematic lights",ef2867fcf92c49c0e0df371e211de33e9cb3a855515d164fb388da6adfa9674f,imagereward:images/test/test_1/2fdb6c81-e1bd-460c-84e2-2bf3b295a40d.webp,imagereward:images/test/test_1/25f0aa4b-a463-45c7-9274-48717f86165f.webp,0.15216124057769775,0.2880856394767761,-0.13592439889907837,gallery_images/af77012debe518c25169cf76.jpg,gallery_images/e2c9723cc50be1650761e2d5.jpg,"{""model_id"": null, ""negative_prompt"": null, ""gs"": null, ""steps"": null, ""scheduler_cls"": null, ""classification"": ""People""}","{""model_id"": null, ""negative_prompt"": null, ""gs"": null, ""steps"": null, ""scheduler_cls"": null, ""classification"": ""People""}",unverified,,,
20772,green-striped,1,counterexample,imagereward:test:010817-0088,mother theresa eating a terrapin ,93eef9cfe3558d21cd24ea834af6e24f85f955753e9577af6c4f2e4647284f0d,imagereward:images/test/test_2/54c0c1bd-d97a-4982-b9a4-069e14c4416d.webp,imagereward:images/test/test_2/95f54be5-224b-4d3d-b64d-2ecd1f0e6e55.webp,0.18325214087963104,0.2882206439971924,-0.10496850311756134,gallery_images/555b0de43cce15ae0bbf32d4.jpg,gallery_images/9f2599538c6141572a399ed0.jpg,"{""model_id"": null, ""negative_prompt"": null, ""gs"": null, ""steps"": null, ""scheduler_cls"": null, ""classification"": ""People""}","{""model_id"": null, ""negative_prompt"": null, ""gs"": null, ""steps"": null, ""scheduler_cls"": null, ""classification"": ""People""}",unverified,,,
20772,green-striped,1,random_audit,imagereward:test:008275-0162,"bioluminescent crystal ball abstract sculpture, neon, fluorescent, magenta hyper detailed, red & purple beauteous biomechanical organic lightpainting, 8 k scenery, perfect lighting balance, ",c5c9324fe686aa7c94a4e209e8c979b72d69085c2a3c33f77c567493db471506,imagereward:images/test/test_1/0647a02c-879d-483f-81d0-65b945e7bec1.webp,imagereward:images/test/test_1/35333673-8d72-4303-8a03-93ad2f8aff18.webp,0.2507803738117218,0.25068530440330505,9.506940841674805e-05,gallery_images/3311939f6c319dc4ccd17467.jpg,gallery_images/89181cc55f988a356169869b.jpg,"{""model_id"": null, ""negative_prompt"": null, ""gs"": null, ""steps"": null, ""scheduler_cls"": null, ""classification"": ""Arts""}","{""model_id"": null, ""negative_prompt"": null, ""gs"": null, ""steps"": null, ""scheduler_cls"": null, ""classification"": ""Arts""}",unverified,,,
20772,green-striped,1,random_audit,imagereward:test:007019-0095,"astronaut drifting afloat in space, in the darkness away from anyone else, alone, digital render, detailed illustration, black background dotted with stars, concept art, realistic, 8 k ",1cc69dd90585fe53b316368e8bec20b67a8c2abe627e4c2c13fb492b5775f876,imagereward:images/test/test_1/2d047220-c2f9-4dcc-b4c4-96496276f3fd.webp,imagereward:images/test/test_1/3ba95678-d137-441d-ae6f-ece52724b225.webp,0.20367635786533356,0.21160076558589935,-0.007924407720565796,gallery_images/033d5b9651fcf749d627459e.jpg,gallery_images/737a60fda323d2714b04f70a.jpg,"{""model_id"": null, ""negative_prompt"": null, ""gs"": null, ""steps"": null, ""scheduler_cls"": null, ""classification"": ""People""}","{""model_id"": null, ""negative_prompt"": null, ""gs"": null, ""steps"": null, ""scheduler_cls"": null, ""classification"": ""People""}",unverified,,,
53395,wire-mesh,-1,supportive,imagereward:test:007189-0066,muscular man wearing a leather harness and hat ,a1b9da2e14b14711efc944053b56997170d1fc428129b3ef672b1516854f3a4a,imagereward:images/test/test_1/425f1e31-c818-42d5-8a4a-c7bf861f8b86.webp,imagereward:images/test/test_1/b202c160-fa72-41c9-b9c6-7bb56b7a9e64.webp,0.18826264142990112,0.33005577325820923,-0.1417931318283081,gallery_images/0d4087b9c23beebde460d9de.jpg,gallery_images/0369669bc3778eb7db991d3e.jpg,"{""model_id"": null, ""negative_prompt"": null, ""gs"": null, ""steps"": null, ""scheduler_cls"": null, ""classification"": ""People""}","{""model_id"": null, ""negative_prompt"": null, ""gs"": null, ""steps"": null, ""scheduler_cls"": null, ""classification"": ""People""}",unverified,,,
53395,wire-mesh,-1,supportive,imagereward:test:001260-0073,"realistic photography of a man 3 5 years old with a bit of bear, short hair, few wrinkles around eyes, sexy, cinematographic, cinematic light, close up view, intense, colorize, 8 0 mm lens ",bd5a08c78f7713700e45a208189c5ba33df3fc51dd6425fbac0f13cff8386f73,imagereward:images/test/test_2/7f6386f1-9330-496a-87f0-f935074e09bd.webp,imagereward:images/test/test_2/dc0ba70d-4437-4e22-a9ab-61de73e21bf3.webp,0.19769252836704254,0.31193840503692627,-0.11424587666988373,gallery_images/a3bcc6ce6ba0717536ae0479.jpg,gallery_images/6cdb518e3173b5c1bf35cb61.jpg,"{""model_id"": null, ""negative_prompt"": null, ""gs"": null, ""steps"": null, ""scheduler_cls"": null, ""classification"": ""People""}","{""model_id"": null, ""negative_prompt"": null, ""gs"": null, ""steps"": null, ""scheduler_cls"": null, ""classification"": ""People""}",unverified,,,
53395,wire-mesh,-1,counterexample,imagereward:test:010856-0009,funny peanut butter ,b18ea9950d494d375d0c180c19fd090da6228f69d114cdf9665f8628abd7a871,imagereward:images/test/test_2/d7efc9ab-5b83-4dfb-9f37-e5c3494a9c6a.webp,imagereward:images/test/test_2/de0d0967-da8b-4313-aabc-8586351f274e.webp,0.2460755854845047,0.18400654196739197,0.06206904351711273,gallery_images/7ffe2a14962798eca3100109.jpg,gallery_images/dab53c0cd368a25298f6d76d.jpg,"{""model_id"": null, ""negative_prompt"": null, ""gs"": null, ""steps"": null, ""scheduler_cls"": null, ""classification"": ""Food""}","{""model_id"": null, ""negative_prompt"": null, ""gs"": null, ""steps"": null, ""scheduler_cls"": null, ""classification"": ""Food""}",unverified,,,
53395,wire-mesh,-1,counterexample,imagereward:test:010918-0030,the pope in saving private james ryan ,9ed63beff86d5e18e4048901428ee78733de38893029c7c73093da1301c7baa5,imagereward:images/test/test_2/cbc83c67-d5cb-4872-95c7-f46ca0cdcd6c.webp,imagereward:images/test/test_2/24fb28c3-f778-4116-8ffb-f41230beb451.webp,0.24724501371383667,0.18887339532375336,0.05837161839008331,gallery_images/d664aa5be8f6b3d7166b32c7.jpg,gallery_images/df55fdf1e4ded79867ad1671.jpg,"{""model_id"": null, ""negative_prompt"": null, ""gs"": null, ""steps"": null, ""scheduler_cls"": null, ""classification"": ""People""}","{""model_id"": null, ""negative_prompt"": null, ""gs"": null, ""steps"": null, ""scheduler_cls"": null, ""classification"": ""People""}",unverified,,,
53395,wire-mesh,-1,random_audit,imagereward:test:010921-0064,"a bright fantasy city built between cliffs, sleek glass buildings, elegant bridges between stalactites, illustration, raining, dark and moody lighting, at night, digital art, oil painting, cold blue tones, fantasy, 8 k, trending on artstation, detailed ",665c1a33f8f1af344f90fa208a200d26840e5d698cb7054b07fa9ce4364938a1,imagereward:images/test/test_2/2a99d448-fa70-4bf2-bfd0-a6c30191a849.webp,imagereward:images/test/test_2/f0c4de4f-0e70-44e5-a872-8e0a11e94df3.webp,0.15141870081424713,0.16729365289211273,-0.0158749520778656,gallery_images/ffa92187f93bb9140d50d08b.jpg,gallery_images/4f189977b012407e5e64abad.jpg,"{""model_id"": null, ""negative_prompt"": null, ""gs"": null, ""steps"": null, ""scheduler_cls"": null, ""classification"": ""Outdoor Scenes""}","{""model_id"": null, ""negative_prompt"": null, ""gs"": null, ""steps"": null, ""scheduler_cls"": null, ""classification"": ""Outdoor Scenes""}",unverified,,,
53395,wire-mesh,-1,random_audit,imagereward:test:008289-0059,"film still of the geisha robot from ghost in the shell, cinematic lighting, 3 5 mm, high resolution ",3bd7d4dddc3e23f3607fda60a8645e56af48b86a319f4d55650264f6bab14574,imagereward:images/test/test_1/d5a97b27-8f4d-444b-ac87-b756a3fd4bae.webp,imagereward:images/test/test_1/128c175b-0862-454d-acbc-cb28100a1333.webp,0.24666588008403778,0.24372205138206482,0.0029438287019729614,gallery_images/e1c8d204d61512a98cab0302.jpg,gallery_images/9e6842572849591a2cbefa85.jpg,"{""model_id"": null, ""negative_prompt"": null, ""gs"": null, ""steps"": null, ""scheduler_cls"": null, ""classification"": ""Artifacts""}","{""model_id"": null, ""negative_prompt"": null, ""gs"": null, ""steps"": null, ""scheduler_cls"": null, ""classification"": ""Artifacts""}",unverified,,,
21204,hail,-1,supportive,imagereward:test:011041-0080,"cinematic movie scene, beautiful Product shot film still of a Syd Mead futuristic modern sleek automobile speeding down a wet street at night in cyperpunk city, motion, hard surface modeling, volumetric soft lighting, style of Stanley Kubrick cinematography, 8k H 768",dbd49eb02d28c2c1f1ec6876579fff93930afe77f87e6bb55508973b63052f66,imagereward:images/test/test_2/ca78835a-e229-4b35-b6d8-91560d71db35.webp,imagereward:images/test/test_2/a4c04c0b-7362-46a3-bc79-4bfe80282e3a.webp,0.19560548663139343,0.2502635419368744,-0.05465805530548096,gallery_images/1357fcf0de0848b4875ca7b2.jpg,gallery_images/6cc689e43cd3b953abf35564.jpg,"{""model_id"": null, ""negative_prompt"": null, ""gs"": null, ""steps"": null, ""scheduler_cls"": null, ""classification"": ""Vehicles""}","{""model_id"": null, ""negative_prompt"": null, ""gs"": null, ""steps"": null, ""scheduler_cls"": null, ""classification"": ""Vehicles""}",unverified,,,
21204,hail,-1,supportive,imagereward:test:008615-0007,"a group of artists creating a masterpiece, glorious, in the style of artgerm and charlie bowater and atey ghailan and mike mignola, epic lighting, vibrant colors and hard shadows and strong rim light, very coherent, comic cover art, plain background, trending on artstation ",133343abee5ab23e2f72742014e087d34fcc6ed1ed4cac5948a1e45fca0b2a3c,imagereward:images/test/test_1/a9933af1-1d8b-4298-bdf3-00bea8548222.webp,imagereward:images/test/test_1/34dd04f4-19d9-48ea-a7be-54421e3a2403.webp,0.21705719828605652,0.26083314418792725,-0.04377594590187073,gallery_images/501f053ee9b680d94916607c.jpg,gallery_images/bf213c437f906a1140d2deb4.jpg,"{""model_id"": null, ""negative_prompt"": null, ""gs"": null, ""steps"": null, ""scheduler_cls"": null, ""classification"": ""Arts""}","{""model_id"": null, ""negative_prompt"": null, ""gs"": null, ""steps"": null, ""scheduler_cls"": null, ""classification"": ""Arts""}",unverified,,,
21204,hail,-1,counterexample,imagereward:test:007108-0023,"Drama King, photorealistic portrait, 8K, Cinematic lights",ef2867fcf92c49c0e0df371e211de33e9cb3a855515d164fb388da6adfa9674f,imagereward:images/test/test_1/2fdb6c81-e1bd-460c-84e2-2bf3b295a40d.webp,imagereward:images/test/test_1/ac661be8-4c31-48cf-a99f-32633b6c4504.webp,0.2542945444583893,0.18010304868221283,0.07419149577617645,gallery_images/af77012debe518c25169cf76.jpg,gallery_images/51104f6c5db156805e1e2dd9.jpg,"{""model_id"": null, ""negative_prompt"": null, ""gs"": null, ""steps"": null, ""scheduler_cls"": null, ""classification"": ""People""}","{""model_id"": null, ""negative_prompt"": null, ""gs"": null, ""steps"": null, ""scheduler_cls"": null, ""classification"": ""People""}",unverified,,,
21204,hail,-1,counterexample,imagereward:test:007019-0095,"astronaut drifting afloat in space, in the darkness away from anyone else, alone, digital render, detailed illustration, black background dotted with stars, concept art, realistic, 8 k ",1cc69dd90585fe53b316368e8bec20b67a8c2abe627e4c2c13fb492b5775f876,imagereward:images/test/test_1/2d047220-c2f9-4dcc-b4c4-96496276f3fd.webp,imagereward:images/test/test_1/815c3aac-9c80-4913-b562-097b4e62c099.webp,0.2977049946784973,0.23620659112930298,0.061498403549194336,gallery_images/033d5b9651fcf749d627459e.jpg,gallery_images/d38c6c1ddf1a0dca80bf7634.jpg,"{""model_id"": null, ""negative_prompt"": null, ""gs"": null, ""steps"": null, ""scheduler_cls"": null, ""classification"": ""People""}","{""model_id"": null, ""negative_prompt"": null, ""gs"": null, ""steps"": null, ""scheduler_cls"": null, ""classification"": ""People""}",unverified,,,
21204,hail,-1,random_audit,imagereward:test:011041-0080,"cinematic movie scene, beautiful Product shot film still of a Syd Mead futuristic modern sleek automobile speeding down a wet street at night in cyperpunk city, motion, hard surface modeling, volumetric soft lighting, style of Stanley Kubrick cinematography, 8k H 768",dbd49eb02d28c2c1f1ec6876579fff93930afe77f87e6bb55508973b63052f66,imagereward:images/test/test_2/be59feb8-c0d9-486e-94bc-2e406f671985.webp,imagereward:images/test/test_2/a4c04c0b-7362-46a3-bc79-4bfe80282e3a.webp,0.2332248091697693,0.2502635419368744,-0.017038732767105103,gallery_images/2cef7229767afe1304e6a5d3.jpg,gallery_images/6cc689e43cd3b953abf35564.jpg,"{""model_id"": null, ""negative_prompt"": null, ""gs"": null, ""steps"": null, ""scheduler_cls"": null, ""classification"": ""Vehicles""}","{""model_id"": null, ""negative_prompt"": null, ""gs"": null, ""steps"": null, ""scheduler_cls"": null, ""classification"": ""Vehicles""}",unverified,,,
21204,hail,-1,random_audit,imagereward:test:008275-0162,"bioluminescent crystal ball abstract sculpture, neon, fluorescent, magenta hyper detailed, red & purple beauteous biomechanical organic lightpainting, 8 k scenery, perfect lighting balance, ",c5c9324fe686aa7c94a4e209e8c979b72d69085c2a3c33f77c567493db471506,imagereward:images/test/test_1/0647a02c-879d-483f-81d0-65b945e7bec1.webp,imagereward:images/test/test_1/b7c77f57-b5b6-4bee-8df1-f931779840d2.webp,0.23407751321792603,0.2372763454914093,-0.0031988322734832764,gallery_images/3311939f6c319dc4ccd17467.jpg,gallery_images/cc580047882db69db6d5ff08.jpg,"{""model_id"": null, ""negative_prompt"": null, ""gs"": null, ""steps"": null, ""scheduler_cls"": null, ""classification"": ""Arts""}","{""model_id"": null, ""negative_prompt"": null, ""gs"": null, ""steps"": null, ""scheduler_cls"": null, ""classification"": ""Arts""}",unverified,,,
5075,bench-top,-1,supportive,imagereward:test:010918-0030,the pope in saving private james ryan ,9ed63beff86d5e18e4048901428ee78733de38893029c7c73093da1301c7baa5,imagereward:images/test/test_2/cbc83c67-d5cb-4872-95c7-f46ca0cdcd6c.webp,imagereward:images/test/test_2/ff8434c9-b9e4-4790-a0da-03432243248f.webp,0.2065722644329071,0.28417712450027466,-0.07760486006736755,gallery_images/d664aa5be8f6b3d7166b32c7.jpg,gallery_images/80584244fc3a95522f52b732.jpg,"{""model_id"": null, ""negative_prompt"": null, ""gs"": null, ""steps"": null, ""scheduler_cls"": null, ""classification"": ""People""}","{""model_id"": null, ""negative_prompt"": null, ""gs"": null, ""steps"": null, ""scheduler_cls"": null, ""classification"": ""People""}",unverified,,,
5075,bench-top,-1,supportive,imagereward:test:007019-0095,"astronaut drifting afloat in space, in the darkness away from anyone else, alone, digital render, detailed illustration, black background dotted with stars, concept art, realistic, 8 k ",1cc69dd90585fe53b316368e8bec20b67a8c2abe627e4c2c13fb492b5775f876,imagereward:images/test/test_1/0efeea25-24dc-4146-a8c6-94fe27d82bf9.webp,imagereward:images/test/test_1/815c3aac-9c80-4913-b562-097b4e62c099.webp,0.20434539020061493,0.2577548325061798,-0.05340944230556488,gallery_images/ffe851e1110ecaa58cd2bed9.jpg,gallery_images/d38c6c1ddf1a0dca80bf7634.jpg,"{""model_id"": null, ""negative_prompt"": null, ""gs"": null, ""steps"": null, ""scheduler_cls"": null, ""classification"": ""People""}","{""model_id"": null, ""negative_prompt"": null, ""gs"": null, ""steps"": null, ""scheduler_cls"": null, ""classification"": ""People""}",unverified,,,
5075,bench-top,-1,counterexample,imagereward:test:007713-0046,Boris Johnson and Eminen on a stage having an epic rap battle together,b0d04d7cbc27aada61a2a2c88184bd2d92ab094fb3d6dff2db24cef0f2bfee54,imagereward:images/test/test_1/047841df-97f9-4a15-b607-09277e3b1b95.webp,imagereward:images/test/test_1/234f6195-5526-4d08-80a0-166943089bb9.webp,0.2924633026123047,0.17916592955589294,0.11329737305641174,gallery_images/2802ffe76385d498d3c98a7f.jpg,gallery_images/30e47bf7fcbfd5aa97ac686b.jpg,"{""model_id"": null, ""negative_prompt"": null, ""gs"": null, ""steps"": null, ""scheduler_cls"": null, ""classification"": ""People""}","{""model_id"": null, ""negative_prompt"": null, ""gs"": null, ""steps"": null, ""scheduler_cls"": null, ""classification"": ""People""}",unverified,,,
5075,bench-top,-1,counterexample,imagereward:test:010856-0009,funny peanut butter ,b18ea9950d494d375d0c180c19fd090da6228f69d114cdf9665f8628abd7a871,imagereward:images/test/test_2/d7efc9ab-5b83-4dfb-9f37-e5c3494a9c6a.webp,imagereward:images/test/test_2/2ffb0136-0b1d-4f69-91a6-6c9db9cf1fc5.webp,0.30275145173072815,0.25418612360954285,0.0485653281211853,gallery_images/7ffe2a14962798eca3100109.jpg,gallery_images/275ee57f8278bac8d593f026.jpg,"{""model_id"": null, ""negative_prompt"": null, ""gs"": null, ""steps"": null, ""scheduler_cls"": null, ""classification"": ""Food""}","{""model_id"": null, ""negative_prompt"": null, ""gs"": null, ""steps"": null, ""scheduler_cls"": null, ""classification"": ""Food""}",unverified,,,
5075,bench-top,-1,random_audit,imagereward:test:008275-0162,"bioluminescent crystal ball abstract sculpture, neon, fluorescent, magenta hyper detailed, red & purple beauteous biomechanical organic lightpainting, 8 k scenery, perfect lighting balance, ",c5c9324fe686aa7c94a4e209e8c979b72d69085c2a3c33f77c567493db471506,imagereward:images/test/test_1/c91662d9-87c6-428f-bf86-ab84a67e1b8a.webp,imagereward:images/test/test_1/35333673-8d72-4303-8a03-93ad2f8aff18.webp,0.1763569712638855,0.2272709608078003,-0.050913989543914795,gallery_images/e1c75092bf2f460e548cb372.jpg,gallery_images/89181cc55f988a356169869b.jpg,"{""model_id"": null, ""negative_prompt"": null, ""gs"": null, ""steps"": null, ""scheduler_cls"": null, ""classification"": ""Arts""}","{""model_id"": null, ""negative_prompt"": null, ""gs"": null, ""steps"": null, ""scheduler_cls"": null, ""classification"": ""Arts""}",unverified,,,
5075,bench-top,-1,random_audit,imagereward:test:010921-0064,"a bright fantasy city built between cliffs, sleek glass buildings, elegant bridges between stalactites, illustration, raining, dark and moody lighting, at night, digital art, oil painting, cold blue tones, fantasy, 8 k, trending on artstation, detailed ",665c1a33f8f1af344f90fa208a200d26840e5d698cb7054b07fa9ce4364938a1,imagereward:images/test/test_2/9de7e353-e646-4f34-b8c8-f2d00c2d2832.webp,imagereward:images/test/test_2/526a66a5-f58c-49d7-a36e-4ab2f85631aa.webp,0.16418664157390594,0.16348539292812347,0.0007012486457824707,gallery_images/28ae48dabcfd1c0a04dc2fce.jpg,gallery_images/f0007ac692902def48712601.jpg,"{""model_id"": null, ""negative_prompt"": null, ""gs"": null, ""steps"": null, ""scheduler_cls"": null, ""classification"": ""Outdoor Scenes""}","{""model_id"": null, ""negative_prompt"": null, ""gs"": null, ""steps"": null, ""scheduler_cls"": null, ""classification"": ""Outdoor Scenes""}",unverified,,,
11321,crock,-1,supportive,imagereward:test:008275-0162,"bioluminescent crystal ball abstract sculpture, neon, fluorescent, magenta hyper detailed, red & purple beauteous biomechanical organic lightpainting, 8 k scenery, perfect lighting balance, ",c5c9324fe686aa7c94a4e209e8c979b72d69085c2a3c33f77c567493db471506,imagereward:images/test/test_1/c91662d9-87c6-428f-bf86-ab84a67e1b8a.webp,imagereward:images/test/test_1/35333673-8d72-4303-8a03-93ad2f8aff18.webp,0.15093177556991577,0.2006288766860962,-0.04969710111618042,gallery_images/e1c75092bf2f460e548cb372.jpg,gallery_images/89181cc55f988a356169869b.jpg,"{""model_id"": null, ""negative_prompt"": null, ""gs"": null, ""steps"": null, ""scheduler_cls"": null, ""classification"": ""Arts""}","{""model_id"": null, ""negative_prompt"": null, ""gs"": null, ""steps"": null, ""scheduler_cls"": null, ""classification"": ""Arts""}",unverified,,,
11321,crock,-1,supportive,imagereward:test:007108-0023,"Drama King, photorealistic portrait, 8K, Cinematic lights",ef2867fcf92c49c0e0df371e211de33e9cb3a855515d164fb388da6adfa9674f,imagereward:images/test/test_1/2fdb6c81-e1bd-460c-84e2-2bf3b295a40d.webp,imagereward:images/test/test_1/25f0aa4b-a463-45c7-9274-48717f86165f.webp,0.19390085339546204,0.24021831154823303,-0.046317458152770996,gallery_images/af77012debe518c25169cf76.jpg,gallery_images/e2c9723cc50be1650761e2d5.jpg,"{""model_id"": null, ""negative_prompt"": null, ""gs"": null, ""steps"": null, ""scheduler_cls"": null, ""classification"": ""People""}","{""model_id"": null, ""negative_prompt"": null, ""gs"": null, ""steps"": null, ""scheduler_cls"": null, ""classification"": ""People""}",unverified,,,
11321,crock,-1,counterexample,imagereward:test:010856-0009,funny peanut butter ,b18ea9950d494d375d0c180c19fd090da6228f69d114cdf9665f8628abd7a871,imagereward:images/test/test_2/d7efc9ab-5b83-4dfb-9f37-e5c3494a9c6a.webp,imagereward:images/test/test_2/de0d0967-da8b-4313-aabc-8586351f274e.webp,0.25099024176597595,0.22926658391952515,0.021723657846450806,gallery_images/7ffe2a14962798eca3100109.jpg,gallery_images/dab53c0cd368a25298f6d76d.jpg,"{""model_id"": null, ""negative_prompt"": null, ""gs"": null, ""steps"": null, ""scheduler_cls"": null, ""classification"": ""Food""}","{""model_id"": null, ""negative_prompt"": null, ""gs"": null, ""steps"": null, ""scheduler_cls"": null, ""classification"": ""Food""}",unverified,,,
11321,crock,-1,counterexample,imagereward:test:011041-0080,"cinematic movie scene, beautiful Product shot film still of a Syd Mead futuristic modern sleek automobile speeding down a wet street at night in cyperpunk city, motion, hard surface modeling, volumetric soft lighting, style of Stanley Kubrick cinematography, 8k H 768",dbd49eb02d28c2c1f1ec6876579fff93930afe77f87e6bb55508973b63052f66,imagereward:images/test/test_2/ca78835a-e229-4b35-b6d8-91560d71db35.webp,imagereward:images/test/test_2/21f62da5-6e89-4824-9945-241c258aabf4.webp,0.1693057119846344,0.14763709902763367,0.021668612957000732,gallery_images/1357fcf0de0848b4875ca7b2.jpg,gallery_images/a71481cca137eed52b01cee4.jpg,"{""model_id"": null, ""negative_prompt"": null, ""gs"": null, ""steps"": null, ""scheduler_cls"": null, ""classification"": ""Vehicles""}","{""model_id"": null, ""negative_prompt"": null, ""gs"": null, ""steps"": null, ""scheduler_cls"": null, ""classification"": ""Vehicles""}",unverified,,,
11321,crock,-1,random_audit,imagereward:test:010921-0064,"a bright fantasy city built between cliffs, sleek glass buildings, elegant bridges between stalactites, illustration, raining, dark and moody lighting, at night, digital art, oil painting, cold blue tones, fantasy, 8 k, trending on artstation, detailed ",665c1a33f8f1af344f90fa208a200d26840e5d698cb7054b07fa9ce4364938a1,imagereward:images/test/test_2/9de7e353-e646-4f34-b8c8-f2d00c2d2832.webp,imagereward:images/test/test_2/481c5c41-fe90-44a6-a4d6-d48706d6f7f7.webp,0.156491219997406,0.15369340777397156,0.0027978122234344482,gallery_images/28ae48dabcfd1c0a04dc2fce.jpg,gallery_images/1bae0b95af7ad69b5daffdf8.jpg,"{""model_id"": null, ""negative_prompt"": null, ""gs"": null, ""steps"": null, ""scheduler_cls"": null, ""classification"": ""Outdoor Scenes""}","{""model_id"": null, ""negative_prompt"": null, ""gs"": null, ""steps"": null, ""scheduler_cls"": null, ""classification"": ""Outdoor Scenes""}",unverified,,,
11321,crock,-1,random_audit,imagereward:test:009006-0102,"Horrifying creature, haunted, horror",6ee1b52c63caf60d8db23751287681018dfce76c98cca49820b5a1a91db4b14a,imagereward:images/test/test_1/0429a07f-659e-4c73-8fc3-10ea678df8f2.webp,imagereward:images/test/test_1/6a645f68-b9a1-4b80-999c-46bcb96f1829.webp,0.21494324505329132,0.20999398827552795,0.004949256777763367,gallery_images/5d8ffcc7dd08aa671265fe08.jpg,gallery_images/450475776fe25338e2729d6b.jpg,"{""model_id"": null, ""negative_prompt"": null, ""gs"": null, ""steps"": null, ""scheduler_cls"": null, ""classification"": ""Arts""}","{""model_id"": null, ""negative_prompt"": null, ""gs"": null, ""steps"": null, ""scheduler_cls"": null, ""classification"": ""Arts""}",unverified,,,
4919,bedrail,-1,supportive,imagereward:test:008289-0059,"film still of the geisha robot from ghost in the shell, cinematic lighting, 3 5 mm, high resolution ",3bd7d4dddc3e23f3607fda60a8645e56af48b86a319f4d55650264f6bab14574,imagereward:images/test/test_1/d5a97b27-8f4d-444b-ac87-b756a3fd4bae.webp,imagereward:images/test/test_1/3202d894-05ac-48da-a7d2-ba160a5c786d.webp,0.19925551116466522,0.27859243750572205,-0.07933692634105682,gallery_images/e1c8d204d61512a98cab0302.jpg,gallery_images/d5abce8ec50c87b9e5bc519c.jpg,"{""model_id"": null, ""negative_prompt"": null, ""gs"": null, ""steps"": null, ""scheduler_cls"": null, ""classification"": ""Artifacts""}","{""model_id"": null, ""negative_prompt"": null, ""gs"": null, ""steps"": null, ""scheduler_cls"": null, ""classification"": ""Artifacts""}",unverified,,,
4919,bedrail,-1,supportive,imagereward:test:010918-0030,the pope in saving private james ryan ,9ed63beff86d5e18e4048901428ee78733de38893029c7c73093da1301c7baa5,imagereward:images/test/test_2/cbc83c67-d5cb-4872-95c7-f46ca0cdcd6c.webp,imagereward:images/test/test_2/ff8434c9-b9e4-4790-a0da-03432243248f.webp,0.21135401725769043,0.25187215209007263,-0.0405181348323822,gallery_images/d664aa5be8f6b3d7166b32c7.jpg,gallery_images/80584244fc3a95522f52b732.jpg,"{""model_id"": null, ""negative_prompt"": null, ""gs"": null, ""steps"": null, ""scheduler_cls"": null, ""classification"": ""People""}","{""model_id"": null, ""negative_prompt"": null, ""gs"": null, ""steps"": null, ""scheduler_cls"": null, ""classification"": ""People""}",unverified,,,
4919,bedrail,-1,counterexample,imagereward:test:007713-0046,Boris Johnson and Eminen on a stage having an epic rap battle together,b0d04d7cbc27aada61a2a2c88184bd2d92ab094fb3d6dff2db24cef0f2bfee54,imagereward:images/test/test_1/047841df-97f9-4a15-b607-09277e3b1b95.webp,imagereward:images/test/test_1/234f6195-5526-4d08-80a0-166943089bb9.webp,0.29332810640335083,0.18189597129821777,0.11143213510513306,gallery_images/2802ffe76385d498d3c98a7f.jpg,gallery_images/30e47bf7fcbfd5aa97ac686b.jpg,"{""model_id"": null, ""negative_prompt"": null, ""gs"": null, ""steps"": null, ""scheduler_cls"": null, ""classification"": ""People""}","{""model_id"": null, ""negative_prompt"": null, ""gs"": null, ""steps"": null, ""scheduler_cls"": null, ""classification"": ""People""}",unverified,,,
4919,bedrail,-1,counterexample,imagereward:test:001260-0073,"realistic photography of a man 3 5 years old with a bit of bear, short hair, few wrinkles around eyes, sexy, cinematographic, cinematic light, close up view, intense, colorize, 8 0 mm lens ",bd5a08c78f7713700e45a208189c5ba33df3fc51dd6425fbac0f13cff8386f73,imagereward:images/test/test_2/85ae560c-08eb-4023-9b30-cb745fec3011.webp,imagereward:images/test/test_2/dc0ba70d-4437-4e22-a9ab-61de73e21bf3.webp,0.26946496963500977,0.20034435391426086,0.0691206157207489,gallery_images/fade65e9128358fe15675cdf.jpg,gallery_images/6cdb518e3173b5c1bf35cb61.jpg,"{""model_id"": null, ""negative_prompt"": null, ""gs"": null, ""steps"": null, ""scheduler_cls"": null, ""classification"": ""People""}","{""model_id"": null, ""negative_prompt"": null, ""gs"": null, ""steps"": null, ""scheduler_cls"": null, ""classification"": ""People""}",unverified,,,
4919,bedrail,-1,random_audit,imagereward:test:007713-0046,Boris Johnson and Eminen on a stage having an epic rap battle together,b0d04d7cbc27aada61a2a2c88184bd2d92ab094fb3d6dff2db24cef0f2bfee54,imagereward:images/test/test_1/047841df-97f9-4a15-b607-09277e3b1b95.webp,imagereward:images/test/test_1/9dc88b05-f911-4a4d-abdb-e0bd03c4d01b.webp,0.29332810640335083,0.2509708106517792,0.042357295751571655,gallery_images/2802ffe76385d498d3c98a7f.jpg,gallery_images/052da60eedfc881426be243b.jpg,"{""model_id"": null, ""negative_prompt"": null, ""gs"": null, ""steps"": null, ""scheduler_cls"": null, ""classification"": ""People""}","{""model_id"": null, ""negative_prompt"": null, ""gs"": null, ""steps"": null, ""scheduler_cls"": null, ""classification"": ""People""}",unverified,,,
4919,bedrail,-1,random_audit,imagereward:test:007019-0095,"astronaut drifting afloat in space, in the darkness away from anyone else, alone, digital render, detailed illustration, black background dotted with stars, concept art, realistic, 8 k ",1cc69dd90585fe53b316368e8bec20b67a8c2abe627e4c2c13fb492b5775f876,imagereward:images/test/test_1/2d047220-c2f9-4dcc-b4c4-96496276f3fd.webp,imagereward:images/test/test_1/6e5e7414-718a-4392-b52c-2d932c488087.webp,0.21230486035346985,0.2516675591468811,-0.039362698793411255,gallery_images/033d5b9651fcf749d627459e.jpg,gallery_images/135e55bf511209cf3e0b0055.jpg,"{""model_id"": null, ""negative_prompt"": null, ""gs"": null, ""steps"": null, ""scheduler_cls"": null, ""classification"": ""People""}","{""model_id"": null, ""negative_prompt"": null, ""gs"": null, ""steps"": null, ""scheduler_cls"": null, ""classification"": ""People""}",unverified,,,
52132,vise-like,-1,supportive,imagereward:test:008275-0162,"bioluminescent crystal ball abstract sculpture, neon, fluorescent, magenta hyper detailed, red & purple beauteous biomechanical organic lightpainting, 8 k scenery, perfect lighting balance, ",c5c9324fe686aa7c94a4e209e8c979b72d69085c2a3c33f77c567493db471506,imagereward:images/test/test_1/c91662d9-87c6-428f-bf86-ab84a67e1b8a.webp,imagereward:images/test/test_1/35333673-8d72-4303-8a03-93ad2f8aff18.webp,0.23182493448257446,0.29743337631225586,-0.0656084418296814,gallery_images/e1c75092bf2f460e548cb372.jpg,gallery_images/89181cc55f988a356169869b.jpg,"{""model_id"": null, ""negative_prompt"": null, ""gs"": null, ""steps"": null, ""scheduler_cls"": null, ""classification"": ""Arts""}","{""model_id"": null, ""negative_prompt"": null, ""gs"": null, ""steps"": null, ""scheduler_cls"": null, ""classification"": ""Arts""}",unverified,,,
52132,vise-like,-1,supportive,imagereward:test:008615-0007,"a group of artists creating a masterpiece, glorious, in the style of artgerm and charlie bowater and atey ghailan and mike mignola, epic lighting, vibrant colors and hard shadows and strong rim light, very coherent, comic cover art, plain background, trending on artstation ",133343abee5ab23e2f72742014e087d34fcc6ed1ed4cac5948a1e45fca0b2a3c,imagereward:images/test/test_1/a9933af1-1d8b-4298-bdf3-00bea8548222.webp,imagereward:images/test/test_1/41af2cb8-3028-422a-afdb-c4bb2edb14c4.webp,0.27102798223495483,0.3328346014022827,-0.06180661916732788,gallery_images/501f053ee9b680d94916607c.jpg,gallery_images/28ef7fd9656742307c6a2316.jpg,"{""model_id"": null, ""negative_prompt"": null, ""gs"": null, ""steps"": null, ""scheduler_cls"": null, ""classification"": ""Arts""}","{""model_id"": null, ""negative_prompt"": null, ""gs"": null, ""steps"": null, ""scheduler_cls"": null, ""classification"": ""Arts""}",unverified,,,
52132,vise-like,-1,counterexample,imagereward:test:011041-0080,"cinematic movie scene, beautiful Product shot film still of a Syd Mead futuristic modern sleek automobile speeding down a wet street at night in cyperpunk city, motion, hard surface modeling, volumetric soft lighting, style of Stanley Kubrick cinematography, 8k H 768",dbd49eb02d28c2c1f1ec6876579fff93930afe77f87e6bb55508973b63052f66,imagereward:images/test/test_2/be59feb8-c0d9-486e-94bc-2e406f671985.webp,imagereward:images/test/test_2/21f62da5-6e89-4824-9945-241c258aabf4.webp,0.29623886942863464,0.24371421337127686,0.05252465605735779,gallery_images/2cef7229767afe1304e6a5d3.jpg,gallery_images/a71481cca137eed52b01cee4.jpg,"{""model_id"": null, ""negative_prompt"": null, ""gs"": null, ""steps"": null, ""scheduler_cls"": null, ""classification"": ""Vehicles""}","{""model_id"": null, ""negative_prompt"": null, ""gs"": null, ""steps"": null, ""scheduler_cls"": null, ""classification"": ""Vehicles""}",unverified,,,
52132,vise-like,-1,counterexample,imagereward:test:007019-0095,"astronaut drifting afloat in space, in the darkness away from anyone else, alone, digital render, detailed illustration, black background dotted with stars, concept art, realistic, 8 k ",1cc69dd90585fe53b316368e8bec20b67a8c2abe627e4c2c13fb492b5775f876,imagereward:images/test/test_1/0efeea25-24dc-4146-a8c6-94fe27d82bf9.webp,imagereward:images/test/test_1/866fa2de-dab0-4f9d-bbbf-f6572dadb2f2.webp,0.31327301263809204,0.2630581259727478,0.05021488666534424,gallery_images/ffe851e1110ecaa58cd2bed9.jpg,gallery_images/b9b07a436bb436e9b5cc5949.jpg,"{""model_id"": null, ""negative_prompt"": null, ""gs"": null, ""steps"": null, ""scheduler_cls"": null, ""classification"": ""People""}","{""model_id"": null, ""negative_prompt"": null, ""gs"": null, ""steps"": null, ""scheduler_cls"": null, ""classification"": ""People""}",unverified,,,
52132,vise-like,-1,random_audit,imagereward:test:007019-0095,"astronaut drifting afloat in space, in the darkness away from anyone else, alone, digital render, detailed illustration, black background dotted with stars, concept art, realistic, 8 k ",1cc69dd90585fe53b316368e8bec20b67a8c2abe627e4c2c13fb492b5775f876,imagereward:images/test/test_1/0efeea25-24dc-4146-a8c6-94fe27d82bf9.webp,imagereward:images/test/test_1/d831ebf2-b9ac-4add-8862-2d276db25199.webp,0.31327301263809204,0.2703935503959656,0.042879462242126465,gallery_images/ffe851e1110ecaa58cd2bed9.jpg,gallery_images/0661de178ded481a97450aaf.jpg,"{""model_id"": null, ""negative_prompt"": null, ""gs"": null, ""steps"": null, ""scheduler_cls"": null, ""classification"": ""People""}","{""model_id"": null, ""negative_prompt"": null, ""gs"": null, ""steps"": null, ""scheduler_cls"": null, ""classification"": ""People""}",unverified,,,
52132,vise-like,-1,random_audit,imagereward:test:011041-0080,"cinematic movie scene, beautiful Product shot film still of a Syd Mead futuristic modern sleek automobile speeding down a wet street at night in cyperpunk city, motion, hard surface modeling, volumetric soft lighting, style of Stanley Kubrick cinematography, 8k H 768",dbd49eb02d28c2c1f1ec6876579fff93930afe77f87e6bb55508973b63052f66,imagereward:images/test/test_2/be59feb8-c0d9-486e-94bc-2e406f671985.webp,imagereward:images/test/test_2/21f62da5-6e89-4824-9945-241c258aabf4.webp,0.29623886942863464,0.24371421337127686,0.05252465605735779,gallery_images/2cef7229767afe1304e6a5d3.jpg,gallery_images/a71481cca137eed52b01cee4.jpg,"{""model_id"": null, ""negative_prompt"": null, ""gs"": null, ""steps"": null, ""scheduler_cls"": null, ""classification"": ""Vehicles""}","{""model_id"": null, ""negative_prompt"": null, ""gs"": null, ""steps"": null, ""scheduler_cls"": null, ""classification"": ""Vehicles""}",unverified,,,
52131,vise,-1,supportive,imagereward:test:008275-0162,"bioluminescent crystal ball abstract sculpture, neon, fluorescent, magenta hyper detailed, red & purple beauteous biomechanical organic lightpainting, 8 k scenery, perfect lighting balance, ",c5c9324fe686aa7c94a4e209e8c979b72d69085c2a3c33f77c567493db471506,imagereward:images/test/test_1/c91662d9-87c6-428f-bf86-ab84a67e1b8a.webp,imagereward:images/test/test_1/35333673-8d72-4303-8a03-93ad2f8aff18.webp,0.19335050880908966,0.274963915348053,-0.08161340653896332,gallery_images/e1c75092bf2f460e548cb372.jpg,gallery_images/89181cc55f988a356169869b.jpg,"{""model_id"": null, ""negative_prompt"": null, ""gs"": null, ""steps"": null, ""scheduler_cls"": null, ""classification"": ""Arts""}","{""model_id"": null, ""negative_prompt"": null, ""gs"": null, ""steps"": null, ""scheduler_cls"": null, ""classification"": ""Arts""}",unverified,,,
52131,vise,-1,supportive,imagereward:test:008289-0059,"film still of the geisha robot from ghost in the shell, cinematic lighting, 3 5 mm, high resolution ",3bd7d4dddc3e23f3607fda60a8645e56af48b86a319f4d55650264f6bab14574,imagereward:images/test/test_1/d5a97b27-8f4d-444b-ac87-b756a3fd4bae.webp,imagereward:images/test/test_1/128c175b-0862-454d-acbc-cb28100a1333.webp,0.2418891191482544,0.3143230378627777,-0.07243391871452332,gallery_images/e1c8d204d61512a98cab0302.jpg,gallery_images/9e6842572849591a2cbefa85.jpg,"{""model_id"": null, ""negative_prompt"": null, ""gs"": null, ""steps"": null, ""scheduler_cls"": null, ""classification"": ""Artifacts""}","{""model_id"": null, ""negative_prompt"": null, ""gs"": null, ""steps"": null, ""scheduler_cls"": null, ""classification"": ""Artifacts""}",unverified,,,
52131,vise,-1,counterexample,imagereward:test:007019-0095,"astronaut drifting afloat in space, in the darkness away from anyone else, alone, digital render, detailed illustration, black background dotted with stars, concept art, realistic, 8 k ",1cc69dd90585fe53b316368e8bec20b67a8c2abe627e4c2c13fb492b5775f876,imagereward:images/test/test_1/0efeea25-24dc-4146-a8c6-94fe27d82bf9.webp,imagereward:images/test/test_1/d831ebf2-b9ac-4add-8862-2d276db25199.webp,0.2874981760978699,0.2348787784576416,0.05261939764022827,gallery_images/ffe851e1110ecaa58cd2bed9.jpg,gallery_images/0661de178ded481a97450aaf.jpg,"{""model_id"": null, ""negative_prompt"": null, ""gs"": null, ""steps"": null, ""scheduler_cls"": null, ""classification"": ""People""}","{""model_id"": null, ""negative_prompt"": null, ""gs"": null, ""steps"": null, ""scheduler_cls"": null, ""classification"": ""People""}",unverified,,,
52131,vise,-1,counterexample,imagereward:test:011041-0080,"cinematic movie scene, beautiful Product shot film still of a Syd Mead futuristic modern sleek automobile speeding down a wet street at night in cyperpunk city, motion, hard surface modeling, volumetric soft lighting, style of Stanley Kubrick cinematography, 8k H 768",dbd49eb02d28c2c1f1ec6876579fff93930afe77f87e6bb55508973b63052f66,imagereward:images/test/test_2/be59feb8-c0d9-486e-94bc-2e406f671985.webp,imagereward:images/test/test_2/21f62da5-6e89-4824-9945-241c258aabf4.webp,0.27407997846603394,0.22996395826339722,0.04411602020263672,gallery_images/2cef7229767afe1304e6a5d3.jpg,gallery_images/a71481cca137eed52b01cee4.jpg,"{""model_id"": null, ""negative_prompt"": null, ""gs"": null, ""steps"": null, ""scheduler_cls"": null, ""classification"": ""Vehicles""}","{""model_id"": null, ""negative_prompt"": null, ""gs"": null, ""steps"": null, ""scheduler_cls"": null, ""classification"": ""Vehicles""}",unverified,,,
52131,vise,-1,random_audit,imagereward:test:007108-0023,"Drama King, photorealistic portrait, 8K, Cinematic lights",ef2867fcf92c49c0e0df371e211de33e9cb3a855515d164fb388da6adfa9674f,imagereward:images/test/test_1/2fdb6c81-e1bd-460c-84e2-2bf3b295a40d.webp,imagereward:images/test/test_1/d8094a3b-ed0f-4eb7-9b92-7c3b07f84cb7.webp,0.21251389384269714,0.2123892605304718,0.0001246333122253418,gallery_images/af77012debe518c25169cf76.jpg,gallery_images/d84aa0defe0700805d729886.jpg,"{""model_id"": null, ""negative_prompt"": null, ""gs"": null, ""steps"": null, ""scheduler_cls"": null, ""classification"": ""People""}","{""model_id"": null, ""negative_prompt"": null, ""gs"": null, ""steps"": null, ""scheduler_cls"": null, ""classification"": ""People""}",unverified,,,
52131,vise,-1,random_audit,imagereward:test:010921-0064,"a bright fantasy city built between cliffs, sleek glass buildings, elegant bridges between stalactites, illustration, raining, dark and moody lighting, at night, digital art, oil painting, cold blue tones, fantasy, 8 k, trending on artstation, detailed ",665c1a33f8f1af344f90fa208a200d26840e5d698cb7054b07fa9ce4364938a1,imagereward:images/test/test_2/2a99d448-fa70-4bf2-bfd0-a6c30191a849.webp,imagereward:images/test/test_2/8e9869da-ad15-4209-9f90-ea7151e54617.webp,0.20053422451019287,0.19184908270835876,0.008685141801834106,gallery_images/ffa92187f93bb9140d50d08b.jpg,gallery_images/36721de70456c61d1b60f0e9.jpg,"{""model_id"": null, ""negative_prompt"": null, ""gs"": null, ""steps"": null, ""scheduler_cls"": null, ""classification"": ""Outdoor Scenes""}","{""model_id"": null, ""negative_prompt"": null, ""gs"": null, ""steps"": null, ""scheduler_cls"": null, ""classification"": ""Outdoor Scenes""}",unverified,,,
14689,dustpan,-1,supportive,imagereward:test:008289-0059,"film still of the geisha robot from ghost in the shell, cinematic lighting, 3 5 mm, high resolution ",3bd7d4dddc3e23f3607fda60a8645e56af48b86a319f4d55650264f6bab14574,imagereward:images/test/test_1/d5a97b27-8f4d-444b-ac87-b756a3fd4bae.webp,imagereward:images/test/test_1/3202d894-05ac-48da-a7d2-ba160a5c786d.webp,0.17685481905937195,0.2720993757247925,-0.09524455666542053,gallery_images/e1c8d204d61512a98cab0302.jpg,gallery_images/d5abce8ec50c87b9e5bc519c.jpg,"{""model_id"": null, ""negative_prompt"": null, ""gs"": null, ""steps"": null, ""scheduler_cls"": null, ""classification"": ""Artifacts""}","{""model_id"": null, ""negative_prompt"": null, ""gs"": null, ""steps"": null, ""scheduler_cls"": null, ""classification"": ""Artifacts""}",unverified,,,
14689,dustpan,-1,supportive,imagereward:test:010918-0030,the pope in saving private james ryan ,9ed63beff86d5e18e4048901428ee78733de38893029c7c73093da1301c7baa5,imagereward:images/test/test_2/cbc83c67-d5cb-4872-95c7-f46ca0cdcd6c.webp,imagereward:images/test/test_2/24fb28c3-f778-4116-8ffb-f41230beb451.webp,0.17569315433502197,0.24531492590904236,-0.06962177157402039,gallery_images/d664aa5be8f6b3d7166b32c7.jpg,gallery_images/df55fdf1e4ded79867ad1671.jpg,"{""model_id"": null, ""negative_prompt"": null, ""gs"": null, ""steps"": null, ""scheduler_cls"": null, ""classification"": ""People""}","{""model_id"": null, ""negative_prompt"": null, ""gs"": null, ""steps"": null, ""scheduler_cls"": null, ""classification"": ""People""}",unverified,,,
14689,dustpan,-1,counterexample,imagereward:test:010817-0088,mother theresa eating a terrapin ,93eef9cfe3558d21cd24ea834af6e24f85f955753e9577af6c4f2e4647284f0d,imagereward:images/test/test_2/54c0c1bd-d97a-4982-b9a4-069e14c4416d.webp,imagereward:images/test/test_2/95f54be5-224b-4d3d-b64d-2ecd1f0e6e55.webp,0.24847395718097687,0.18258583545684814,0.06588812172412872,gallery_images/555b0de43cce15ae0bbf32d4.jpg,gallery_images/9f2599538c6141572a399ed0.jpg,"{""model_id"": null, ""negative_prompt"": null, ""gs"": null, ""steps"": null, ""scheduler_cls"": null, ""classification"": ""People""}","{""model_id"": null, ""negative_prompt"": null, ""gs"": null, ""steps"": null, ""scheduler_cls"": null, ""classification"": ""People""}",unverified,,,
14689,dustpan,-1,counterexample,imagereward:test:010921-0064,"a bright fantasy city built between cliffs, sleek glass buildings, elegant bridges between stalactites, illustration, raining, dark and moody lighting, at night, digital art, oil painting, cold blue tones, fantasy, 8 k, trending on artstation, detailed ",665c1a33f8f1af344f90fa208a200d26840e5d698cb7054b07fa9ce4364938a1,imagereward:images/test/test_2/2a99d448-fa70-4bf2-bfd0-a6c30191a849.webp,imagereward:images/test/test_2/526a66a5-f58c-49d7-a36e-4ab2f85631aa.webp,0.1993052363395691,0.1433316320180893,0.0559736043214798,gallery_images/ffa92187f93bb9140d50d08b.jpg,gallery_images/f0007ac692902def48712601.jpg,"{""model_id"": null, ""negative_prompt"": null, ""gs"": null, ""steps"": null, ""scheduler_cls"": null, ""classification"": ""Outdoor Scenes""}","{""model_id"": null, ""negative_prompt"": null, ""gs"": null, ""steps"": null, ""scheduler_cls"": null, ""classification"": ""Outdoor Scenes""}",unverified,,,
14689,dustpan,-1,random_audit,imagereward:test:009006-0102,"Horrifying creature, haunted, horror",6ee1b52c63caf60d8db23751287681018dfce76c98cca49820b5a1a91db4b14a,imagereward:images/test/test_1/0429a07f-659e-4c73-8fc3-10ea678df8f2.webp,imagereward:images/test/test_1/6a645f68-b9a1-4b80-999c-46bcb96f1829.webp,0.193496435880661,0.18750497698783875,0.005991458892822266,gallery_images/5d8ffcc7dd08aa671265fe08.jpg,gallery_images/450475776fe25338e2729d6b.jpg,"{""model_id"": null, ""negative_prompt"": null, ""gs"": null, ""steps"": null, ""scheduler_cls"": null, ""classification"": ""Arts""}","{""model_id"": null, ""negative_prompt"": null, ""gs"": null, ""steps"": null, ""scheduler_cls"": null, ""classification"": ""Arts""}",unverified,,,
14689,dustpan,-1,random_audit,imagereward:test:007019-0095,"astronaut drifting afloat in space, in the darkness away from anyone else, alone, digital render, detailed illustration, black background dotted with stars, concept art, realistic, 8 k ",1cc69dd90585fe53b316368e8bec20b67a8c2abe627e4c2c13fb492b5775f876,imagereward:images/test/test_1/0efeea25-24dc-4146-a8c6-94fe27d82bf9.webp,imagereward:images/test/test_1/815c3aac-9c80-4913-b562-097b4e62c099.webp,0.1964719444513321,0.25510191917419434,-0.058629974722862244,gallery_images/ffe851e1110ecaa58cd2bed9.jpg,gallery_images/d38c6c1ddf1a0dca80bf7634.jpg,"{""model_id"": null, ""negative_prompt"": null, ""gs"": null, ""steps"": null, ""scheduler_cls"": null, ""classification"": ""People""}","{""model_id"": null, ""negative_prompt"": null, ""gs"": null, ""steps"": null, ""scheduler_cls"": null, ""classification"": ""People""}",unverified,,,
41385,scooper,-1,supportive,imagereward:test:007019-0095,"astronaut drifting afloat in space, in the darkness away from anyone else, alone, digital render, detailed illustration, black background dotted with stars, concept art, realistic, 8 k ",1cc69dd90585fe53b316368e8bec20b67a8c2abe627e4c2c13fb492b5775f876,imagereward:images/test/test_1/2d047220-c2f9-4dcc-b4c4-96496276f3fd.webp,imagereward:images/test/test_1/866fa2de-dab0-4f9d-bbbf-f6572dadb2f2.webp,0.22190454602241516,0.28040599822998047,-0.05850145220756531,gallery_images/033d5b9651fcf749d627459e.jpg,gallery_images/b9b07a436bb436e9b5cc5949.jpg,"{""model_id"": null, ""negative_prompt"": null, ""gs"": null, ""steps"": null, ""scheduler_cls"": null, ""classification"": ""People""}","{""model_id"": null, ""negative_prompt"": null, ""gs"": null, ""steps"": null, ""scheduler_cls"": null, ""classification"": ""People""}",unverified,,,
41385,scooper,-1,supportive,imagereward:test:009006-0102,"Horrifying creature, haunted, horror",6ee1b52c63caf60d8db23751287681018dfce76c98cca49820b5a1a91db4b14a,imagereward:images/test/test_1/7c5c94f3-8a41-492c-8c46-754ad80af2ea.webp,imagereward:images/test/test_1/47761b6c-fcc4-4ebc-b29c-cb09c59deddb.webp,0.18832546472549438,0.23722857236862183,-0.04890310764312744,gallery_images/c6e4751b0736334e48c56fc1.jpg,gallery_images/1cf2f88c73d465d48841e83c.jpg,"{""model_id"": null, ""negative_prompt"": null, ""gs"": null, ""steps"": null, ""scheduler_cls"": null, ""classification"": ""Arts""}","{""model_id"": null, ""negative_prompt"": null, ""gs"": null, ""steps"": null, ""scheduler_cls"": null, ""classification"": ""Arts""}",unverified,,,
41385,scooper,-1,counterexample,imagereward:test:007753-0023,"cute little dragon, gnome, elf, mage playing dnd at night in a medieval bar, fantasy, concept art, highly detailed, octane, unreal engine, anime, by laurel d austin, ghibly, disney, pixar, dreamworks ",77cb27c971e724eb8140a8c0cf5b6359435ee02a1ea4919b5eb41d3a8f646518,imagereward:images/test/test_1/e00c1d73-d02d-431f-b317-14ed49f94d99.webp,imagereward:images/test/test_1/0917eb53-1554-42e5-8a85-309a1ee97a6b.webp,0.3075733780860901,0.24801397323608398,0.059559404850006104,gallery_images/bf64f256be978b78a93eeb63.jpg,gallery_images/1e9d78a98c04daee1ee45680.jpg,"{""model_id"": null, ""negative_prompt"": null, ""gs"": null, ""steps"": null, ""scheduler_cls"": null, ""classification"": ""Indoor Scenes""}","{""model_id"": null, ""negative_prompt"": null, ""gs"": null, ""steps"": null, ""scheduler_cls"": null, ""classification"": ""Indoor Scenes""}",unverified,,,
41385,scooper,-1,counterexample,imagereward:test:011041-0080,"cinematic movie scene, beautiful Product shot film still of a Syd Mead futuristic modern sleek automobile speeding down a wet street at night in cyperpunk city, motion, hard surface modeling, volumetric soft lighting, style of Stanley Kubrick cinematography, 8k H 768",dbd49eb02d28c2c1f1ec6876579fff93930afe77f87e6bb55508973b63052f66,imagereward:images/test/test_2/be59feb8-c0d9-486e-94bc-2e406f671985.webp,imagereward:images/test/test_2/21f62da5-6e89-4824-9945-241c258aabf4.webp,0.25590750575065613,0.20214080810546875,0.05376669764518738,gallery_images/2cef7229767afe1304e6a5d3.jpg,gallery_images/a71481cca137eed52b01cee4.jpg,"{""model_id"": null, ""negative_prompt"": null, ""gs"": null, ""steps"": null, ""scheduler_cls"": null, ""classification"": ""Vehicles""}","{""model_id"": null, ""negative_prompt"": null, ""gs"": null, ""steps"": null, ""scheduler_cls"": null, ""classification"": ""Vehicles""}",unverified,,,
41385,scooper,-1,random_audit,imagereward:test:007108-0023,"Drama King, photorealistic portrait, 8K, Cinematic lights",ef2867fcf92c49c0e0df371e211de33e9cb3a855515d164fb388da6adfa9674f,imagereward:images/test/test_1/2fdb6c81-e1bd-460c-84e2-2bf3b295a40d.webp,imagereward:images/test/test_1/3e97895b-7762-45e8-a3bf-92005ee0b141.webp,0.18317320942878723,0.19566532969474792,-0.012492120265960693,gallery_images/af77012debe518c25169cf76.jpg,gallery_images/0471eae41f0edbb0d4ee6ca4.jpg,"{""model_id"": null, ""negative_prompt"": null, ""gs"": null, ""steps"": null, ""scheduler_cls"": null, ""classification"": ""People""}","{""model_id"": null, ""negative_prompt"": null, ""gs"": null, ""steps"": null, ""scheduler_cls"": null, ""classification"": ""People""}",unverified,,,
41385,scooper,-1,random_audit,imagereward:test:010921-0064,"a bright fantasy city built between cliffs, sleek glass buildings, elegant bridges between stalactites, illustration, raining, dark and moody lighting, at night, digital art, oil painting, cold blue tones, fantasy, 8 k, trending on artstation, detailed ",665c1a33f8f1af344f90fa208a200d26840e5d698cb7054b07fa9ce4364938a1,imagereward:images/test/test_2/2a99d448-fa70-4bf2-bfd0-a6c30191a849.webp,imagereward:images/test/test_2/481c5c41-fe90-44a6-a4d6-d48706d6f7f7.webp,0.22706133127212524,0.18881583213806152,0.03824549913406372,gallery_images/ffa92187f93bb9140d50d08b.jpg,gallery_images/1bae0b95af7ad69b5daffdf8.jpg,"{""model_id"": null, ""negative_prompt"": null, ""gs"": null, ""steps"": null, ""scheduler_cls"": null, ""classification"": ""Outdoor Scenes""}","{""model_id"": null, ""negative_prompt"": null, ""gs"": null, ""steps"": null, ""scheduler_cls"": null, ""classification"": ""Outdoor Scenes""}",unverified,,,
27521,locker,-1,supportive,imagereward:test:008289-0059,"film still of the geisha robot from ghost in the shell, cinematic lighting, 3 5 mm, high resolution ",3bd7d4dddc3e23f3607fda60a8645e56af48b86a319f4d55650264f6bab14574,imagereward:images/test/test_1/d5a97b27-8f4d-444b-ac87-b756a3fd4bae.webp,imagereward:images/test/test_1/3202d894-05ac-48da-a7d2-ba160a5c786d.webp,0.21703994274139404,0.272653728723526,-0.05561378598213196,gallery_images/e1c8d204d61512a98cab0302.jpg,gallery_images/d5abce8ec50c87b9e5bc519c.jpg,"{""model_id"": null, ""negative_prompt"": null, ""gs"": null, ""steps"": null, ""scheduler_cls"": null, ""classification"": ""Artifacts""}","{""model_id"": null, ""negative_prompt"": null, ""gs"": null, ""steps"": null, ""scheduler_cls"": null, ""classification"": ""Artifacts""}",unverified,,,
27521,locker,-1,supportive,imagereward:test:007019-0095,"astronaut drifting afloat in space, in the darkness away from anyone else, alone, digital render, detailed illustration, black background dotted with stars, concept art, realistic, 8 k ",1cc69dd90585fe53b316368e8bec20b67a8c2abe627e4c2c13fb492b5775f876,imagereward:images/test/test_1/0efeea25-24dc-4146-a8c6-94fe27d82bf9.webp,imagereward:images/test/test_1/815c3aac-9c80-4913-b562-097b4e62c099.webp,0.25339311361312866,0.2949450612068176,-0.041551947593688965,gallery_images/ffe851e1110ecaa58cd2bed9.jpg,gallery_images/d38c6c1ddf1a0dca80bf7634.jpg,"{""model_id"": null, ""negative_prompt"": null, ""gs"": null, ""steps"": null, ""scheduler_cls"": null, ""classification"": ""People""}","{""model_id"": null, ""negative_prompt"": null, ""gs"": null, ""steps"": null, ""scheduler_cls"": null, ""classification"": ""People""}",unverified,,,
27521,locker,-1,counterexample,imagereward:test:007108-0023,"Drama King, photorealistic portrait, 8K, Cinematic lights",ef2867fcf92c49c0e0df371e211de33e9cb3a855515d164fb388da6adfa9674f,imagereward:images/test/test_1/2fdb6c81-e1bd-460c-84e2-2bf3b295a40d.webp,imagereward:images/test/test_1/f8a0eef2-3b05-4afe-bac3-1845cd7d2f4b.webp,0.2617003619670868,0.20496706664562225,0.05673329532146454,gallery_images/af77012debe518c25169cf76.jpg,gallery_images/60b877768d3a0603056d1bdc.jpg,"{""model_id"": null, ""negative_prompt"": null, ""gs"": null, ""steps"": null, ""scheduler_cls"": null, ""classification"": ""People""}","{""model_id"": null, ""negative_prompt"": null, ""gs"": null, ""steps"": null, ""scheduler_cls"": null, ""classification"": ""People""}",unverified,,,
27521,locker,-1,counterexample,imagereward:test:007019-0095,"astronaut drifting afloat in space, in the darkness away from anyone else, alone, digital render, detailed illustration, black background dotted with stars, concept art, realistic, 8 k ",1cc69dd90585fe53b316368e8bec20b67a8c2abe627e4c2c13fb492b5775f876,imagereward:images/test/test_1/2d047220-c2f9-4dcc-b4c4-96496276f3fd.webp,imagereward:images/test/test_1/d831ebf2-b9ac-4add-8862-2d276db25199.webp,0.28938496112823486,0.24266967177391052,0.04671528935432434,gallery_images/033d5b9651fcf749d627459e.jpg,gallery_images/0661de178ded481a97450aaf.jpg,"{""model_id"": null, ""negative_prompt"": null, ""gs"": null, ""steps"": null, ""scheduler_cls"": null, ""classification"": ""People""}","{""model_id"": null, ""negative_prompt"": null, ""gs"": null, ""steps"": null, ""scheduler_cls"": null, ""classification"": ""People""}",unverified,,,
27521,locker,-1,random_audit,imagereward:test:010921-0064,"a bright fantasy city built between cliffs, sleek glass buildings, elegant bridges between stalactites, illustration, raining, dark and moody lighting, at night, digital art, oil painting, cold blue tones, fantasy, 8 k, trending on artstation, detailed ",665c1a33f8f1af344f90fa208a200d26840e5d698cb7054b07fa9ce4364938a1,imagereward:images/test/test_2/2a99d448-fa70-4bf2-bfd0-a6c30191a849.webp,imagereward:images/test/test_2/526a66a5-f58c-49d7-a36e-4ab2f85631aa.webp,0.21926665306091309,0.184570774435997,0.03469587862491608,gallery_images/ffa92187f93bb9140d50d08b.jpg,gallery_images/f0007ac692902def48712601.jpg,"{""model_id"": null, ""negative_prompt"": null, ""gs"": null, ""steps"": null, ""scheduler_cls"": null, ""classification"": ""Outdoor Scenes""}","{""model_id"": null, ""negative_prompt"": null, ""gs"": null, ""steps"": null, ""scheduler_cls"": null, ""classification"": ""Outdoor Scenes""}",unverified,,,
27521,locker,-1,random_audit,imagereward:test:010817-0088,mother theresa eating a terrapin ,93eef9cfe3558d21cd24ea834af6e24f85f955753e9577af6c4f2e4647284f0d,imagereward:images/test/test_2/54c0c1bd-d97a-4982-b9a4-069e14c4416d.webp,imagereward:images/test/test_2/00cd91a9-ce3d-4d89-990d-6cca3c65fdf5.webp,0.20762397348880768,0.17703929543495178,0.030584678053855896,gallery_images/555b0de43cce15ae0bbf32d4.jpg,gallery_images/290497691e0add3f2e47fc51.jpg,"{""model_id"": null, ""negative_prompt"": null, ""gs"": null, ""steps"": null, ""scheduler_cls"": null, ""classification"": ""People""}","{""model_id"": null, ""negative_prompt"": null, ""gs"": null, ""steps"": null, ""scheduler_cls"": null, ""classification"": ""People""}",unverified,,,
