concept_id,concept,direction,selection,event_id,prompt,prompt_group_id,preferred_image_id,rejected_image_id,preferred_score,rejected_score,difference,preferred_thumbnail,rejected_thumbnail,preferred_metadata,rejected_metadata,human_review_status,concept_present_preferred,concept_present_rejected,reviewer_notes
27330,lip-syncing,1,supportive,imagereward:test:010946-0081,hyperrealism stock photo of highly detailed stylish humanoid robot in sci - fi cyberpunk style by gragory crewdson and vincent di fate that working in the highly detailed data center by mike winkelmann and laurie greasley rendered in blender and octane render ,a524a03705d7460e8f5d1fc5e90117609ed6bef5c441e18e8a326f3d598463b7,imagereward:images/test/test_2/7078cf37-6555-4cac-bcaa-b938548ade07.webp,imagereward:images/test/test_2/aab28827-e893-4669-afa7-5d1cd1eaf3c7.webp,0.3312425911426544,0.20496013760566711,0.1262824535369873,gallery_images/ccae591e47b9ff7bf9c41af6.jpg,gallery_images/3817f0dde9fbe0c6b363ab8c.jpg,"{""model_id"": null, ""negative_prompt"": null, ""gs"": null, ""steps"": null, ""scheduler_cls"": null, ""classification"": ""Artifacts""}","{""model_id"": null, ""negative_prompt"": null, ""gs"": null, ""steps"": null, ""scheduler_cls"": null, ""classification"": ""Artifacts""}",unverified,,,
27330,lip-syncing,1,supportive,imagereward:test:001242-0093,photo of a guy playing a gameboy under the blanket in his bed at night ,f8ba5a2b702c53fb8fe74bd7512d4a35e39cd1e1049147c81b1cd9cbb7fde449,imagereward:images/test/test_2/110a32cc-ad34-448d-8e46-41377019b4ef.webp,imagereward:images/test/test_2/dd4650be-f68f-4941-9b0d-e12ecceb372e.webp,0.32254064083099365,0.21853217482566833,0.10400846600532532,gallery_images/a2211db6d99f46e313c43c64.jpg,gallery_images/8f7615d3a5eb6f22361f7ac1.jpg,"{""model_id"": null, ""negative_prompt"": null, ""gs"": null, ""steps"": null, ""scheduler_cls"": null, ""classification"": ""People""}","{""model_id"": null, ""negative_prompt"": null, ""gs"": null, ""steps"": null, ""scheduler_cls"": null, ""classification"": ""People""}",unverified,,,
27330,lip-syncing,1,counterexample,imagereward:test:010946-0081,hyperrealism stock photo of highly detailed stylish humanoid robot in sci - fi cyberpunk style by gragory crewdson and vincent di fate that working in the highly detailed data center by mike winkelmann and laurie greasley rendered in blender and octane render ,a524a03705d7460e8f5d1fc5e90117609ed6bef5c441e18e8a326f3d598463b7,imagereward:images/test/test_2/bb0aff26-9142-466d-9149-805251d5f68a.webp,imagereward:images/test/test_2/7078cf37-6555-4cac-bcaa-b938548ade07.webp,0.18378093838691711,0.3312425911426544,-0.1474616527557373,gallery_images/c3a1fd6530ca619e45d79ced.jpg,gallery_images/ccae591e47b9ff7bf9c41af6.jpg,"{""model_id"": null, ""negative_prompt"": null, ""gs"": null, ""steps"": null, ""scheduler_cls"": null, ""classification"": ""Artifacts""}","{""model_id"": null, ""negative_prompt"": null, ""gs"": null, ""steps"": null, ""scheduler_cls"": null, ""classification"": ""Artifacts""}",unverified,,,
27330,lip-syncing,1,counterexample,imagereward:test:010987-0077,wall with famous banksy graffiti ,981d3370524e07d4861c2a639de0f626bd4530b445a936a2dcee13183a00deda,imagereward:images/test/test_2/56024cf7-d1de-478b-8714-124947ba6a7b.webp,imagereward:images/test/test_2/32c5ac6c-10eb-4d2c-8442-46ffdcfb1cec.webp,0.22839215397834778,0.33141544461250305,-0.10302329063415527,gallery_images/c22d97dda28c620077ccb475.jpg,gallery_images/dd4fd47bbfccb32c62b69d34.jpg,"{""model_id"": null, ""negative_prompt"": null, ""gs"": null, ""steps"": null, ""scheduler_cls"": null, ""classification"": ""Outdoor Scenes""}","{""model_id"": null, ""negative_prompt"": null, ""gs"": null, ""steps"": null, ""scheduler_cls"": null, ""classification"": ""Outdoor Scenes""}",unverified,,,
27330,lip-syncing,1,random_audit,imagereward:test:007019-0095,"astronaut drifting afloat in space, in the darkness away from anyone else, alone, digital render, detailed illustration, black background dotted with stars, concept art, realistic, 8 k ",1cc69dd90585fe53b316368e8bec20b67a8c2abe627e4c2c13fb492b5775f876,imagereward:images/test/test_1/866fa2de-dab0-4f9d-bbbf-f6572dadb2f2.webp,imagereward:images/test/test_1/6e5e7414-718a-4392-b52c-2d932c488087.webp,0.19754916429519653,0.19707289338111877,0.0004762709140777588,gallery_images/b9b07a436bb436e9b5cc5949.jpg,gallery_images/135e55bf511209cf3e0b0055.jpg,"{""model_id"": null, ""negative_prompt"": null, ""gs"": null, ""steps"": null, ""scheduler_cls"": null, ""classification"": ""People""}","{""model_id"": null, ""negative_prompt"": null, ""gs"": null, ""steps"": null, ""scheduler_cls"": null, ""classification"": ""People""}",unverified,,,
27330,lip-syncing,1,random_audit,imagereward:test:007066-0058,"photograph of a ten year old girl by annie leibovitz, red hair, freckles, toothless ",e0635f554f1dd6d9c49d081f56f6a6ce251e5ffdf5c28583ccd2ad7e47e4ba73,imagereward:images/test/test_1/0cebd44d-259b-4f7d-80e5-b61364894edc.webp,imagereward:images/test/test_1/77508046-ae1f-4f9e-8976-937a6845fde7.webp,0.3392769694328308,0.3420644998550415,-0.0027875304222106934,gallery_images/8aaf9aaca43f79ec105c98e2.jpg,gallery_images/30790c24eeb3ea33c1a8d0d0.jpg,"{""model_id"": null, ""negative_prompt"": null, ""gs"": null, ""steps"": null, ""scheduler_cls"": null, ""classification"": ""People""}","{""model_id"": null, ""negative_prompt"": null, ""gs"": null, ""steps"": null, ""scheduler_cls"": null, ""classification"": ""People""}",unverified,,,
27328,lip-smacking,1,supportive,imagereward:test:010946-0081,hyperrealism stock photo of highly detailed stylish humanoid robot in sci - fi cyberpunk style by gragory crewdson and vincent di fate that working in the highly detailed data center by mike winkelmann and laurie greasley rendered in blender and octane render ,a524a03705d7460e8f5d1fc5e90117609ed6bef5c441e18e8a326f3d598463b7,imagereward:images/test/test_2/7078cf37-6555-4cac-bcaa-b938548ade07.webp,imagereward:images/test/test_2/aab28827-e893-4669-afa7-5d1cd1eaf3c7.webp,0.3400811553001404,0.2077639102935791,0.13231724500656128,gallery_images/ccae591e47b9ff7bf9c41af6.jpg,gallery_images/3817f0dde9fbe0c6b363ab8c.jpg,"{""model_id"": null, ""negative_prompt"": null, ""gs"": null, ""steps"": null, ""scheduler_cls"": null, ""classification"": ""Artifacts""}","{""model_id"": null, ""negative_prompt"": null, ""gs"": null, ""steps"": null, ""scheduler_cls"": null, ""classification"": ""Artifacts""}",unverified,,,
27328,lip-smacking,1,supportive,imagereward:test:010862-0025,"artgerm, psychedelic ben kweller, rocking out, headphones dj rave, digital artwork, r. crumb, svg vector ",4b6d109a9f1919376ce05c3b36a992317cde8bdd250a6fdb7c882cfa35435bd7,imagereward:images/test/test_2/35e61cd0-5853-418a-91aa-ec86b8cb548e.webp,imagereward:images/test/test_2/25ce7d21-2340-4e9b-b887-0d8f95452852.webp,0.3318766951560974,0.21948756277561188,0.11238913238048553,gallery_images/7a24fcc092f581e9b696bcee.jpg,gallery_images/58f0c70a19762b0ded534875.jpg,"{""model_id"": null, ""negative_prompt"": null, ""gs"": null, ""steps"": null, ""scheduler_cls"": null, ""classification"": ""Arts""}","{""model_id"": null, ""negative_prompt"": null, ""gs"": null, ""steps"": null, ""scheduler_cls"": null, ""classification"": ""Arts""}",unverified,,,
27328,lip-smacking,1,counterexample,imagereward:test:010946-0081,hyperrealism stock photo of highly detailed stylish humanoid robot in sci - fi cyberpunk style by gragory crewdson and vincent di fate that working in the highly detailed data center by mike winkelmann and laurie greasley rendered in blender and octane render ,a524a03705d7460e8f5d1fc5e90117609ed6bef5c441e18e8a326f3d598463b7,imagereward:images/test/test_2/bb0aff26-9142-466d-9149-805251d5f68a.webp,imagereward:images/test/test_2/7078cf37-6555-4cac-bcaa-b938548ade07.webp,0.190799281001091,0.3400811553001404,-0.14928187429904938,gallery_images/c3a1fd6530ca619e45d79ced.jpg,gallery_images/ccae591e47b9ff7bf9c41af6.jpg,"{""model_id"": null, ""negative_prompt"": null, ""gs"": null, ""steps"": null, ""scheduler_cls"": null, ""classification"": ""Artifacts""}","{""model_id"": null, ""negative_prompt"": null, ""gs"": null, ""steps"": null, ""scheduler_cls"": null, ""classification"": ""Artifacts""}",unverified,,,
27328,lip-smacking,1,counterexample,imagereward:test:010862-0025,"artgerm, psychedelic ben kweller, rocking out, headphones dj rave, digital artwork, r. crumb, svg vector ",4b6d109a9f1919376ce05c3b36a992317cde8bdd250a6fdb7c882cfa35435bd7,imagereward:images/test/test_2/25ce7d21-2340-4e9b-b887-0d8f95452852.webp,imagereward:images/test/test_2/7696a256-5028-4a37-b61a-e0c1faa14f60.webp,0.21948756277561188,0.3379640579223633,-0.1184764951467514,gallery_images/58f0c70a19762b0ded534875.jpg,gallery_images/d577c857a13f142503951002.jpg,"{""model_id"": null, ""negative_prompt"": null, ""gs"": null, ""steps"": null, ""scheduler_cls"": null, ""classification"": ""Arts""}","{""model_id"": null, ""negative_prompt"": null, ""gs"": null, ""steps"": null, ""scheduler_cls"": null, ""classification"": ""Arts""}",unverified,,,
27328,lip-smacking,1,random_audit,imagereward:test:009475-0037,film still from frightening horror movie. cinematic. 8 k. ,38a0610767e6cc9c0356505e23ba4222fbc8d42f195099e5e226c087606379a2,imagereward:images/test/test_1/f7a56cd7-692e-413f-b7b7-6dd88335104d.webp,imagereward:images/test/test_1/788d0347-12d2-4c2e-aa96-71d83850342d.webp,0.29568642377853394,0.22424620389938354,0.07144021987915039,gallery_images/9846b93d6306f98b9e114302.jpg,gallery_images/1a1c426caddb68a4731a49cf.jpg,"{""model_id"": null, ""negative_prompt"": null, ""gs"": null, ""steps"": null, ""scheduler_cls"": null, ""classification"": ""Arts""}","{""model_id"": null, ""negative_prompt"": null, ""gs"": null, ""steps"": null, ""scheduler_cls"": null, ""classification"": ""Arts""}",unverified,,,
27328,lip-smacking,1,random_audit,imagereward:test:009614-0104,"guy fieri is very fit, makin peppermint ham patties with bacon in his kitchen ",962f693f2551a5a0c0dc54dfcbc07789c8fad536712928351e57d748512ea843,imagereward:images/test/test_2/a91fef22-ad7b-4710-8eb5-9c2b583b0961.webp,imagereward:images/test/test_2/2680f239-42c9-45bf-81f5-6f83ddb801a4.webp,0.2895762026309967,0.3174164891242981,-0.02784028649330139,gallery_images/b337fb4b5051319898fec3f8.jpg,gallery_images/428a200390fd1ad2eeb0334a.jpg,"{""model_id"": null, ""negative_prompt"": null, ""gs"": null, ""steps"": null, ""scheduler_cls"": null, ""classification"": ""People""}","{""model_id"": null, ""negative_prompt"": null, ""gs"": null, ""steps"": null, ""scheduler_cls"": null, ""classification"": ""People""}",unverified,,,
45267,stare,1,supportive,imagereward:test:009475-0037,film still from frightening horror movie. cinematic. 8 k. ,38a0610767e6cc9c0356505e23ba4222fbc8d42f195099e5e226c087606379a2,imagereward:images/test/test_1/881a226a-49ae-4702-9438-95371e61b12c.webp,imagereward:images/test/test_1/788d0347-12d2-4c2e-aa96-71d83850342d.webp,0.32527050375938416,0.22854314744472504,0.09672735631465912,gallery_images/33630cba41a315c42dd3fc77.jpg,gallery_images/1a1c426caddb68a4731a49cf.jpg,"{""model_id"": null, ""negative_prompt"": null, ""gs"": null, ""steps"": null, ""scheduler_cls"": null, ""classification"": ""Arts""}","{""model_id"": null, ""negative_prompt"": null, ""gs"": null, ""steps"": null, ""scheduler_cls"": null, ""classification"": ""Arts""}",unverified,,,
45267,stare,1,supportive,imagereward:test:010862-0025,"artgerm, psychedelic ben kweller, rocking out, headphones dj rave, digital artwork, r. crumb, svg vector ",4b6d109a9f1919376ce05c3b36a992317cde8bdd250a6fdb7c882cfa35435bd7,imagereward:images/test/test_2/35e61cd0-5853-418a-91aa-ec86b8cb548e.webp,imagereward:images/test/test_2/25ce7d21-2340-4e9b-b887-0d8f95452852.webp,0.2876959443092346,0.2154999077320099,0.07219603657722473,gallery_images/7a24fcc092f581e9b696bcee.jpg,gallery_images/58f0c70a19762b0ded534875.jpg,"{""model_id"": null, ""negative_prompt"": null, ""gs"": null, ""steps"": null, ""scheduler_cls"": null, ""classification"": ""Arts""}","{""model_id"": null, ""negative_prompt"": null, ""gs"": null, ""steps"": null, ""scheduler_cls"": null, ""classification"": ""Arts""}",unverified,,,
45267,stare,1,counterexample,imagereward:test:010946-0081,hyperrealism stock photo of highly detailed stylish humanoid robot in sci - fi cyberpunk style by gragory crewdson and vincent di fate that working in the highly detailed data center by mike winkelmann and laurie greasley rendered in blender and octane render ,a524a03705d7460e8f5d1fc5e90117609ed6bef5c441e18e8a326f3d598463b7,imagereward:images/test/test_2/bb0aff26-9142-466d-9149-805251d5f68a.webp,imagereward:images/test/test_2/7078cf37-6555-4cac-bcaa-b938548ade07.webp,0.2152576744556427,0.31160712242126465,-0.09634944796562195,gallery_images/c3a1fd6530ca619e45d79ced.jpg,gallery_images/ccae591e47b9ff7bf9c41af6.jpg,"{""model_id"": null, ""negative_prompt"": null, ""gs"": null, ""steps"": null, ""scheduler_cls"": null, ""classification"": ""Artifacts""}","{""model_id"": null, ""negative_prompt"": null, ""gs"": null, ""steps"": null, ""scheduler_cls"": null, ""classification"": ""Artifacts""}",unverified,,,
45267,stare,1,counterexample,imagereward:test:010361-0095,"retro sci fi art of an astronaut next to jupiter in a car, ",9c539f061044900ae75d772a82ccd6b1dc340985beb81c74f5cbe8310a7c7b75,imagereward:images/test/test_2/22c4cff3-caf2-4765-a8db-45ecd13f92b9.webp,imagereward:images/test/test_2/ef78d224-012e-4d77-9ae7-affac8126fda.webp,0.22852517664432526,0.3131121098995209,-0.08458693325519562,gallery_images/58c9294599cf3892367d6b4f.jpg,gallery_images/66a819ae3fa0380b01355405.jpg,"{""model_id"": null, ""negative_prompt"": null, ""gs"": null, ""steps"": null, ""scheduler_cls"": null, ""classification"": ""People""}","{""model_id"": null, ""negative_prompt"": null, ""gs"": null, ""steps"": null, ""scheduler_cls"": null, ""classification"": ""People""}",unverified,,,
45267,stare,1,random_audit,imagereward:test:001366-0019,"futuristic hall, crisp, artstation, luxury, beautiful, dim painterly lighting volumetric aquatic, 3 d concept art ",e3a542c2cbe701465611c2c84ea4691e2075ea645aa376611d45103a59d70789,imagereward:images/test/test_2/8d1a012f-0a04-446d-acf9-ed1432df78aa.webp,imagereward:images/test/test_2/fba40804-e302-4a64-9115-1e4089749e41.webp,0.23076015710830688,0.240860253572464,-0.010100096464157104,gallery_images/921dc1a6d9a560dd63b6bd4a.jpg,gallery_images/dd848eaa360914e87f998ac2.jpg,"{""model_id"": null, ""negative_prompt"": null, ""gs"": null, ""steps"": null, ""scheduler_cls"": null, ""classification"": ""Indoor Scenes""}","{""model_id"": null, ""negative_prompt"": null, ""gs"": null, ""steps"": null, ""scheduler_cls"": null, ""classification"": ""Indoor Scenes""}",unverified,,,
45267,stare,1,random_audit,imagereward:test:001192-0041,a cat combined with a chinchilla,30b2f656c6818003200de918c665ee71d748f8f86fba340b30f41c088fc4ce4f,imagereward:images/test/test_2/fb40b165-b8fe-40d2-9081-f7a3cd472231.webp,imagereward:images/test/test_2/abea19aa-6576-4f95-912b-50d3de4323ab.webp,0.34119877219200134,0.3294517993927002,0.011746972799301147,gallery_images/0dfc41f0633b554bc73bf0f6.jpg,gallery_images/7292e2654ba24b6933596a58.jpg,"{""model_id"": null, ""negative_prompt"": null, ""gs"": null, ""steps"": null, ""scheduler_cls"": null, ""classification"": ""Arts""}","{""model_id"": null, ""negative_prompt"": null, ""gs"": null, ""steps"": null, ""scheduler_cls"": null, ""classification"": ""Arts""}",unverified,,,
53213,wide-eyed,1,supportive,imagereward:test:009475-0037,film still from frightening horror movie. cinematic. 8 k. ,38a0610767e6cc9c0356505e23ba4222fbc8d42f195099e5e226c087606379a2,imagereward:images/test/test_1/69642992-b998-4642-9e75-389d3e8e2860.webp,imagereward:images/test/test_1/788d0347-12d2-4c2e-aa96-71d83850342d.webp,0.3404378592967987,0.21225959062576294,0.12817826867103577,gallery_images/d8c84dfc69b4b66ca56fb966.jpg,gallery_images/1a1c426caddb68a4731a49cf.jpg,"{""model_id"": null, ""negative_prompt"": null, ""gs"": null, ""steps"": null, ""scheduler_cls"": null, ""classification"": ""Arts""}","{""model_id"": null, ""negative_prompt"": null, ""gs"": null, ""steps"": null, ""scheduler_cls"": null, ""classification"": ""Arts""}",unverified,,,
53213,wide-eyed,1,supportive,imagereward:test:010856-0009,funny peanut butter ,b18ea9950d494d375d0c180c19fd090da6228f69d114cdf9665f8628abd7a871,imagereward:images/test/test_2/d7efc9ab-5b83-4dfb-9f37-e5c3494a9c6a.webp,imagereward:images/test/test_2/8b7d05e4-9a3b-4c73-b087-104251033467.webp,0.34221187233924866,0.22122937440872192,0.12098249793052673,gallery_images/7ffe2a14962798eca3100109.jpg,gallery_images/3dc52bcc5f9d782b00729f67.jpg,"{""model_id"": null, ""negative_prompt"": null, ""gs"": null, ""steps"": null, ""scheduler_cls"": null, ""classification"": ""Food""}","{""model_id"": null, ""negative_prompt"": null, ""gs"": null, ""steps"": null, ""scheduler_cls"": null, ""classification"": ""Food""}",unverified,,,
53213,wide-eyed,1,counterexample,imagereward:test:001382-0041,"highly detailed painting of uzumaki naruto fighting a looming demigod, dramatic, sense of scale, stephen bliss, unreal engine, greg rutkowski, ilya kuvshinov, ross draws, hyung tae and frank frazetta, tom bagshaw, tom whalen, nicoletta ceccoli, mark ryden, earl norem, global illumination, god rays, windswept ",a653b891199f3c9e8ed106e82da60ccd9e0fe408e74446342bf461100233b3bb,imagereward:images/test/test_2/e4ebedc9-0742-4f83-bea1-0e42b288dffc.webp,imagereward:images/test/test_2/73f6f6f7-5751-4b0f-a5e4-8b044e3bc91f.webp,0.2186381220817566,0.30966952443122864,-0.09103140234947205,gallery_images/574bcbdbde9ab3ab89d520be.jpg,gallery_images/249c416da0a64dc889479998.jpg,"{""model_id"": null, ""negative_prompt"": null, ""gs"": null, ""steps"": null, ""scheduler_cls"": null, ""classification"": ""Arts""}","{""model_id"": null, ""negative_prompt"": null, ""gs"": null, ""steps"": null, ""scheduler_cls"": null, ""classification"": ""Arts""}",unverified,,,
53213,wide-eyed,1,counterexample,imagereward:test:001383-0079,"a half - masked rugged laboratory engineer man with cybernetic enhancements as seen from a distance, scifi character portrait by greg rutkowski, esuthio, craig mullins, 1 / 4 headshot, cinematic lighting, dystopian scifi gear, gloomy, profile picture, mechanical, half robot, implants, dieselpunk ",cc38ca0a6b2822cffd5316d1419eadfc45299c84a251d33f4718e87812642263,imagereward:images/test/test_2/2cccb2fc-f4da-41cb-97be-29fb61a58d7f.webp,imagereward:images/test/test_2/d96dab78-5f60-424b-b7c0-93a380d149d1.webp,0.22632431983947754,0.3121465742588043,-0.08582225441932678,gallery_images/5d65385d6c3a0a8bdf41aac4.jpg,gallery_images/38df82f444c73d930e6695dc.jpg,"{""model_id"": null, ""negative_prompt"": null, ""gs"": null, ""steps"": null, ""scheduler_cls"": null, ""classification"": ""People""}","{""model_id"": null, ""negative_prompt"": null, ""gs"": null, ""steps"": null, ""scheduler_cls"": null, ""classification"": ""People""}",unverified,,,
53213,wide-eyed,1,random_audit,imagereward:test:007367-0101,"retro scifi spaceport with a spaceship about to take off, concept art, hyper detailed, ultra realistic, octane, artstation trending, unreal engine, dramatic lighting, reflections",bbc5181d0f1aa87c0bc57fb7825263ef0db706f351c945714fe2d53fcd0445ff,imagereward:images/test/test_1/39b0f4e1-8737-4168-9d56-98a7fca26475.webp,imagereward:images/test/test_1/ecf9b139-7bcb-4125-88c8-b9696621b0ab.webp,0.24074086546897888,0.25973743200302124,-0.01899656653404236,gallery_images/a0605172e971f23a60564aa1.jpg,gallery_images/9141ac02da67ae70da8bf0e7.jpg,"{""model_id"": null, ""negative_prompt"": null, ""gs"": null, ""steps"": null, ""scheduler_cls"": null, ""classification"": ""Arts""}","{""model_id"": null, ""negative_prompt"": null, ""gs"": null, ""steps"": null, ""scheduler_cls"": null, ""classification"": ""Arts""}",unverified,,,
53213,wide-eyed,1,random_audit,imagereward:test:007759-0110,"photoreal portrait very intricate! synthwave dj wearing a black hoody, white glossy class - a surfaces, glittering light leaks, electromagnetic waves, blue glowing aggressive led eyes, zbrush, greeble skin, octane render, colani design, cyberpunk, dystopia tokyo ",263707270785a19ef1b9db60c919f13445f1eccdfe7b98ea64072c0649b08420,imagereward:images/test/test_1/49767aca-07ec-4b49-afcb-d9c4c3853cce.webp,imagereward:images/test/test_1/c8bfeb78-c097-420c-b977-49b2062bef39.webp,0.3150891661643982,0.3164980411529541,-0.0014088749885559082,gallery_images/c4167597d47dc97c59c5bbd8.jpg,gallery_images/a58d218adaf2a18f7204c898.jpg,"{""model_id"": null, ""negative_prompt"": null, ""gs"": null, ""steps"": null, ""scheduler_cls"": null, ""classification"": ""People""}","{""model_id"": null, ""negative_prompt"": null, ""gs"": null, ""steps"": null, ""scheduler_cls"": null, ""classification"": ""People""}",unverified,,,
43947,smirk,1,supportive,imagereward:test:009475-0037,film still from frightening horror movie. cinematic. 8 k. ,38a0610767e6cc9c0356505e23ba4222fbc8d42f195099e5e226c087606379a2,imagereward:images/test/test_1/855cef4e-9960-4eca-87b7-af763d173a19.webp,imagereward:images/test/test_1/788d0347-12d2-4c2e-aa96-71d83850342d.webp,0.3169448971748352,0.19354990124702454,0.12339499592781067,gallery_images/91656bf7c25b53834532214c.jpg,gallery_images/1a1c426caddb68a4731a49cf.jpg,"{""model_id"": null, ""negative_prompt"": null, ""gs"": null, ""steps"": null, ""scheduler_cls"": null, ""classification"": ""Arts""}","{""model_id"": null, ""negative_prompt"": null, ""gs"": null, ""steps"": null, ""scheduler_cls"": null, ""classification"": ""Arts""}",unverified,,,
43947,smirk,1,supportive,imagereward:test:010361-0095,"retro sci fi art of an astronaut next to jupiter in a car, ",9c539f061044900ae75d772a82ccd6b1dc340985beb81c74f5cbe8310a7c7b75,imagereward:images/test/test_2/aaa176b7-334e-4981-9465-95ec033368a2.webp,imagereward:images/test/test_2/9c7e73e1-4e4c-4670-9649-d07a21e545c4.webp,0.33164048194885254,0.24739153683185577,0.08424894511699677,gallery_images/4ba34838de13ee58be12ce1d.jpg,gallery_images/6e768134c126cf28d5f8a500.jpg,"{""model_id"": null, ""negative_prompt"": null, ""gs"": null, ""steps"": null, ""scheduler_cls"": null, ""classification"": ""People""}","{""model_id"": null, ""negative_prompt"": null, ""gs"": null, ""steps"": null, ""scheduler_cls"": null, ""classification"": ""People""}",unverified,,,
43947,smirk,1,counterexample,imagereward:test:010946-0081,hyperrealism stock photo of highly detailed stylish humanoid robot in sci - fi cyberpunk style by gragory crewdson and vincent di fate that working in the highly detailed data center by mike winkelmann and laurie greasley rendered in blender and octane render ,a524a03705d7460e8f5d1fc5e90117609ed6bef5c441e18e8a326f3d598463b7,imagereward:images/test/test_2/bb0aff26-9142-466d-9149-805251d5f68a.webp,imagereward:images/test/test_2/7078cf37-6555-4cac-bcaa-b938548ade07.webp,0.2292523831129074,0.31746888160705566,-0.08821649849414825,gallery_images/c3a1fd6530ca619e45d79ced.jpg,gallery_images/ccae591e47b9ff7bf9c41af6.jpg,"{""model_id"": null, ""negative_prompt"": null, ""gs"": null, ""steps"": null, ""scheduler_cls"": null, ""classification"": ""Artifacts""}","{""model_id"": null, ""negative_prompt"": null, ""gs"": null, ""steps"": null, ""scheduler_cls"": null, ""classification"": ""Artifacts""}",unverified,,,
43947,smirk,1,counterexample,imagereward:test:010862-0025,"artgerm, psychedelic ben kweller, rocking out, headphones dj rave, digital artwork, r. crumb, svg vector ",4b6d109a9f1919376ce05c3b36a992317cde8bdd250a6fdb7c882cfa35435bd7,imagereward:images/test/test_2/25ce7d21-2340-4e9b-b887-0d8f95452852.webp,imagereward:images/test/test_2/7696a256-5028-4a37-b61a-e0c1faa14f60.webp,0.24151325225830078,0.31879228353500366,-0.07727903127670288,gallery_images/58f0c70a19762b0ded534875.jpg,gallery_images/d577c857a13f142503951002.jpg,"{""model_id"": null, ""negative_prompt"": null, ""gs"": null, ""steps"": null, ""scheduler_cls"": null, ""classification"": ""Arts""}","{""model_id"": null, ""negative_prompt"": null, ""gs"": null, ""steps"": null, ""scheduler_cls"": null, ""classification"": ""Arts""}",unverified,,,
43947,smirk,1,random_audit,imagereward:test:007205-0046,"a modern, contemporary studio apartment interior. high quality photography, 4 k. ",5a2a65ce198f94ffb1bfd967e4135c51f7b2e51ed31637e3c5d27fea6827d46f,imagereward:images/test/test_1/aede0c31-506a-4a11-91de-a8020e6bde07.webp,imagereward:images/test/test_1/ee264695-06b1-45e1-8346-dd8b2f2dc99e.webp,0.2242024540901184,0.2044450342655182,0.01975741982460022,gallery_images/b6c69ea32f28c88051e252e3.jpg,gallery_images/a5d7bd2c9dc0491efc45f5da.jpg,"{""model_id"": null, ""negative_prompt"": null, ""gs"": null, ""steps"": null, ""scheduler_cls"": null, ""classification"": ""Indoor Scenes""}","{""model_id"": null, ""negative_prompt"": null, ""gs"": null, ""steps"": null, ""scheduler_cls"": null, ""classification"": ""Indoor Scenes""}",unverified,,,
43947,smirk,1,random_audit,imagereward:test:008711-0012,spanish mauricio colmenero ,d1618101d7e65a6a00fb1c5473fcb3bd4c15c804a643a4ea8781779513d9603f,imagereward:images/test/test_1/3959448c-2756-41d5-9869-3e2c802acf6c.webp,imagereward:images/test/test_1/d2bc1498-10e0-4b96-82ad-f4b588a30628.webp,0.33311697840690613,0.34277504682540894,-0.009658068418502808,gallery_images/85ef7558086c98160e3761a1.jpg,gallery_images/c9b5dcf541e8e3543a448df0.jpg,"{""model_id"": null, ""negative_prompt"": null, ""gs"": null, ""steps"": null, ""scheduler_cls"": null, ""classification"": ""People""}","{""model_id"": null, ""negative_prompt"": null, ""gs"": null, ""steps"": null, ""scheduler_cls"": null, ""classification"": ""People""}",unverified,,,
16886,eyebrow-raising,1,supportive,imagereward:test:009475-0037,film still from frightening horror movie. cinematic. 8 k. ,38a0610767e6cc9c0356505e23ba4222fbc8d42f195099e5e226c087606379a2,imagereward:images/test/test_1/0db23757-50de-469b-9c11-ee2de57fb3fd.webp,imagereward:images/test/test_1/788d0347-12d2-4c2e-aa96-71d83850342d.webp,0.3245602548122406,0.21004074811935425,0.11451950669288635,gallery_images/b27198ee085edd5b4d9a943c.jpg,gallery_images/1a1c426caddb68a4731a49cf.jpg,"{""model_id"": null, ""negative_prompt"": null, ""gs"": null, ""steps"": null, ""scheduler_cls"": null, ""classification"": ""Arts""}","{""model_id"": null, ""negative_prompt"": null, ""gs"": null, ""steps"": null, ""scheduler_cls"": null, ""classification"": ""Arts""}",unverified,,,
16886,eyebrow-raising,1,supportive,imagereward:test:001242-0093,photo of a guy playing a gameboy under the blanket in his bed at night ,f8ba5a2b702c53fb8fe74bd7512d4a35e39cd1e1049147c81b1cd9cbb7fde449,imagereward:images/test/test_2/51ed7273-8012-4a3d-8786-2f97e5b4ad21.webp,imagereward:images/test/test_2/dd4650be-f68f-4941-9b0d-e12ecceb372e.webp,0.29825541377067566,0.20229500532150269,0.09596040844917297,gallery_images/dc4b91b17aff376150ddf6af.jpg,gallery_images/8f7615d3a5eb6f22361f7ac1.jpg,"{""model_id"": null, ""negative_prompt"": null, ""gs"": null, ""steps"": null, ""scheduler_cls"": null, ""classification"": ""People""}","{""model_id"": null, ""negative_prompt"": null, ""gs"": null, ""steps"": null, ""scheduler_cls"": null, ""classification"": ""People""}",unverified,,,
16886,eyebrow-raising,1,counterexample,imagereward:test:010946-0081,hyperrealism stock photo of highly detailed stylish humanoid robot in sci - fi cyberpunk style by gragory crewdson and vincent di fate that working in the highly detailed data center by mike winkelmann and laurie greasley rendered in blender and octane render ,a524a03705d7460e8f5d1fc5e90117609ed6bef5c441e18e8a326f3d598463b7,imagereward:images/test/test_2/bb0aff26-9142-466d-9149-805251d5f68a.webp,imagereward:images/test/test_2/7078cf37-6555-4cac-bcaa-b938548ade07.webp,0.17620481550693512,0.28868791460990906,-0.11248309910297394,gallery_images/c3a1fd6530ca619e45d79ced.jpg,gallery_images/ccae591e47b9ff7bf9c41af6.jpg,"{""model_id"": null, ""negative_prompt"": null, ""gs"": null, ""steps"": null, ""scheduler_cls"": null, ""classification"": ""Artifacts""}","{""model_id"": null, ""negative_prompt"": null, ""gs"": null, ""steps"": null, ""scheduler_cls"": null, ""classification"": ""Artifacts""}",unverified,,,
16886,eyebrow-raising,1,counterexample,imagereward:test:010361-0095,"retro sci fi art of an astronaut next to jupiter in a car, ",9c539f061044900ae75d772a82ccd6b1dc340985beb81c74f5cbe8310a7c7b75,imagereward:images/test/test_2/c7830329-2e34-410a-b1d1-bb8d0a125dc2.webp,imagereward:images/test/test_2/ef78d224-012e-4d77-9ae7-affac8126fda.webp,0.1844600886106491,0.2876119017601013,-0.10315181314945221,gallery_images/f14bbba07f133a61957c5a6a.jpg,gallery_images/66a819ae3fa0380b01355405.jpg,"{""model_id"": null, ""negative_prompt"": null, ""gs"": null, ""steps"": null, ""scheduler_cls"": null, ""classification"": ""People""}","{""model_id"": null, ""negative_prompt"": null, ""gs"": null, ""steps"": null, ""scheduler_cls"": null, ""classification"": ""People""}",unverified,,,
16886,eyebrow-raising,1,random_audit,imagereward:test:009582-0143,"portrait of a red color wolf with yellow horns in a suit, D&D, fantasy, elegant, badass, highly detailed, slim, digital painting, artstation, concept art, sharp focus, illustration",8ea781d00677cf883c3c6f138136aab330b585adcfc44bf47bb0ef16ec08bc4b,imagereward:images/test/test_1/1ff8db29-7c61-4dd9-9c16-2c13a81b502b.webp,imagereward:images/test/test_1/45d45d8f-13d6-4eba-8f13-05b686e3d88f.webp,0.26402223110198975,0.24744394421577454,0.01657828688621521,gallery_images/11c76b828804e3f29a51a3de.jpg,gallery_images/17ce6acf7d78f52d6a93e9a7.jpg,"{""model_id"": null, ""negative_prompt"": null, ""gs"": null, ""steps"": null, ""scheduler_cls"": null, ""classification"": ""Animals""}","{""model_id"": null, ""negative_prompt"": null, ""gs"": null, ""steps"": null, ""scheduler_cls"": null, ""classification"": ""Animals""}",unverified,,,
16886,eyebrow-raising,1,random_audit,imagereward:test:007155-0059,the lost city by beksinski,00e96689de97431c18915a5f934e84f9c3834dd43c9992cc936575b8a7e583a2,imagereward:images/test/test_1/a760f476-d261-43d7-acda-d426d0713ced.webp,imagereward:images/test/test_1/5654d04b-6e61-4227-9e9f-cf5a1317dfff.webp,0.20691519975662231,0.19074496626853943,0.016170233488082886,gallery_images/3b775960c004dbe70def1b38.jpg,gallery_images/47bf32b7e548db00c210b20d.jpg,"{""model_id"": null, ""negative_prompt"": null, ""gs"": null, ""steps"": null, ""scheduler_cls"": null, ""classification"": ""Arts""}","{""model_id"": null, ""negative_prompt"": null, ""gs"": null, ""steps"": null, ""scheduler_cls"": null, ""classification"": ""Arts""}",unverified,,,
35206,physiognomy,1,supportive,imagereward:test:010361-0095,"retro sci fi art of an astronaut next to jupiter in a car, ",9c539f061044900ae75d772a82ccd6b1dc340985beb81c74f5cbe8310a7c7b75,imagereward:images/test/test_2/aaa176b7-334e-4981-9465-95ec033368a2.webp,imagereward:images/test/test_2/9c7e73e1-4e4c-4670-9649-d07a21e545c4.webp,0.3281646966934204,0.18810296058654785,0.14006173610687256,gallery_images/4ba34838de13ee58be12ce1d.jpg,gallery_images/6e768134c126cf28d5f8a500.jpg,"{""model_id"": null, ""negative_prompt"": null, ""gs"": null, ""steps"": null, ""scheduler_cls"": null, ""classification"": ""People""}","{""model_id"": null, ""negative_prompt"": null, ""gs"": null, ""steps"": null, ""scheduler_cls"": null, ""classification"": ""People""}",unverified,,,
35206,physiognomy,1,supportive,imagereward:test:009475-0037,film still from frightening horror movie. cinematic. 8 k. ,38a0610767e6cc9c0356505e23ba4222fbc8d42f195099e5e226c087606379a2,imagereward:images/test/test_1/0db23757-50de-469b-9c11-ee2de57fb3fd.webp,imagereward:images/test/test_1/788d0347-12d2-4c2e-aa96-71d83850342d.webp,0.3347734808921814,0.20775336027145386,0.12702012062072754,gallery_images/b27198ee085edd5b4d9a943c.jpg,gallery_images/1a1c426caddb68a4731a49cf.jpg,"{""model_id"": null, ""negative_prompt"": null, ""gs"": null, ""steps"": null, ""scheduler_cls"": null, ""classification"": ""Arts""}","{""model_id"": null, ""negative_prompt"": null, ""gs"": null, ""steps"": null, ""scheduler_cls"": null, ""classification"": ""Arts""}",unverified,,,
35206,physiognomy,1,counterexample,imagereward:test:010361-0095,"retro sci fi art of an astronaut next to jupiter in a car, ",9c539f061044900ae75d772a82ccd6b1dc340985beb81c74f5cbe8310a7c7b75,imagereward:images/test/test_2/22c4cff3-caf2-4765-a8db-45ecd13f92b9.webp,imagereward:images/test/test_2/aaa176b7-334e-4981-9465-95ec033368a2.webp,0.19673246145248413,0.3281646966934204,-0.13143223524093628,gallery_images/58c9294599cf3892367d6b4f.jpg,gallery_images/4ba34838de13ee58be12ce1d.jpg,"{""model_id"": null, ""negative_prompt"": null, ""gs"": null, ""steps"": null, ""scheduler_cls"": null, ""classification"": ""People""}","{""model_id"": null, ""negative_prompt"": null, ""gs"": null, ""steps"": null, ""scheduler_cls"": null, ""classification"": ""People""}",unverified,,,
35206,physiognomy,1,counterexample,imagereward:test:010946-0081,hyperrealism stock photo of highly detailed stylish humanoid robot in sci - fi cyberpunk style by gragory crewdson and vincent di fate that working in the highly detailed data center by mike winkelmann and laurie greasley rendered in blender and octane render ,a524a03705d7460e8f5d1fc5e90117609ed6bef5c441e18e8a326f3d598463b7,imagereward:images/test/test_2/bb0aff26-9142-466d-9149-805251d5f68a.webp,imagereward:images/test/test_2/7078cf37-6555-4cac-bcaa-b938548ade07.webp,0.18705150485038757,0.3036981225013733,-0.11664661765098572,gallery_images/c3a1fd6530ca619e45d79ced.jpg,gallery_images/ccae591e47b9ff7bf9c41af6.jpg,"{""model_id"": null, ""negative_prompt"": null, ""gs"": null, ""steps"": null, ""scheduler_cls"": null, ""classification"": ""Artifacts""}","{""model_id"": null, ""negative_prompt"": null, ""gs"": null, ""steps"": null, ""scheduler_cls"": null, ""classification"": ""Artifacts""}",unverified,,,
35206,physiognomy,1,random_audit,imagereward:test:008328-0024,"a portrait of a red - skinned dragonborn monk in a plain white cloak white cloak, holding a spear with a black tip, fantasy art by greg rutkowski ",e375c383a8fb1f82436cddd04ae6107fa1cb1c5ad9080ca9bcf9e4f755414fb3,imagereward:images/test/test_1/5f523d59-534e-48ca-8733-2c9ba5111efc.webp,imagereward:images/test/test_1/9b19bc01-83a1-4c97-bca9-05f6e88e4e9b.webp,0.3343956768512726,0.33038926124572754,0.004006415605545044,gallery_images/a42cd3f945174766759a2bb5.jpg,gallery_images/94c9a50f33696bfe49273c98.jpg,"{""model_id"": null, ""negative_prompt"": null, ""gs"": null, ""steps"": null, ""scheduler_cls"": null, ""classification"": ""People""}","{""model_id"": null, ""negative_prompt"": null, ""gs"": null, ""steps"": null, ""scheduler_cls"": null, ""classification"": ""People""}",unverified,,,
35206,physiognomy,1,random_audit,imagereward:test:007223-0095,"movie still of a man and a robot in a moment of horror, movie still, cinematic composition, cinematic light, by edgar wright and david lynch ",7b1a3a2d747f29cf98ce5df43b3c627d9e7e7b46abc06de1cee720cd6536b561,imagereward:images/test/test_1/4617fab5-3eeb-4fe5-b59b-6b4917ca34db.webp,imagereward:images/test/test_1/795e92d3-769b-4d9c-901d-c77f1d61ce9b.webp,0.21388167142868042,0.2505102753639221,-0.0366286039352417,gallery_images/5beb51d142a760cca7b3f03a.jpg,gallery_images/0ea76da58ee406f9f751db00.jpg,"{""model_id"": null, ""negative_prompt"": null, ""gs"": null, ""steps"": null, ""scheduler_cls"": null, ""classification"": ""Arts""}","{""model_id"": null, ""negative_prompt"": null, ""gs"": null, ""steps"": null, ""scheduler_cls"": null, ""classification"": ""Arts""}",unverified,,,
45729,strabismus,1,supportive,imagereward:test:009475-0037,film still from frightening horror movie. cinematic. 8 k. ,38a0610767e6cc9c0356505e23ba4222fbc8d42f195099e5e226c087606379a2,imagereward:images/test/test_1/69642992-b998-4642-9e75-389d3e8e2860.webp,imagereward:images/test/test_1/788d0347-12d2-4c2e-aa96-71d83850342d.webp,0.3245224356651306,0.20172333717346191,0.1227990984916687,gallery_images/d8c84dfc69b4b66ca56fb966.jpg,gallery_images/1a1c426caddb68a4731a49cf.jpg,"{""model_id"": null, ""negative_prompt"": null, ""gs"": null, ""steps"": null, ""scheduler_cls"": null, ""classification"": ""Arts""}","{""model_id"": null, ""negative_prompt"": null, ""gs"": null, ""steps"": null, ""scheduler_cls"": null, ""classification"": ""Arts""}",unverified,,,
45729,strabismus,1,supportive,imagereward:test:010862-0025,"artgerm, psychedelic ben kweller, rocking out, headphones dj rave, digital artwork, r. crumb, svg vector ",4b6d109a9f1919376ce05c3b36a992317cde8bdd250a6fdb7c882cfa35435bd7,imagereward:images/test/test_2/35e61cd0-5853-418a-91aa-ec86b8cb548e.webp,imagereward:images/test/test_2/25ce7d21-2340-4e9b-b887-0d8f95452852.webp,0.31131410598754883,0.22265103459358215,0.08866307139396667,gallery_images/7a24fcc092f581e9b696bcee.jpg,gallery_images/58f0c70a19762b0ded534875.jpg,"{""model_id"": null, ""negative_prompt"": null, ""gs"": null, ""steps"": null, ""scheduler_cls"": null, ""classification"": ""Arts""}","{""model_id"": null, ""negative_prompt"": null, ""gs"": null, ""steps"": null, ""scheduler_cls"": null, ""classification"": ""Arts""}",unverified,,,
45729,strabismus,1,counterexample,imagereward:test:010946-0081,hyperrealism stock photo of highly detailed stylish humanoid robot in sci - fi cyberpunk style by gragory crewdson and vincent di fate that working in the highly detailed data center by mike winkelmann and laurie greasley rendered in blender and octane render ,a524a03705d7460e8f5d1fc5e90117609ed6bef5c441e18e8a326f3d598463b7,imagereward:images/test/test_2/bb0aff26-9142-466d-9149-805251d5f68a.webp,imagereward:images/test/test_2/7078cf37-6555-4cac-bcaa-b938548ade07.webp,0.19188576936721802,0.29569414258003235,-0.10380837321281433,gallery_images/c3a1fd6530ca619e45d79ced.jpg,gallery_images/ccae591e47b9ff7bf9c41af6.jpg,"{""model_id"": null, ""negative_prompt"": null, ""gs"": null, ""steps"": null, ""scheduler_cls"": null, ""classification"": ""Artifacts""}","{""model_id"": null, ""negative_prompt"": null, ""gs"": null, ""steps"": null, ""scheduler_cls"": null, ""classification"": ""Artifacts""}",unverified,,,
45729,strabismus,1,counterexample,imagereward:test:001382-0041,"highly detailed painting of uzumaki naruto fighting a looming demigod, dramatic, sense of scale, stephen bliss, unreal engine, greg rutkowski, ilya kuvshinov, ross draws, hyung tae and frank frazetta, tom bagshaw, tom whalen, nicoletta ceccoli, mark ryden, earl norem, global illumination, god rays, windswept ",a653b891199f3c9e8ed106e82da60ccd9e0fe408e74446342bf461100233b3bb,imagereward:images/test/test_2/d3c2e658-cb65-49d8-ad30-0a8530e3e0a3.webp,imagereward:images/test/test_2/73f6f6f7-5751-4b0f-a5e4-8b044e3bc91f.webp,0.17114734649658203,0.26414954662323,-0.09300220012664795,gallery_images/d37b0f5bb70b1237047c4329.jpg,gallery_images/249c416da0a64dc889479998.jpg,"{""model_id"": null, ""negative_prompt"": null, ""gs"": null, ""steps"": null, ""scheduler_cls"": null, ""classification"": ""Arts""}","{""model_id"": null, ""negative_prompt"": null, ""gs"": null, ""steps"": null, ""scheduler_cls"": null, ""classification"": ""Arts""}",unverified,,,
45729,strabismus,1,random_audit,imagereward:test:007135-0056,"A majestic landscape featuring a river, mountains and a forest. A small group of birds is flying in the sky. Harsh winter. very windy. There is a man walking in a deep snow. Cinematic, very beautiful, painting in the style of Lord of the rings",c5121bccfd7086ca62bef90e3f4a7d3e3f8657f56388feb6a0816acbb883147d,imagereward:images/test/test_1/64f3a0e7-a95a-458a-b4bf-e0191c5e0893.webp,imagereward:images/test/test_1/f1fb4717-9714-4050-ad8f-f371ceaa4e37.webp,0.17631474137306213,0.18554891645908356,-0.009234175086021423,gallery_images/3ca436624f97f97022b56d20.jpg,gallery_images/c70fc17afc66de6b75e71361.jpg,"{""model_id"": null, ""negative_prompt"": null, ""gs"": null, ""steps"": null, ""scheduler_cls"": null, ""classification"": ""Outdoor Scenes""}","{""model_id"": null, ""negative_prompt"": null, ""gs"": null, ""steps"": null, ""scheduler_cls"": null, ""classification"": ""Outdoor Scenes""}",unverified,,,
45729,strabismus,1,random_audit,imagereward:test:010299-0030,"colorful instant photograph of a short hair woman smoking in the street, leaning on the wall, polaroid, light leak, raw, nostalgic ",90e19783a7ae7881c39a9583d80ab9c61a4064fc7c432296b05eade52efc258f,imagereward:images/test/test_2/f17f879f-a0b7-4fc5-b2af-f8b352599ecf.webp,imagereward:images/test/test_2/161ebf92-1f44-42dc-a43d-b4b0566f2689.webp,0.29234588146209717,0.23307088017463684,0.05927500128746033,gallery_images/e7d92b6f325e277afacadafa.jpg,gallery_images/8a07fd3c03192fee2639440f.jpg,"{""model_id"": null, ""negative_prompt"": null, ""gs"": null, ""steps"": null, ""scheduler_cls"": null, ""classification"": ""People""}","{""model_id"": null, ""negative_prompt"": null, ""gs"": null, ""steps"": null, ""scheduler_cls"": null, ""classification"": ""People""}",unverified,,,
5310,big-eyed,1,supportive,imagereward:test:009475-0037,film still from frightening horror movie. cinematic. 8 k. ,38a0610767e6cc9c0356505e23ba4222fbc8d42f195099e5e226c087606379a2,imagereward:images/test/test_1/f7a56cd7-692e-413f-b7b7-6dd88335104d.webp,imagereward:images/test/test_1/788d0347-12d2-4c2e-aa96-71d83850342d.webp,0.32466238737106323,0.174739807844162,0.14992257952690125,gallery_images/9846b93d6306f98b9e114302.jpg,gallery_images/1a1c426caddb68a4731a49cf.jpg,"{""model_id"": null, ""negative_prompt"": null, ""gs"": null, ""steps"": null, ""scheduler_cls"": null, ""classification"": ""Arts""}","{""model_id"": null, ""negative_prompt"": null, ""gs"": null, ""steps"": null, ""scheduler_cls"": null, ""classification"": ""Arts""}",unverified,,,
5310,big-eyed,1,supportive,imagereward:test:010856-0009,funny peanut butter ,b18ea9950d494d375d0c180c19fd090da6228f69d114cdf9665f8628abd7a871,imagereward:images/test/test_2/d7efc9ab-5b83-4dfb-9f37-e5c3494a9c6a.webp,imagereward:images/test/test_2/8b7d05e4-9a3b-4c73-b087-104251033467.webp,0.33029547333717346,0.21766915917396545,0.11262631416320801,gallery_images/7ffe2a14962798eca3100109.jpg,gallery_images/3dc52bcc5f9d782b00729f67.jpg,"{""model_id"": null, ""negative_prompt"": null, ""gs"": null, ""steps"": null, ""scheduler_cls"": null, ""classification"": ""Food""}","{""model_id"": null, ""negative_prompt"": null, ""gs"": null, ""steps"": null, ""scheduler_cls"": null, ""classification"": ""Food""}",unverified,,,
5310,big-eyed,1,counterexample,imagereward:test:010946-0081,hyperrealism stock photo of highly detailed stylish humanoid robot in sci - fi cyberpunk style by gragory crewdson and vincent di fate that working in the highly detailed data center by mike winkelmann and laurie greasley rendered in blender and octane render ,a524a03705d7460e8f5d1fc5e90117609ed6bef5c441e18e8a326f3d598463b7,imagereward:images/test/test_2/7f20edac-b1ad-4088-853e-c3881672971c.webp,imagereward:images/test/test_2/aab28827-e893-4669-afa7-5d1cd1eaf3c7.webp,0.20404136180877686,0.2823336124420166,-0.07829225063323975,gallery_images/4488acb35643ec63eabd928d.jpg,gallery_images/3817f0dde9fbe0c6b363ab8c.jpg,"{""model_id"": null, ""negative_prompt"": null, ""gs"": null, ""steps"": null, ""scheduler_cls"": null, ""classification"": ""Artifacts""}","{""model_id"": null, ""negative_prompt"": null, ""gs"": null, ""steps"": null, ""scheduler_cls"": null, ""classification"": ""Artifacts""}",unverified,,,
5310,big-eyed,1,counterexample,imagereward:test:007106-0064,"mountains in the iris, macro photography, high resolution, high detail, 4K, 8K",72162be259706024999b00ccb203fe1178bba777a56a18363334d071fdcd6b36,imagereward:images/test/test_1/63a32095-3201-418e-b990-fca4754b040b.webp,imagereward:images/test/test_1/d857e12b-ad97-4823-a384-4b0b72ab2cbf.webp,0.179770827293396,0.25581079721450806,-0.07603996992111206,gallery_images/47ad303365f184ee5b3f65bb.jpg,gallery_images/e51d5fa660b0223ad62b709f.jpg,"{""model_id"": null, ""negative_prompt"": null, ""gs"": null, ""steps"": null, ""scheduler_cls"": null, ""classification"": ""Outdoor Scenes""}","{""model_id"": null, ""negative_prompt"": null, ""gs"": null, ""steps"": null, ""scheduler_cls"": null, ""classification"": ""Outdoor Scenes""}",unverified,,,
5310,big-eyed,1,random_audit,imagereward:test:007155-0059,the lost city by beksinski,00e96689de97431c18915a5f934e84f9c3834dd43c9992cc936575b8a7e583a2,imagereward:images/test/test_1/cfc20282-c19e-4441-aaab-952a78ebc1c3.webp,imagereward:images/test/test_1/5654d04b-6e61-4227-9e9f-cf5a1317dfff.webp,0.1950719803571701,0.2078588604927063,-0.012786880135536194,gallery_images/7b5c80f93e49ece4ec79fa04.jpg,gallery_images/47bf32b7e548db00c210b20d.jpg,"{""model_id"": null, ""negative_prompt"": null, ""gs"": null, ""steps"": null, ""scheduler_cls"": null, ""classification"": ""Arts""}","{""model_id"": null, ""negative_prompt"": null, ""gs"": null, ""steps"": null, ""scheduler_cls"": null, ""classification"": ""Arts""}",unverified,,,
5310,big-eyed,1,random_audit,imagereward:test:009006-0102,"Horrifying creature, haunted, horror",6ee1b52c63caf60d8db23751287681018dfce76c98cca49820b5a1a91db4b14a,imagereward:images/test/test_1/47761b6c-fcc4-4ebc-b29c-cb09c59deddb.webp,imagereward:images/test/test_1/a441e52c-b155-4e46-b4c6-3b77a0939bd1.webp,0.2968479096889496,0.25367140769958496,0.043176501989364624,gallery_images/1cf2f88c73d465d48841e83c.jpg,gallery_images/edd040bc9bcc657e3145f21b.jpg,"{""model_id"": null, ""negative_prompt"": null, ""gs"": null, ""steps"": null, ""scheduler_cls"": null, ""classification"": ""Arts""}","{""model_id"": null, ""negative_prompt"": null, ""gs"": null, ""steps"": null, ""scheduler_cls"": null, ""classification"": ""Arts""}",unverified,,,
45268,stare-down,1,supportive,imagereward:test:009475-0037,film still from frightening horror movie. cinematic. 8 k. ,38a0610767e6cc9c0356505e23ba4222fbc8d42f195099e5e226c087606379a2,imagereward:images/test/test_1/881a226a-49ae-4702-9438-95371e61b12c.webp,imagereward:images/test/test_1/788d0347-12d2-4c2e-aa96-71d83850342d.webp,0.32121819257736206,0.241550475358963,0.07966771721839905,gallery_images/33630cba41a315c42dd3fc77.jpg,gallery_images/1a1c426caddb68a4731a49cf.jpg,"{""model_id"": null, ""negative_prompt"": null, ""gs"": null, ""steps"": null, ""scheduler_cls"": null, ""classification"": ""Arts""}","{""model_id"": null, ""negative_prompt"": null, ""gs"": null, ""steps"": null, ""scheduler_cls"": null, ""classification"": ""Arts""}",unverified,,,
45268,stare-down,1,supportive,imagereward:test:010862-0025,"artgerm, psychedelic ben kweller, rocking out, headphones dj rave, digital artwork, r. crumb, svg vector ",4b6d109a9f1919376ce05c3b36a992317cde8bdd250a6fdb7c882cfa35435bd7,imagereward:images/test/test_2/35e61cd0-5853-418a-91aa-ec86b8cb548e.webp,imagereward:images/test/test_2/25ce7d21-2340-4e9b-b887-0d8f95452852.webp,0.29057812690734863,0.2213630974292755,0.06921502947807312,gallery_images/7a24fcc092f581e9b696bcee.jpg,gallery_images/58f0c70a19762b0ded534875.jpg,"{""model_id"": null, ""negative_prompt"": null, ""gs"": null, ""steps"": null, ""scheduler_cls"": null, ""classification"": ""Arts""}","{""model_id"": null, ""negative_prompt"": null, ""gs"": null, ""steps"": null, ""scheduler_cls"": null, ""classification"": ""Arts""}",unverified,,,
45268,stare-down,1,counterexample,imagereward:test:010862-0025,"artgerm, psychedelic ben kweller, rocking out, headphones dj rave, digital artwork, r. crumb, svg vector ",4b6d109a9f1919376ce05c3b36a992317cde8bdd250a6fdb7c882cfa35435bd7,imagereward:images/test/test_2/25ce7d21-2340-4e9b-b887-0d8f95452852.webp,imagereward:images/test/test_2/7696a256-5028-4a37-b61a-e0c1faa14f60.webp,0.2213630974292755,0.29593661427497864,-0.07457351684570312,gallery_images/58f0c70a19762b0ded534875.jpg,gallery_images/d577c857a13f142503951002.jpg,"{""model_id"": null, ""negative_prompt"": null, ""gs"": null, ""steps"": null, ""scheduler_cls"": null, ""classification"": ""Arts""}","{""model_id"": null, ""negative_prompt"": null, ""gs"": null, ""steps"": null, ""scheduler_cls"": null, ""classification"": ""Arts""}",unverified,,,
45268,stare-down,1,counterexample,imagereward:test:010946-0081,hyperrealism stock photo of highly detailed stylish humanoid robot in sci - fi cyberpunk style by gragory crewdson and vincent di fate that working in the highly detailed data center by mike winkelmann and laurie greasley rendered in blender and octane render ,a524a03705d7460e8f5d1fc5e90117609ed6bef5c441e18e8a326f3d598463b7,imagereward:images/test/test_2/bb0aff26-9142-466d-9149-805251d5f68a.webp,imagereward:images/test/test_2/7078cf37-6555-4cac-bcaa-b938548ade07.webp,0.21558430790901184,0.29004809260368347,-0.07446378469467163,gallery_images/c3a1fd6530ca619e45d79ced.jpg,gallery_images/ccae591e47b9ff7bf9c41af6.jpg,"{""model_id"": null, ""negative_prompt"": null, ""gs"": null, ""steps"": null, ""scheduler_cls"": null, ""classification"": ""Artifacts""}","{""model_id"": null, ""negative_prompt"": null, ""gs"": null, ""steps"": null, ""scheduler_cls"": null, ""classification"": ""Artifacts""}",unverified,,,
45268,stare-down,1,random_audit,imagereward:test:010299-0030,"colorful instant photograph of a short hair woman smoking in the street, leaning on the wall, polaroid, light leak, raw, nostalgic ",90e19783a7ae7881c39a9583d80ab9c61a4064fc7c432296b05eade52efc258f,imagereward:images/test/test_2/42e003c7-ed45-409a-ad1c-ae020c5d2d84.webp,imagereward:images/test/test_2/4175a690-ab35-4214-894f-61bc9e2c7005.webp,0.2560339868068695,0.2535973787307739,0.002436608076095581,gallery_images/0cd86106a94ed9c2fd590080.jpg,gallery_images/cbce1c64aeb9087251eacfb8.jpg,"{""model_id"": null, ""negative_prompt"": null, ""gs"": null, ""steps"": null, ""scheduler_cls"": null, ""classification"": ""People""}","{""model_id"": null, ""negative_prompt"": null, ""gs"": null, ""steps"": null, ""scheduler_cls"": null, ""classification"": ""People""}",unverified,,,
45268,stare-down,1,random_audit,imagereward:test:007135-0060,"!13 hungry cannibals making a rich salad around a marble table, !positioned as last supper cinematic lighting, dramatic framing, highly detalied, 4k, artstation, by Rene Lalique and Wayne Barlowe",396fd658a5abefd3f74d20e36a01f53548cd0e2de74e0f9ae49985eace0e78e4,imagereward:images/test/test_1/454c61ab-edc2-43d5-9f62-4039eac6b4a2.webp,imagereward:images/test/test_1/293bb51d-f5ef-4a24-a5a8-2022f81f576c.webp,0.2690773904323578,0.25736725330352783,0.011710137128829956,gallery_images/31927fb42ff5c988369361bd.jpg,gallery_images/95fdcc61fecd4080ad8dd968.jpg,"{""model_id"": null, ""negative_prompt"": null, ""gs"": null, ""steps"": null, ""scheduler_cls"": null, ""classification"": ""People""}","{""model_id"": null, ""negative_prompt"": null, ""gs"": null, ""steps"": null, ""scheduler_cls"": null, ""classification"": ""People""}",unverified,,,
47258,tarmac,-1,supportive,imagereward:test:010918-0030,the pope in saving private james ryan ,9ed63beff86d5e18e4048901428ee78733de38893029c7c73093da1301c7baa5,imagereward:images/test/test_2/1c616cfb-226a-486f-a7ed-eb04c1993aee.webp,imagereward:images/test/test_2/24fb28c3-f778-4116-8ffb-f41230beb451.webp,0.2042371928691864,0.32222723960876465,-0.11799004673957825,gallery_images/91703f6cd59dc630e0de6593.jpg,gallery_images/df55fdf1e4ded79867ad1671.jpg,"{""model_id"": null, ""negative_prompt"": null, ""gs"": null, ""steps"": null, ""scheduler_cls"": null, ""classification"": ""People""}","{""model_id"": null, ""negative_prompt"": null, ""gs"": null, ""steps"": null, ""scheduler_cls"": null, ""classification"": ""People""}",unverified,,,
47258,tarmac,-1,supportive,imagereward:test:001151-0006,if woody and buzz from toy story had a kid pixar animation hd ,4ccbad501cbfb5dfe1c19daa4e7636a31e7ca8afdafd02312ce7531d13cf9fb2,imagereward:images/test/test_2/824e1107-99cf-4249-9b53-92f04417f4c5.webp,imagereward:images/test/test_2/e5df5d77-e1bc-427d-834b-62fff28afe24.webp,0.24314546585083008,0.3454222083091736,-0.1022767424583435,gallery_images/23e048cdff8d655d02266781.jpg,gallery_images/1e3d6a13188cb3a238c67ab1.jpg,"{""model_id"": null, ""negative_prompt"": null, ""gs"": null, ""steps"": null, ""scheduler_cls"": null, ""classification"": ""Arts""}","{""model_id"": null, ""negative_prompt"": null, ""gs"": null, ""steps"": null, ""scheduler_cls"": null, ""classification"": ""Arts""}",unverified,,,
47258,tarmac,-1,counterexample,imagereward:test:001151-0006,if woody and buzz from toy story had a kid pixar animation hd ,4ccbad501cbfb5dfe1c19daa4e7636a31e7ca8afdafd02312ce7531d13cf9fb2,imagereward:images/test/test_2/e5df5d77-e1bc-427d-834b-62fff28afe24.webp,imagereward:images/test/test_2/21a8bff4-b37a-49c5-87a2-feaa6bb1e123.webp,0.3454222083091736,0.22574631869792938,0.1196758896112442,gallery_images/1e3d6a13188cb3a238c67ab1.jpg,gallery_images/60aaa1d428ebd82d14ea5be4.jpg,"{""model_id"": null, ""negative_prompt"": null, ""gs"": null, ""steps"": null, ""scheduler_cls"": null, ""classification"": ""Arts""}","{""model_id"": null, ""negative_prompt"": null, ""gs"": null, ""steps"": null, ""scheduler_cls"": null, ""classification"": ""Arts""}",unverified,,,
47258,tarmac,-1,counterexample,imagereward:test:010361-0095,"retro sci fi art of an astronaut next to jupiter in a car, ",9c539f061044900ae75d772a82ccd6b1dc340985beb81c74f5cbe8310a7c7b75,imagereward:images/test/test_2/aaa176b7-334e-4981-9465-95ec033368a2.webp,imagereward:images/test/test_2/265185a5-d81a-48bc-a669-ae4a4460e5aa.webp,0.3425420820713043,0.24214419722557068,0.10039788484573364,gallery_images/4ba34838de13ee58be12ce1d.jpg,gallery_images/4c75ce5827c4d891ff058c9c.jpg,"{""model_id"": null, ""negative_prompt"": null, ""gs"": null, ""steps"": null, ""scheduler_cls"": null, ""classification"": ""People""}","{""model_id"": null, ""negative_prompt"": null, ""gs"": null, ""steps"": null, ""scheduler_cls"": null, ""classification"": ""People""}",unverified,,,
47258,tarmac,-1,random_audit,imagereward:test:002127-0162,"close - up view of silhouettes watching a giant dark sci - fi alien sea creature with big glowing eyes in a giant futuristic fish tank, deep blue colors, highly detailed science fiction painting by syd mead, roger dean, and moebius. rich colors, high contrast, black background. unreal engine, artstation. ",07beb510ca8cd7b34569f09e1347913481b90cad88ccc03e103252735f061d58,imagereward:images/test/test_2/2f15982b-9f50-4e00-a5fd-5f23451f4a7b.webp,imagereward:images/test/test_2/22cf8662-ad4f-411c-a1b4-766a40b17238.webp,0.31013086438179016,0.2693214416503906,0.040809422731399536,gallery_images/a261d94d61379e13c2b1f669.jpg,gallery_images/2e90e9ddf21d10c79e913c3f.jpg,"{""model_id"": null, ""negative_prompt"": null, ""gs"": null, ""steps"": null, ""scheduler_cls"": null, ""classification"": ""Arts""}","{""model_id"": null, ""negative_prompt"": null, ""gs"": null, ""steps"": null, ""scheduler_cls"": null, ""classification"": ""Arts""}",unverified,,,
47258,tarmac,-1,random_audit,imagereward:test:007189-0066,muscular man wearing a leather harness and hat ,a1b9da2e14b14711efc944053b56997170d1fc428129b3ef672b1516854f3a4a,imagereward:images/test/test_1/754a24b7-2c96-48f6-ad48-ce6a501c85b1.webp,imagereward:images/test/test_1/16352335-c1d5-4fa0-9761-bc8b129b1e94.webp,0.2251322865486145,0.2328958511352539,-0.007763564586639404,gallery_images/c8fde99b6f78addfe75e1eec.jpg,gallery_images/198f268cafa6519ef86810d2.jpg,"{""model_id"": null, ""negative_prompt"": null, ""gs"": null, ""steps"": null, ""scheduler_cls"": null, ""classification"": ""People""}","{""model_id"": null, ""negative_prompt"": null, ""gs"": null, ""steps"": null, ""scheduler_cls"": null, ""classification"": ""People""}",unverified,,,
21422,hand-shaped,-1,supportive,imagereward:test:007367-0101,"retro scifi spaceport with a spaceship about to take off, concept art, hyper detailed, ultra realistic, octane, artstation trending, unreal engine, dramatic lighting, reflections",bbc5181d0f1aa87c0bc57fb7825263ef0db706f351c945714fe2d53fcd0445ff,imagereward:images/test/test_1/39b0f4e1-8737-4168-9d56-98a7fca26475.webp,imagereward:images/test/test_1/7e4ea7c2-b6e0-41d7-9493-9b57fcbda2a9.webp,0.2018098384141922,0.32114243507385254,-0.11933259665966034,gallery_images/a0605172e971f23a60564aa1.jpg,gallery_images/7e7d9d403ce5f5725d6112fc.jpg,"{""model_id"": null, ""negative_prompt"": null, ""gs"": null, ""steps"": null, ""scheduler_cls"": null, ""classification"": ""Arts""}","{""model_id"": null, ""negative_prompt"": null, ""gs"": null, ""steps"": null, ""scheduler_cls"": null, ""classification"": ""Arts""}",unverified,,,
21422,hand-shaped,-1,supportive,imagereward:test:008772-0049, promotional vogue studio portrait photo of Alanis Morissette  ,7ecbda88bff98754b9e4aff46de0002c19a6c176848cc1714105fa7c6a6d7f02,imagereward:images/test/test_1/1603b5b4-bb37-444e-ba32-42f3f1ca4042.webp,imagereward:images/test/test_1/36e12c74-084f-4a5a-8c78-992e2b5e00f9.webp,0.19436585903167725,0.30575451254844666,-0.11138865351676941,gallery_images/06e2d426ee898dcc23a01aa5.jpg,gallery_images/f79c08d705dd96d0298d5aeb.jpg,"{""model_id"": null, ""negative_prompt"": null, ""gs"": null, ""steps"": null, ""scheduler_cls"": null, ""classification"": ""People""}","{""model_id"": null, ""negative_prompt"": null, ""gs"": null, ""steps"": null, ""scheduler_cls"": null, ""classification"": ""People""}",unverified,,,
21422,hand-shaped,-1,counterexample,imagereward:test:008772-0049, promotional vogue studio portrait photo of Alanis Morissette  ,7ecbda88bff98754b9e4aff46de0002c19a6c176848cc1714105fa7c6a6d7f02,imagereward:images/test/test_1/36e12c74-084f-4a5a-8c78-992e2b5e00f9.webp,imagereward:images/test/test_1/e99dfb90-66f7-451e-bd52-daad740efb9c.webp,0.30575451254844666,0.1974504441022873,0.10830406844615936,gallery_images/f79c08d705dd96d0298d5aeb.jpg,gallery_images/ecfa8256ac636f331575b44e.jpg,"{""model_id"": null, ""negative_prompt"": null, ""gs"": null, ""steps"": null, ""scheduler_cls"": null, ""classification"": ""People""}","{""model_id"": null, ""negative_prompt"": null, ""gs"": null, ""steps"": null, ""scheduler_cls"": null, ""classification"": ""People""}",unverified,,,
21422,hand-shaped,-1,counterexample,imagereward:test:007780-0128,"photography of an underwater ocean scene, 8 k, cinematic lighting ",2cc206f0220c69adf7d595e1d7b0a7e831752a940f4184b69c18378cbe83dfac,imagereward:images/test/test_1/c6b5a6cb-6f45-4ff1-9dc1-fe42d91425ae.webp,imagereward:images/test/test_1/9fe8e3c0-e2b9-4e62-bd4e-12b94f3d2b36.webp,0.3045271635055542,0.20988301932811737,0.09464414417743683,gallery_images/0d79b3b327ad55caa18bb293.jpg,gallery_images/a024254ef8a92510dd06325e.jpg,"{""model_id"": null, ""negative_prompt"": null, ""gs"": null, ""steps"": null, ""scheduler_cls"": null, ""classification"": ""Outdoor Scenes""}","{""model_id"": null, ""negative_prompt"": null, ""gs"": null, ""steps"": null, ""scheduler_cls"": null, ""classification"": ""Outdoor Scenes""}",unverified,,,
21422,hand-shaped,-1,random_audit,imagereward:test:008772-0049, promotional vogue studio portrait photo of Alanis Morissette  ,7ecbda88bff98754b9e4aff46de0002c19a6c176848cc1714105fa7c6a6d7f02,imagereward:images/test/test_1/26302916-54a9-4cca-98e4-547ce6f50aa4.webp,imagereward:images/test/test_1/e99dfb90-66f7-451e-bd52-daad740efb9c.webp,0.28427988290786743,0.1974504441022873,0.08682943880558014,gallery_images/85767f14a3e47dccfc45bc4b.jpg,gallery_images/ecfa8256ac636f331575b44e.jpg,"{""model_id"": null, ""negative_prompt"": null, ""gs"": null, ""steps"": null, ""scheduler_cls"": null, ""classification"": ""People""}","{""model_id"": null, ""negative_prompt"": null, ""gs"": null, ""steps"": null, ""scheduler_cls"": null, ""classification"": ""People""}",unverified,,,
21422,hand-shaped,-1,random_audit,imagereward:test:007135-0060,"!13 hungry cannibals making a rich salad around a marble table, !positioned as last supper cinematic lighting, dramatic framing, highly detalied, 4k, artstation, by Rene Lalique and Wayne Barlowe",396fd658a5abefd3f74d20e36a01f53548cd0e2de74e0f9ae49985eace0e78e4,imagereward:images/test/test_1/01c59895-bb93-4be1-8150-d71d24abb149.webp,imagereward:images/test/test_1/82826e22-3a43-466b-b921-5bd2e6b13cf5.webp,0.2691960036754608,0.2796565592288971,-0.01046055555343628,gallery_images/e2fc5517a915878eec73f7cf.jpg,gallery_images/9b32c45333966950847c4b8d.jpg,"{""model_id"": null, ""negative_prompt"": null, ""gs"": null, ""steps"": null, ""scheduler_cls"": null, ""classification"": ""People""}","{""model_id"": null, ""negative_prompt"": null, ""gs"": null, ""steps"": null, ""scheduler_cls"": null, ""classification"": ""People""}",unverified,,,
34449,pavement,-1,supportive,imagereward:test:010918-0030,the pope in saving private james ryan ,9ed63beff86d5e18e4048901428ee78733de38893029c7c73093da1301c7baa5,imagereward:images/test/test_2/1c616cfb-226a-486f-a7ed-eb04c1993aee.webp,imagereward:images/test/test_2/24fb28c3-f778-4116-8ffb-f41230beb451.webp,0.21430018544197083,0.3612232208251953,-0.1469230353832245,gallery_images/91703f6cd59dc630e0de6593.jpg,gallery_images/df55fdf1e4ded79867ad1671.jpg,"{""model_id"": null, ""negative_prompt"": null, ""gs"": null, ""steps"": null, ""scheduler_cls"": null, ""classification"": ""People""}","{""model_id"": null, ""negative_prompt"": null, ""gs"": null, ""steps"": null, ""scheduler_cls"": null, ""classification"": ""People""}",unverified,,,
34449,pavement,-1,supportive,imagereward:test:010366-0012,a photo of a very fat green parrot. ,e0f2360d116462f2784d425324fa3f2db8b12ba7dc05c68549c8510df09bbb60,imagereward:images/test/test_2/a3ac809b-3aff-4d87-adac-e64b1620e431.webp,imagereward:images/test/test_2/8616dc88-be54-4c2d-9060-8a4a411c38cf.webp,0.18488526344299316,0.3271733522415161,-0.14228808879852295,gallery_images/d746c7afd1cf0ae331547426.jpg,gallery_images/0db1491d576657218d4c1d56.jpg,"{""model_id"": null, ""negative_prompt"": null, ""gs"": null, ""steps"": null, ""scheduler_cls"": null, ""classification"": ""Animals""}","{""model_id"": null, ""negative_prompt"": null, ""gs"": null, ""steps"": null, ""scheduler_cls"": null, ""classification"": ""Animals""}",unverified,,,
34449,pavement,-1,counterexample,imagereward:test:001151-0006,if woody and buzz from toy story had a kid pixar animation hd ,4ccbad501cbfb5dfe1c19daa4e7636a31e7ca8afdafd02312ce7531d13cf9fb2,imagereward:images/test/test_2/e5df5d77-e1bc-427d-834b-62fff28afe24.webp,imagereward:images/test/test_2/21a8bff4-b37a-49c5-87a2-feaa6bb1e123.webp,0.3699452877044678,0.2014397829771042,0.1685055047273636,gallery_images/1e3d6a13188cb3a238c67ab1.jpg,gallery_images/60aaa1d428ebd82d14ea5be4.jpg,"{""model_id"": null, ""negative_prompt"": null, ""gs"": null, ""steps"": null, ""scheduler_cls"": null, ""classification"": ""Arts""}","{""model_id"": null, ""negative_prompt"": null, ""gs"": null, ""steps"": null, ""scheduler_cls"": null, ""classification"": ""Arts""}",unverified,,,
34449,pavement,-1,counterexample,imagereward:test:010856-0009,funny peanut butter ,b18ea9950d494d375d0c180c19fd090da6228f69d114cdf9665f8628abd7a871,imagereward:images/test/test_2/d7efc9ab-5b83-4dfb-9f37-e5c3494a9c6a.webp,imagereward:images/test/test_2/de0d0967-da8b-4313-aabc-8586351f274e.webp,0.3336474597454071,0.19965507090091705,0.13399238884449005,gallery_images/7ffe2a14962798eca3100109.jpg,gallery_images/dab53c0cd368a25298f6d76d.jpg,"{""model_id"": null, ""negative_prompt"": null, ""gs"": null, ""steps"": null, ""scheduler_cls"": null, ""classification"": ""Food""}","{""model_id"": null, ""negative_prompt"": null, ""gs"": null, ""steps"": null, ""scheduler_cls"": null, ""classification"": ""Food""}",unverified,,,
34449,pavement,-1,random_audit,imagereward:test:008247-0049,botanical illustrations of many multicolored flowers,505436e5436893777e605e8d2b54eb408229ec3b9cf99257e2877c4209714803,imagereward:images/test/test_1/b706bea2-c504-4508-899e-377f35344250.webp,imagereward:images/test/test_1/5b93000b-f88d-4a2f-8e45-375feb69c0b0.webp,0.1889593005180359,0.2114068865776062,-0.022447586059570312,gallery_images/95019e33d6f25a728b77a2e5.jpg,gallery_images/227c8419bd2ebda64ae5b3d4.jpg,"{""model_id"": null, ""negative_prompt"": null, ""gs"": null, ""steps"": null, ""scheduler_cls"": null, ""classification"": ""Plants""}","{""model_id"": null, ""negative_prompt"": null, ""gs"": null, ""steps"": null, ""scheduler_cls"": null, ""classification"": ""Plants""}",unverified,,,
34449,pavement,-1,random_audit,imagereward:test:001205-0101,A realistic photo of a man with big ears,99f6de6c2d86ca54133d7237800638a8aa94d4d2096fb807110fd7329dd43b29,imagereward:images/test/test_2/cb4e384c-ce90-4244-8981-84ea1da42a21.webp,imagereward:images/test/test_2/e7a05c03-480f-424f-a129-5a2c8cf75e6d.webp,0.2730810046195984,0.1883956640958786,0.08468534052371979,gallery_images/55ca13f7540f5e74391ea2bf.jpg,gallery_images/d660718a80400dfb083b4cca.jpg,"{""model_id"": null, ""negative_prompt"": null, ""gs"": null, ""steps"": null, ""scheduler_cls"": null, ""classification"": ""People""}","{""model_id"": null, ""negative_prompt"": null, ""gs"": null, ""steps"": null, ""scheduler_cls"": null, ""classification"": ""People""}",unverified,,,
11865,dance-floor,-1,supportive,imagereward:test:008711-0012,spanish mauricio colmenero ,d1618101d7e65a6a00fb1c5473fcb3bd4c15c804a643a4ea8781779513d9603f,imagereward:images/test/test_1/3959448c-2756-41d5-9869-3e2c802acf6c.webp,imagereward:images/test/test_1/d2bc1498-10e0-4b96-82ad-f4b588a30628.webp,0.19373223185539246,0.31240004301071167,-0.11866781115531921,gallery_images/85ef7558086c98160e3761a1.jpg,gallery_images/c9b5dcf541e8e3543a448df0.jpg,"{""model_id"": null, ""negative_prompt"": null, ""gs"": null, ""steps"": null, ""scheduler_cls"": null, ""classification"": ""People""}","{""model_id"": null, ""negative_prompt"": null, ""gs"": null, ""steps"": null, ""scheduler_cls"": null, ""classification"": ""People""}",unverified,,,
11865,dance-floor,-1,supportive,imagereward:test:010366-0012,a photo of a very fat green parrot. ,e0f2360d116462f2784d425324fa3f2db8b12ba7dc05c68549c8510df09bbb60,imagereward:images/test/test_2/a3ac809b-3aff-4d87-adac-e64b1620e431.webp,imagereward:images/test/test_2/8616dc88-be54-4c2d-9060-8a4a411c38cf.webp,0.1652677208185196,0.27346745133399963,-0.10819973051548004,gallery_images/d746c7afd1cf0ae331547426.jpg,gallery_images/0db1491d576657218d4c1d56.jpg,"{""model_id"": null, ""negative_prompt"": null, ""gs"": null, ""steps"": null, ""scheduler_cls"": null, ""classification"": ""Animals""}","{""model_id"": null, ""negative_prompt"": null, ""gs"": null, ""steps"": null, ""scheduler_cls"": null, ""classification"": ""Animals""}",unverified,,,
11865,dance-floor,-1,counterexample,imagereward:test:001151-0006,if woody and buzz from toy story had a kid pixar animation hd ,4ccbad501cbfb5dfe1c19daa4e7636a31e7ca8afdafd02312ce7531d13cf9fb2,imagereward:images/test/test_2/dde76970-481d-43df-a245-42f27096ea3f.webp,imagereward:images/test/test_2/21a8bff4-b37a-49c5-87a2-feaa6bb1e123.webp,0.2985183596611023,0.18746167421340942,0.11105668544769287,gallery_images/be1b77cf79fe8a64877d6754.jpg,gallery_images/60aaa1d428ebd82d14ea5be4.jpg,"{""model_id"": null, ""negative_prompt"": null, ""gs"": null, ""steps"": null, ""scheduler_cls"": null, ""classification"": ""Arts""}","{""model_id"": null, ""negative_prompt"": null, ""gs"": null, ""steps"": null, ""scheduler_cls"": null, ""classification"": ""Arts""}",unverified,,,
11865,dance-floor,-1,counterexample,imagereward:test:009500-0056,"beautiful human witch with blonde short curtly hair in intricate ornate witch robe, haughty evil look, witch hat. in style of yoji shinkawa and hyung - tae kim, trending on artstation, dark fantasy, great composition, concept art, highly detailed, dynamic pose. ",f925a691bb620a9bac06dd31c86df8afd61b6b0c630e5480ff7e6fe00d0552cb,imagereward:images/test/test_1/254bee64-c737-482b-9fee-a9b588c99f32.webp,imagereward:images/test/test_1/750fed9f-480a-4147-b743-de9ed0290c27.webp,0.32348307967185974,0.21315093338489532,0.11033214628696442,gallery_images/259dfd89ec0f1cd4f92f8569.jpg,gallery_images/44c9d5b07cbcb4afeeb35dff.jpg,"{""model_id"": null, ""negative_prompt"": null, ""gs"": null, ""steps"": null, ""scheduler_cls"": null, ""classification"": ""People""}","{""model_id"": null, ""negative_prompt"": null, ""gs"": null, ""steps"": null, ""scheduler_cls"": null, ""classification"": ""People""}",unverified,,,
11865,dance-floor,-1,random_audit,imagereward:test:008294-0028,"a character sheet showing 4 different designs for an evil sorcerer in ornamental robes with glowing runes on fabric, holding a tall glowing ornate intricate magical staff, video game concept art by greg rutkowski, craig mullins, weta, elder scrolls ",6507a0b34a8e92f4f8932727dafca057b1486a32d532ffbb2c8c37a0f3d09222,imagereward:images/test/test_1/c2deb740-851a-4c8a-8cec-5bfed0c2dd5d.webp,imagereward:images/test/test_1/d4df54b0-5758-428c-b66a-4a498580b76c.webp,0.2278982698917389,0.24913394451141357,-0.021235674619674683,gallery_images/1d9220fe366909df640138de.jpg,gallery_images/fd2fbbd6ab0d2ee24b5f313b.jpg,"{""model_id"": null, ""negative_prompt"": null, ""gs"": null, ""steps"": null, ""scheduler_cls"": null, ""classification"": ""Arts""}","{""model_id"": null, ""negative_prompt"": null, ""gs"": null, ""steps"": null, ""scheduler_cls"": null, ""classification"": ""Arts""}",unverified,,,
11865,dance-floor,-1,random_audit,imagereward:test:001151-0006,if woody and buzz from toy story had a kid pixar animation hd ,4ccbad501cbfb5dfe1c19daa4e7636a31e7ca8afdafd02312ce7531d13cf9fb2,imagereward:images/test/test_2/ab11aae6-6c87-4045-9e56-de464555629e.webp,imagereward:images/test/test_2/3af70a8b-1bdf-4766-92fb-49964b083f70.webp,0.2464156299829483,0.2555406391620636,-0.009125009179115295,gallery_images/8a3024e13612ad03c0f74166.jpg,gallery_images/bf173e7cc934b446fe12b350.jpg,"{""model_id"": null, ""negative_prompt"": null, ""gs"": null, ""steps"": null, ""scheduler_cls"": null, ""classification"": ""Arts""}","{""model_id"": null, ""negative_prompt"": null, ""gs"": null, ""steps"": null, ""scheduler_cls"": null, ""classification"": ""Arts""}",unverified,,,
3725,asphalt,-1,supportive,imagereward:test:001205-0101,A realistic photo of a man with big ears,99f6de6c2d86ca54133d7237800638a8aa94d4d2096fb807110fd7329dd43b29,imagereward:images/test/test_2/2ad8e566-2dcc-499d-88f0-d0d83ca3c786.webp,imagereward:images/test/test_2/cb4e384c-ce90-4244-8981-84ea1da42a21.webp,0.15893615782260895,0.2809991240501404,-0.12206296622753143,gallery_images/68d43c0dff26be654fdbe7d1.jpg,gallery_images/55ca13f7540f5e74391ea2bf.jpg,"{""model_id"": null, ""negative_prompt"": null, ""gs"": null, ""steps"": null, ""scheduler_cls"": null, ""classification"": ""People""}","{""model_id"": null, ""negative_prompt"": null, ""gs"": null, ""steps"": null, ""scheduler_cls"": null, ""classification"": ""People""}",unverified,,,
3725,asphalt,-1,supportive,imagereward:test:001151-0006,if woody and buzz from toy story had a kid pixar animation hd ,4ccbad501cbfb5dfe1c19daa4e7636a31e7ca8afdafd02312ce7531d13cf9fb2,imagereward:images/test/test_2/824e1107-99cf-4249-9b53-92f04417f4c5.webp,imagereward:images/test/test_2/e5df5d77-e1bc-427d-834b-62fff28afe24.webp,0.2131377011537552,0.3285614252090454,-0.11542372405529022,gallery_images/23e048cdff8d655d02266781.jpg,gallery_images/1e3d6a13188cb3a238c67ab1.jpg,"{""model_id"": null, ""negative_prompt"": null, ""gs"": null, ""steps"": null, ""scheduler_cls"": null, ""classification"": ""Arts""}","{""model_id"": null, ""negative_prompt"": null, ""gs"": null, ""steps"": null, ""scheduler_cls"": null, ""classification"": ""Arts""}",unverified,,,
3725,asphalt,-1,counterexample,imagereward:test:001151-0006,if woody and buzz from toy story had a kid pixar animation hd ,4ccbad501cbfb5dfe1c19daa4e7636a31e7ca8afdafd02312ce7531d13cf9fb2,imagereward:images/test/test_2/e5df5d77-e1bc-427d-834b-62fff28afe24.webp,imagereward:images/test/test_2/21a8bff4-b37a-49c5-87a2-feaa6bb1e123.webp,0.3285614252090454,0.1999678611755371,0.1285935640335083,gallery_images/1e3d6a13188cb3a238c67ab1.jpg,gallery_images/60aaa1d428ebd82d14ea5be4.jpg,"{""model_id"": null, ""negative_prompt"": null, ""gs"": null, ""steps"": null, ""scheduler_cls"": null, ""classification"": ""Arts""}","{""model_id"": null, ""negative_prompt"": null, ""gs"": null, ""steps"": null, ""scheduler_cls"": null, ""classification"": ""Arts""}",unverified,,,
3725,asphalt,-1,counterexample,imagereward:test:010361-0095,"retro sci fi art of an astronaut next to jupiter in a car, ",9c539f061044900ae75d772a82ccd6b1dc340985beb81c74f5cbe8310a7c7b75,imagereward:images/test/test_2/aaa176b7-334e-4981-9465-95ec033368a2.webp,imagereward:images/test/test_2/265185a5-d81a-48bc-a669-ae4a4460e5aa.webp,0.3291325867176056,0.22725428640842438,0.10187830030918121,gallery_images/4ba34838de13ee58be12ce1d.jpg,gallery_images/4c75ce5827c4d891ff058c9c.jpg,"{""model_id"": null, ""negative_prompt"": null, ""gs"": null, ""steps"": null, ""scheduler_cls"": null, ""classification"": ""People""}","{""model_id"": null, ""negative_prompt"": null, ""gs"": null, ""steps"": null, ""scheduler_cls"": null, ""classification"": ""People""}",unverified,,,
3725,asphalt,-1,random_audit,imagereward:test:010361-0095,"retro sci fi art of an astronaut next to jupiter in a car, ",9c539f061044900ae75d772a82ccd6b1dc340985beb81c74f5cbe8310a7c7b75,imagereward:images/test/test_2/22c4cff3-caf2-4765-a8db-45ecd13f92b9.webp,imagereward:images/test/test_2/265185a5-d81a-48bc-a669-ae4a4460e5aa.webp,0.26677411794662476,0.22725428640842438,0.03951983153820038,gallery_images/58c9294599cf3892367d6b4f.jpg,gallery_images/4c75ce5827c4d891ff058c9c.jpg,"{""model_id"": null, ""negative_prompt"": null, ""gs"": null, ""steps"": null, ""scheduler_cls"": null, ""classification"": ""People""}","{""model_id"": null, ""negative_prompt"": null, ""gs"": null, ""steps"": null, ""scheduler_cls"": null, ""classification"": ""People""}",unverified,,,
3725,asphalt,-1,random_audit,imagereward:test:010366-0012,a photo of a very fat green parrot. ,e0f2360d116462f2784d425324fa3f2db8b12ba7dc05c68549c8510df09bbb60,imagereward:images/test/test_2/2903528d-33d0-4550-b44a-8c64a6b66b62.webp,imagereward:images/test/test_2/5e0a795d-376f-4fed-9604-e1b37084368f.webp,0.24805592000484467,0.2199109047651291,0.028145015239715576,gallery_images/12f571c6addcbbbe40918c4d.jpg,gallery_images/9bf9c2d9e6895c8645ffee4e.jpg,"{""model_id"": null, ""negative_prompt"": null, ""gs"": null, ""steps"": null, ""scheduler_cls"": null, ""classification"": ""Animals""}","{""model_id"": null, ""negative_prompt"": null, ""gs"": null, ""steps"": null, ""scheduler_cls"": null, ""classification"": ""Animals""}",unverified,,,
42833,shop-floor,-1,supportive,imagereward:test:008711-0012,spanish mauricio colmenero ,d1618101d7e65a6a00fb1c5473fcb3bd4c15c804a643a4ea8781779513d9603f,imagereward:images/test/test_1/3959448c-2756-41d5-9869-3e2c802acf6c.webp,imagereward:images/test/test_1/d2bc1498-10e0-4b96-82ad-f4b588a30628.webp,0.177913635969162,0.33879798650741577,-0.16088435053825378,gallery_images/85ef7558086c98160e3761a1.jpg,gallery_images/c9b5dcf541e8e3543a448df0.jpg,"{""model_id"": null, ""negative_prompt"": null, ""gs"": null, ""steps"": null, ""scheduler_cls"": null, ""classification"": ""People""}","{""model_id"": null, ""negative_prompt"": null, ""gs"": null, ""steps"": null, ""scheduler_cls"": null, ""classification"": ""People""}",unverified,,,
42833,shop-floor,-1,supportive,imagereward:test:009500-0056,"beautiful human witch with blonde short curtly hair in intricate ornate witch robe, haughty evil look, witch hat. in style of yoji shinkawa and hyung - tae kim, trending on artstation, dark fantasy, great composition, concept art, highly detailed, dynamic pose. ",f925a691bb620a9bac06dd31c86df8afd61b6b0c630e5480ff7e6fe00d0552cb,imagereward:images/test/test_1/fe6a518f-c1dc-47cd-a623-ad02c9fe8dcf.webp,imagereward:images/test/test_1/254bee64-c737-482b-9fee-a9b588c99f32.webp,0.20417162775993347,0.3222576081752777,-0.11808598041534424,gallery_images/c5c351049714f6c356570c51.jpg,gallery_images/259dfd89ec0f1cd4f92f8569.jpg,"{""model_id"": null, ""negative_prompt"": null, ""gs"": null, ""steps"": null, ""scheduler_cls"": null, ""classification"": ""People""}","{""model_id"": null, ""negative_prompt"": null, ""gs"": null, ""steps"": null, ""scheduler_cls"": null, ""classification"": ""People""}",unverified,,,
42833,shop-floor,-1,counterexample,imagereward:test:008711-0012,spanish mauricio colmenero ,d1618101d7e65a6a00fb1c5473fcb3bd4c15c804a643a4ea8781779513d9603f,imagereward:images/test/test_1/d2bc1498-10e0-4b96-82ad-f4b588a30628.webp,imagereward:images/test/test_1/1d6b7d43-aba5-4156-87d2-230098872896.webp,0.33879798650741577,0.20316167175769806,0.1356363147497177,gallery_images/c9b5dcf541e8e3543a448df0.jpg,gallery_images/dff9925004438e57647073a4.jpg,"{""model_id"": null, ""negative_prompt"": null, ""gs"": null, ""steps"": null, ""scheduler_cls"": null, ""classification"": ""People""}","{""model_id"": null, ""negative_prompt"": null, ""gs"": null, ""steps"": null, ""scheduler_cls"": null, ""classification"": ""People""}",unverified,,,
42833,shop-floor,-1,counterexample,imagereward:test:002127-0162,"close - up view of silhouettes watching a giant dark sci - fi alien sea creature with big glowing eyes in a giant futuristic fish tank, deep blue colors, highly detailed science fiction painting by syd mead, roger dean, and moebius. rich colors, high contrast, black background. unreal engine, artstation. ",07beb510ca8cd7b34569f09e1347913481b90cad88ccc03e103252735f061d58,imagereward:images/test/test_2/2f15982b-9f50-4e00-a5fd-5f23451f4a7b.webp,imagereward:images/test/test_2/22cf8662-ad4f-411c-a1b4-766a40b17238.webp,0.3292355537414551,0.2225155234336853,0.10672003030776978,gallery_images/a261d94d61379e13c2b1f669.jpg,gallery_images/2e90e9ddf21d10c79e913c3f.jpg,"{""model_id"": null, ""negative_prompt"": null, ""gs"": null, ""steps"": null, ""scheduler_cls"": null, ""classification"": ""Arts""}","{""model_id"": null, ""negative_prompt"": null, ""gs"": null, ""steps"": null, ""scheduler_cls"": null, ""classification"": ""Arts""}",unverified,,,
42833,shop-floor,-1,random_audit,imagereward:test:010361-0095,"retro sci fi art of an astronaut next to jupiter in a car, ",9c539f061044900ae75d772a82ccd6b1dc340985beb81c74f5cbe8310a7c7b75,imagereward:images/test/test_2/aaa176b7-334e-4981-9465-95ec033368a2.webp,imagereward:images/test/test_2/cb60babd-54b6-4bd0-83a4-e07932d85093.webp,0.26730209589004517,0.2886400818824768,-0.02133798599243164,gallery_images/4ba34838de13ee58be12ce1d.jpg,gallery_images/0b94730c73e41bdaf690055b.jpg,"{""model_id"": null, ""negative_prompt"": null, ""gs"": null, ""steps"": null, ""scheduler_cls"": null, ""classification"": ""People""}","{""model_id"": null, ""negative_prompt"": null, ""gs"": null, ""steps"": null, ""scheduler_cls"": null, ""classification"": ""People""}",unverified,,,
42833,shop-floor,-1,random_audit,imagereward:test:009614-0104,"guy fieri is very fit, makin peppermint ham patties with bacon in his kitchen ",962f693f2551a5a0c0dc54dfcbc07789c8fad536712928351e57d748512ea843,imagereward:images/test/test_2/2c3cd398-b259-4587-9c05-fecf55b6a9bb.webp,imagereward:images/test/test_2/2680f239-42c9-45bf-81f5-6f83ddb801a4.webp,0.20818990468978882,0.203396737575531,0.0047931671142578125,gallery_images/7442450e2810d799db84ab03.jpg,gallery_images/428a200390fd1ad2eeb0334a.jpg,"{""model_id"": null, ""negative_prompt"": null, ""gs"": null, ""steps"": null, ""scheduler_cls"": null, ""classification"": ""People""}","{""model_id"": null, ""negative_prompt"": null, ""gs"": null, ""steps"": null, ""scheduler_cls"": null, ""classification"": ""People""}",unverified,,,
18278,floor,-1,supportive,imagereward:test:008711-0012,spanish mauricio colmenero ,d1618101d7e65a6a00fb1c5473fcb3bd4c15c804a643a4ea8781779513d9603f,imagereward:images/test/test_1/3959448c-2756-41d5-9869-3e2c802acf6c.webp,imagereward:images/test/test_1/d2bc1498-10e0-4b96-82ad-f4b588a30628.webp,0.2092868834733963,0.338466078042984,-0.1291791945695877,gallery_images/85ef7558086c98160e3761a1.jpg,gallery_images/c9b5dcf541e8e3543a448df0.jpg,"{""model_id"": null, ""negative_prompt"": null, ""gs"": null, ""steps"": null, ""scheduler_cls"": null, ""classification"": ""People""}","{""model_id"": null, ""negative_prompt"": null, ""gs"": null, ""steps"": null, ""scheduler_cls"": null, ""classification"": ""People""}",unverified,,,
18278,floor,-1,supportive,imagereward:test:009500-0056,"beautiful human witch with blonde short curtly hair in intricate ornate witch robe, haughty evil look, witch hat. in style of yoji shinkawa and hyung - tae kim, trending on artstation, dark fantasy, great composition, concept art, highly detailed, dynamic pose. ",f925a691bb620a9bac06dd31c86df8afd61b6b0c630e5480ff7e6fe00d0552cb,imagereward:images/test/test_1/fe6a518f-c1dc-47cd-a623-ad02c9fe8dcf.webp,imagereward:images/test/test_1/254bee64-c737-482b-9fee-a9b588c99f32.webp,0.20131291449069977,0.319404661655426,-0.11809174716472626,gallery_images/c5c351049714f6c356570c51.jpg,gallery_images/259dfd89ec0f1cd4f92f8569.jpg,"{""model_id"": null, ""negative_prompt"": null, ""gs"": null, ""steps"": null, ""scheduler_cls"": null, ""classification"": ""People""}","{""model_id"": null, ""negative_prompt"": null, ""gs"": null, ""steps"": null, ""scheduler_cls"": null, ""classification"": ""People""}",unverified,,,
18278,floor,-1,counterexample,imagereward:test:001151-0006,if woody and buzz from toy story had a kid pixar animation hd ,4ccbad501cbfb5dfe1c19daa4e7636a31e7ca8afdafd02312ce7531d13cf9fb2,imagereward:images/test/test_2/dde76970-481d-43df-a245-42f27096ea3f.webp,imagereward:images/test/test_2/21a8bff4-b37a-49c5-87a2-feaa6bb1e123.webp,0.3114210367202759,0.18095625936985016,0.13046477735042572,gallery_images/be1b77cf79fe8a64877d6754.jpg,gallery_images/60aaa1d428ebd82d14ea5be4.jpg,"{""model_id"": null, ""negative_prompt"": null, ""gs"": null, ""steps"": null, ""scheduler_cls"": null, ""classification"": ""Arts""}","{""model_id"": null, ""negative_prompt"": null, ""gs"": null, ""steps"": null, ""scheduler_cls"": null, ""classification"": ""Arts""}",unverified,,,
18278,floor,-1,counterexample,imagereward:test:008711-0012,spanish mauricio colmenero ,d1618101d7e65a6a00fb1c5473fcb3bd4c15c804a643a4ea8781779513d9603f,imagereward:images/test/test_1/d2bc1498-10e0-4b96-82ad-f4b588a30628.webp,imagereward:images/test/test_1/1d6b7d43-aba5-4156-87d2-230098872896.webp,0.338466078042984,0.22843238711357117,0.11003369092941284,gallery_images/c9b5dcf541e8e3543a448df0.jpg,gallery_images/dff9925004438e57647073a4.jpg,"{""model_id"": null, ""negative_prompt"": null, ""gs"": null, ""steps"": null, ""scheduler_cls"": null, ""classification"": ""People""}","{""model_id"": null, ""negative_prompt"": null, ""gs"": null, ""steps"": null, ""scheduler_cls"": null, ""classification"": ""People""}",unverified,,,
18278,floor,-1,random_audit,imagereward:test:008711-0012,spanish mauricio colmenero ,d1618101d7e65a6a00fb1c5473fcb3bd4c15c804a643a4ea8781779513d9603f,imagereward:images/test/test_1/3959448c-2756-41d5-9869-3e2c802acf6c.webp,imagereward:images/test/test_1/bc9dae09-aec3-4032-bc8a-434c7d505313.webp,0.2092868834733963,0.3099551796913147,-0.1006682962179184,gallery_images/85ef7558086c98160e3761a1.jpg,gallery_images/797b5c0aa5147959fd1e101c.jpg,"{""model_id"": null, ""negative_prompt"": null, ""gs"": null, ""steps"": null, ""scheduler_cls"": null, ""classification"": ""People""}","{""model_id"": null, ""negative_prompt"": null, ""gs"": null, ""steps"": null, ""scheduler_cls"": null, ""classification"": ""People""}",unverified,,,
18278,floor,-1,random_audit,imagereward:test:009006-0102,"Horrifying creature, haunted, horror",6ee1b52c63caf60d8db23751287681018dfce76c98cca49820b5a1a91db4b14a,imagereward:images/test/test_1/47761b6c-fcc4-4ebc-b29c-cb09c59deddb.webp,imagereward:images/test/test_1/a441e52c-b155-4e46-b4c6-3b77a0939bd1.webp,0.25577491521835327,0.23807793855667114,0.01769697666168213,gallery_images/1cf2f88c73d465d48841e83c.jpg,gallery_images/edd040bc9bcc657e3145f21b.jpg,"{""model_id"": null, ""negative_prompt"": null, ""gs"": null, ""steps"": null, ""scheduler_cls"": null, ""classification"": ""Arts""}","{""model_id"": null, ""negative_prompt"": null, ""gs"": null, ""steps"": null, ""scheduler_cls"": null, ""classification"": ""Arts""}",unverified,,,
48774,torso,-1,supportive,imagereward:test:007135-0060,"!13 hungry cannibals making a rich salad around a marble table, !positioned as last supper cinematic lighting, dramatic framing, highly detalied, 4k, artstation, by Rene Lalique and Wayne Barlowe",396fd658a5abefd3f74d20e36a01f53548cd0e2de74e0f9ae49985eace0e78e4,imagereward:images/test/test_1/074769e5-e056-4e38-bd06-4daca670bc34.webp,imagereward:images/test/test_1/293bb51d-f5ef-4a24-a5a8-2022f81f576c.webp,0.22760102152824402,0.31489259004592896,-0.08729156851768494,gallery_images/eb12950427d66ddcabfca828.jpg,gallery_images/95fdcc61fecd4080ad8dd968.jpg,"{""model_id"": null, ""negative_prompt"": null, ""gs"": null, ""steps"": null, ""scheduler_cls"": null, ""classification"": ""People""}","{""model_id"": null, ""negative_prompt"": null, ""gs"": null, ""steps"": null, ""scheduler_cls"": null, ""classification"": ""People""}",unverified,,,
48774,torso,-1,supportive,imagereward:test:007170-0061,"huge hulking creature, muscular and terrifying, unsettling, creepy, epic hairy monster terrifying covered in dark fur and matted mud with glowing green eyes, concept art, digital character art, artstation, cgsociety",7a08ca2db5c0164ee28df5afab9f631f83a762655cc18d9db9f8ca0bc824cc28,imagereward:images/test/test_1/0fc558be-2322-4036-bdad-7b6bff32e8ac.webp,imagereward:images/test/test_1/27d2b378-b24c-4305-908d-d097b47f99ab.webp,0.24625633656978607,0.332991361618042,-0.08673502504825592,gallery_images/32036985fc4597fab565be71.jpg,gallery_images/c39704c617bf88d18dc0b71f.jpg,"{""model_id"": null, ""negative_prompt"": null, ""gs"": null, ""steps"": null, ""scheduler_cls"": null, ""classification"": ""Arts""}","{""model_id"": null, ""negative_prompt"": null, ""gs"": null, ""steps"": null, ""scheduler_cls"": null, ""classification"": ""Arts""}",unverified,,,
48774,torso,-1,counterexample,imagereward:test:007170-0061,"huge hulking creature, muscular and terrifying, unsettling, creepy, epic hairy monster terrifying covered in dark fur and matted mud with glowing green eyes, concept art, digital character art, artstation, cgsociety",7a08ca2db5c0164ee28df5afab9f631f83a762655cc18d9db9f8ca0bc824cc28,imagereward:images/test/test_1/cb45a8be-d378-4339-8f4c-e8dff69d0e3d.webp,imagereward:images/test/test_1/0fc558be-2322-4036-bdad-7b6bff32e8ac.webp,0.33306989073753357,0.24625633656978607,0.0868135541677475,gallery_images/0d07c543e40475ae9647a8eb.jpg,gallery_images/32036985fc4597fab565be71.jpg,"{""model_id"": null, ""negative_prompt"": null, ""gs"": null, ""steps"": null, ""scheduler_cls"": null, ""classification"": ""Arts""}","{""model_id"": null, ""negative_prompt"": null, ""gs"": null, ""steps"": null, ""scheduler_cls"": null, ""classification"": ""Arts""}",unverified,,,
48774,torso,-1,counterexample,imagereward:test:001260-0073,"realistic photography of a man 3 5 years old with a bit of bear, short hair, few wrinkles around eyes, sexy, cinematographic, cinematic light, close up view, intense, colorize, 8 0 mm lens ",bd5a08c78f7713700e45a208189c5ba33df3fc51dd6425fbac0f13cff8386f73,imagereward:images/test/test_2/7f6386f1-9330-496a-87f0-f935074e09bd.webp,imagereward:images/test/test_2/39287be5-bc65-49de-a745-a50b9ac450c4.webp,0.3951582908630371,0.3125419616699219,0.08261632919311523,gallery_images/a3bcc6ce6ba0717536ae0479.jpg,gallery_images/c826e2fda0494675fee748e6.jpg,"{""model_id"": null, ""negative_prompt"": null, ""gs"": null, ""steps"": null, ""scheduler_cls"": null, ""classification"": ""People""}","{""model_id"": null, ""negative_prompt"": null, ""gs"": null, ""steps"": null, ""scheduler_cls"": null, ""classification"": ""People""}",unverified,,,
48774,torso,-1,random_audit,imagereward:test:008151-0078,"raytraced render and digital painting of the inconceivable and spectacular a scene of complete madness, by greg rutkowski and michelangelo buonarroti and kinkade, cosmic entities, celestial, cosmic, luxury, elegant, ornate, vibrant and vivid, smooth, soft billowing smoke, darkness, bright, heavenly, elegant, swirls, cosmic flower, nebula vines, nebula tree, twirling, billowing, cinematic, unrealistic, high contrast, hdr, 4 k, artstation, cgsociety, unreal engine, symobolism, magical, mystical, mystifying, obscure, perplexing, zbrush, octane, hyperrealistic, bokeh, dof ",135ca71c388464401fc136707c96fc9dfcc231d8a1ecdbf53bb10315ae68b417,imagereward:images/test/test_1/02eb813a-bec8-4f00-aeb0-5c1565a86c0c.webp,imagereward:images/test/test_1/a170e2a2-1a36-418a-b2d7-e1f4ae19b67f.webp,0.301740825176239,0.31652793288230896,-0.014787107706069946,gallery_images/0a0f7cbb08e665e5b108df51.jpg,gallery_images/4483b1e4f0a43bbb4d57e2fc.jpg,"{""model_id"": null, ""negative_prompt"": null, ""gs"": null, ""steps"": null, ""scheduler_cls"": null, ""classification"": ""Arts""}","{""model_id"": null, ""negative_prompt"": null, ""gs"": null, ""steps"": null, ""scheduler_cls"": null, ""classification"": ""Arts""}",unverified,,,
48774,torso,-1,random_audit,imagereward:test:001286-0047,"psychedelic multicolor clouds, god rays, volumetric lighting, dynamic intricate ornate ",ef44d54a860ba33bf805487638711eca37f7aef6462684596d0766c9686d2e67,imagereward:images/test/test_2/ec272a8d-fad4-40aa-a390-598972e9e031.webp,imagereward:images/test/test_2/e98e1973-7e53-4f50-94a4-9fe097b68b9f.webp,0.23374883830547333,0.2368241250514984,-0.0030752867460250854,gallery_images/8056e9c401f4208a1cad92b4.jpg,gallery_images/bbc14df615e1c014e451a853.jpg,"{""model_id"": null, ""negative_prompt"": null, ""gs"": null, ""steps"": null, ""scheduler_cls"": null, ""classification"": ""Outdoor Scenes""}","{""model_id"": null, ""negative_prompt"": null, ""gs"": null, ""steps"": null, ""scheduler_cls"": null, ""classification"": ""Outdoor Scenes""}",unverified,,,
13678,dispersion,-1,supportive,imagereward:test:009475-0037,film still from frightening horror movie. cinematic. 8 k. ,38a0610767e6cc9c0356505e23ba4222fbc8d42f195099e5e226c087606379a2,imagereward:images/test/test_1/69642992-b998-4642-9e75-389d3e8e2860.webp,imagereward:images/test/test_1/855cef4e-9960-4eca-87b7-af763d173a19.webp,0.22661662101745605,0.2967279255390167,-0.07011130452156067,gallery_images/d8c84dfc69b4b66ca56fb966.jpg,gallery_images/91656bf7c25b53834532214c.jpg,"{""model_id"": null, ""negative_prompt"": null, ""gs"": null, ""steps"": null, ""scheduler_cls"": null, ""classification"": ""Arts""}","{""model_id"": null, ""negative_prompt"": null, ""gs"": null, ""steps"": null, ""scheduler_cls"": null, ""classification"": ""Arts""}",unverified,,,
13678,dispersion,-1,supportive,imagereward:test:007106-0064,"mountains in the iris, macro photography, high resolution, high detail, 4K, 8K",72162be259706024999b00ccb203fe1178bba777a56a18363334d071fdcd6b36,imagereward:images/test/test_1/63a32095-3201-418e-b990-fca4754b040b.webp,imagereward:images/test/test_1/04a11e8e-6a51-41ca-ae22-382b72e9002c.webp,0.22825133800506592,0.29390108585357666,-0.06564974784851074,gallery_images/47ad303365f184ee5b3f65bb.jpg,gallery_images/3b032baeb9a83c8a098a5534.jpg,"{""model_id"": null, ""negative_prompt"": null, ""gs"": null, ""steps"": null, ""scheduler_cls"": null, ""classification"": ""Outdoor Scenes""}","{""model_id"": null, ""negative_prompt"": null, ""gs"": null, ""steps"": null, ""scheduler_cls"": null, ""classification"": ""Outdoor Scenes""}",unverified,,,
13678,dispersion,-1,counterexample,imagereward:test:007135-0056,"A majestic landscape featuring a river, mountains and a forest. A small group of birds is flying in the sky. Harsh winter. very windy. There is a man walking in a deep snow. Cinematic, very beautiful, painting in the style of Lord of the rings",c5121bccfd7086ca62bef90e3f4a7d3e3f8657f56388feb6a0816acbb883147d,imagereward:images/test/test_1/e2f89007-802b-4c0b-81df-4fc36b7428c9.webp,imagereward:images/test/test_1/0bed42b7-ad82-414e-bf0e-40a43e5f867b.webp,0.2709272801876068,0.2171141505241394,0.05381312966346741,gallery_images/347396a0a87bcb181d356129.jpg,gallery_images/3841e7b8c75a2e469aab014a.jpg,"{""model_id"": null, ""negative_prompt"": null, ""gs"": null, ""steps"": null, ""scheduler_cls"": null, ""classification"": ""Outdoor Scenes""}","{""model_id"": null, ""negative_prompt"": null, ""gs"": null, ""steps"": null, ""scheduler_cls"": null, ""classification"": ""Outdoor Scenes""}",unverified,,,
13678,dispersion,-1,counterexample,imagereward:test:011032-0049,"two beautiful identical female fighters facing each other, jean shorts, white top, dim lighting, gorgeous features, high resolution, detailed digital anime art",51e5fa939307e4cf9a5cb1cc58f8dac1e315af328d0f080b9b8de82b91613e00,imagereward:images/test/test_2/85614d9e-8223-4aa1-899b-2e95ba20867a.webp,imagereward:images/test/test_2/8a52d0de-cb92-4649-908d-bb3b02cfc889.webp,0.26805928349494934,0.21635672450065613,0.05170255899429321,gallery_images/38cbf860c0faa16f573cb576.jpg,gallery_images/9ecc53349de536c03c2d90cb.jpg,"{""model_id"": null, ""negative_prompt"": null, ""gs"": null, ""steps"": null, ""scheduler_cls"": null, ""classification"": ""People""}","{""model_id"": null, ""negative_prompt"": null, ""gs"": null, ""steps"": null, ""scheduler_cls"": null, ""classification"": ""People""}",unverified,,,
13678,dispersion,-1,random_audit,imagereward:test:007135-0060,"!13 hungry cannibals making a rich salad around a marble table, !positioned as last supper cinematic lighting, dramatic framing, highly detalied, 4k, artstation, by Rene Lalique and Wayne Barlowe",396fd658a5abefd3f74d20e36a01f53548cd0e2de74e0f9ae49985eace0e78e4,imagereward:images/test/test_1/160af461-6d63-4f5f-8637-9d5dbd6a0c7a.webp,imagereward:images/test/test_1/293bb51d-f5ef-4a24-a5a8-2022f81f576c.webp,0.22838138043880463,0.21792392432689667,0.010457456111907959,gallery_images/2557340aaa26491649e309d5.jpg,gallery_images/95fdcc61fecd4080ad8dd968.jpg,"{""model_id"": null, ""negative_prompt"": null, ""gs"": null, ""steps"": null, ""scheduler_cls"": null, ""classification"": ""People""}","{""model_id"": null, ""negative_prompt"": null, ""gs"": null, ""steps"": null, ""scheduler_cls"": null, ""classification"": ""People""}",unverified,,,
13678,dispersion,-1,random_audit,imagereward:test:007019-0095,"astronaut drifting afloat in space, in the darkness away from anyone else, alone, digital render, detailed illustration, black background dotted with stars, concept art, realistic, 8 k ",1cc69dd90585fe53b316368e8bec20b67a8c2abe627e4c2c13fb492b5775f876,imagereward:images/test/test_1/0efeea25-24dc-4146-a8c6-94fe27d82bf9.webp,imagereward:images/test/test_1/866fa2de-dab0-4f9d-bbbf-f6572dadb2f2.webp,0.3030549883842468,0.28812143206596375,0.014933556318283081,gallery_images/ffe851e1110ecaa58cd2bed9.jpg,gallery_images/b9b07a436bb436e9b5cc5949.jpg,"{""model_id"": null, ""negative_prompt"": null, ""gs"": null, ""steps"": null, ""scheduler_cls"": null, ""classification"": ""People""}","{""model_id"": null, ""negative_prompt"": null, ""gs"": null, ""steps"": null, ""scheduler_cls"": null, ""classification"": ""People""}",unverified,,,
6859,bullet-shaped,-1,supportive,imagereward:test:009582-0143,"portrait of a red color wolf with yellow horns in a suit, D&D, fantasy, elegant, badass, highly detailed, slim, digital painting, artstation, concept art, sharp focus, illustration",8ea781d00677cf883c3c6f138136aab330b585adcfc44bf47bb0ef16ec08bc4b,imagereward:images/test/test_1/45d45d8f-13d6-4eba-8f13-05b686e3d88f.webp,imagereward:images/test/test_1/6fbab6b6-9d10-4518-9cb7-082a38ee576d.webp,0.21506410837173462,0.3160608410835266,-0.10099673271179199,gallery_images/17ce6acf7d78f52d6a93e9a7.jpg,gallery_images/caf001fc83ee932d63756243.jpg,"{""model_id"": null, ""negative_prompt"": null, ""gs"": null, ""steps"": null, ""scheduler_cls"": null, ""classification"": ""Animals""}","{""model_id"": null, ""negative_prompt"": null, ""gs"": null, ""steps"": null, ""scheduler_cls"": null, ""classification"": ""Animals""}",unverified,,,
6859,bullet-shaped,-1,supportive,imagereward:test:007133-0110,"3D render of a cute tribal anime boy in a loincloth, fantasy artwork, fluffy hair, mid-shot, award winning, ray tracing, hyper detailed, very very very beautiful, studio lighting, artstation, unreal engine, unreal 5, 4k, octane renderer",781e18ca23d43f1e12187a74595585b6c00f57c3adacc9e8e960d0bb807c815c,imagereward:images/test/test_1/b3bd08ee-8e27-4bed-a555-091ea064bbd5.webp,imagereward:images/test/test_1/44dcfb9b-767b-4c96-92c8-dc02b60c46fd.webp,0.19905591011047363,0.288952112197876,-0.08989620208740234,gallery_images/8e7e73694ad34108e550025d.jpg,gallery_images/47149e32212d05b6ed20ec76.jpg,"{""model_id"": null, ""negative_prompt"": null, ""gs"": null, ""steps"": null, ""scheduler_cls"": null, ""classification"": ""People""}","{""model_id"": null, ""negative_prompt"": null, ""gs"": null, ""steps"": null, ""scheduler_cls"": null, ""classification"": ""People""}",unverified,,,
6859,bullet-shaped,-1,counterexample,imagereward:test:007155-0059,the lost city by beksinski,00e96689de97431c18915a5f934e84f9c3834dd43c9992cc936575b8a7e583a2,imagereward:images/test/test_1/cfc20282-c19e-4441-aaab-952a78ebc1c3.webp,imagereward:images/test/test_1/5e8377a5-bb94-4b29-b6c5-1d342bb68392.webp,0.3375158905982971,0.25913870334625244,0.07837718725204468,gallery_images/7b5c80f93e49ece4ec79fa04.jpg,gallery_images/ac14ae0d4af1dee1dfb5aced.jpg,"{""model_id"": null, ""negative_prompt"": null, ""gs"": null, ""steps"": null, ""scheduler_cls"": null, ""classification"": ""Arts""}","{""model_id"": null, ""negative_prompt"": null, ""gs"": null, ""steps"": null, ""scheduler_cls"": null, ""classification"": ""Arts""}",unverified,,,
6859,bullet-shaped,-1,counterexample,imagereward:test:009582-0143,"portrait of a red color wolf with yellow horns in a suit, D&D, fantasy, elegant, badass, highly detailed, slim, digital painting, artstation, concept art, sharp focus, illustration",8ea781d00677cf883c3c6f138136aab330b585adcfc44bf47bb0ef16ec08bc4b,imagereward:images/test/test_1/1ff8db29-7c61-4dd9-9c16-2c13a81b502b.webp,imagereward:images/test/test_1/45d45d8f-13d6-4eba-8f13-05b686e3d88f.webp,0.2888762652873993,0.21506410837173462,0.07381215691566467,gallery_images/11c76b828804e3f29a51a3de.jpg,gallery_images/17ce6acf7d78f52d6a93e9a7.jpg,"{""model_id"": null, ""negative_prompt"": null, ""gs"": null, ""steps"": null, ""scheduler_cls"": null, ""classification"": ""Animals""}","{""model_id"": null, ""negative_prompt"": null, ""gs"": null, ""steps"": null, ""scheduler_cls"": null, ""classification"": ""Animals""}",unverified,,,
6859,bullet-shaped,-1,random_audit,imagereward:test:008252-0002,seascape with big waves and sunset painted with oil paints in Kuindzhi style,bb6caa25468e2366a1c1affa444f2caabe9f68d1883f411e795c643acc750df8,imagereward:images/test/test_1/99cc9d63-d4d2-433a-9df0-ac2dd345f922.webp,imagereward:images/test/test_1/65a66210-1add-463d-8cab-925c3249271c.webp,0.28435394167900085,0.26378631591796875,0.020567625761032104,gallery_images/e7d1bababd8a6b251f1fc88b.jpg,gallery_images/12d5a97bc701430fedc4d8dc.jpg,"{""model_id"": null, ""negative_prompt"": null, ""gs"": null, ""steps"": null, ""scheduler_cls"": null, ""classification"": ""Outdoor Scenes""}","{""model_id"": null, ""negative_prompt"": null, ""gs"": null, ""steps"": null, ""scheduler_cls"": null, ""classification"": ""Outdoor Scenes""}",unverified,,,
6859,bullet-shaped,-1,random_audit,imagereward:test:001151-0006,if woody and buzz from toy story had a kid pixar animation hd ,4ccbad501cbfb5dfe1c19daa4e7636a31e7ca8afdafd02312ce7531d13cf9fb2,imagereward:images/test/test_2/e5df5d77-e1bc-427d-834b-62fff28afe24.webp,imagereward:images/test/test_2/21a8bff4-b37a-49c5-87a2-feaa6bb1e123.webp,0.27662038803100586,0.25925421714782715,0.01736617088317871,gallery_images/1e3d6a13188cb3a238c67ab1.jpg,gallery_images/60aaa1d428ebd82d14ea5be4.jpg,"{""model_id"": null, ""negative_prompt"": null, ""gs"": null, ""steps"": null, ""scheduler_cls"": null, ""classification"": ""Arts""}","{""model_id"": null, ""negative_prompt"": null, ""gs"": null, ""steps"": null, ""scheduler_cls"": null, ""classification"": ""Arts""}",unverified,,,
