concept_id,concept,direction,selection,event_id,prompt,prompt_group_id,preferred_image_id,rejected_image_id,preferred_score,rejected_score,difference,preferred_thumbnail,rejected_thumbnail,preferred_metadata,rejected_metadata,human_review_status,concept_present_preferred,concept_present_rejected,reviewer_notes
15414,emerald-green,1,supportive,imagereward:test:008289-0059,"film still of the geisha robot from ghost in the shell, cinematic lighting, 3 5 mm, high resolution ",3bd7d4dddc3e23f3607fda60a8645e56af48b86a319f4d55650264f6bab14574,imagereward:images/test/test_1/8500f76d-bd6c-4e65-b949-eb574b7a8652.webp,imagereward:images/test/test_1/3202d894-05ac-48da-a7d2-ba160a5c786d.webp,0.2950185537338257,0.1696917712688446,0.12532678246498108,gallery_images/86c2f23a67759e2fd592b5f2.jpg,gallery_images/d5abce8ec50c87b9e5bc519c.jpg,"{""model_id"": null, ""negative_prompt"": null, ""gs"": null, ""steps"": null, ""scheduler_cls"": null, ""classification"": ""Artifacts""}","{""model_id"": null, ""negative_prompt"": null, ""gs"": null, ""steps"": null, ""scheduler_cls"": null, ""classification"": ""Artifacts""}",unverified,,,
15414,emerald-green,1,supportive,imagereward:test:010921-0064,"a bright fantasy city built between cliffs, sleek glass buildings, elegant bridges between stalactites, illustration, raining, dark and moody lighting, at night, digital art, oil painting, cold blue tones, fantasy, 8 k, trending on artstation, detailed ",665c1a33f8f1af344f90fa208a200d26840e5d698cb7054b07fa9ce4364938a1,imagereward:images/test/test_2/2a99d448-fa70-4bf2-bfd0-a6c30191a849.webp,imagereward:images/test/test_2/f0c4de4f-0e70-44e5-a872-8e0a11e94df3.webp,0.23898932337760925,0.16013774275779724,0.07885158061981201,gallery_images/ffa92187f93bb9140d50d08b.jpg,gallery_images/4f189977b012407e5e64abad.jpg,"{""model_id"": null, ""negative_prompt"": null, ""gs"": null, ""steps"": null, ""scheduler_cls"": null, ""classification"": ""Outdoor Scenes""}","{""model_id"": null, ""negative_prompt"": null, ""gs"": null, ""steps"": null, ""scheduler_cls"": null, ""classification"": ""Outdoor Scenes""}",unverified,,,
15414,emerald-green,1,counterexample,imagereward:test:008289-0059,"film still of the geisha robot from ghost in the shell, cinematic lighting, 3 5 mm, high resolution ",3bd7d4dddc3e23f3607fda60a8645e56af48b86a319f4d55650264f6bab14574,imagereward:images/test/test_1/d5a97b27-8f4d-444b-ac87-b756a3fd4bae.webp,imagereward:images/test/test_1/8500f76d-bd6c-4e65-b949-eb574b7a8652.webp,0.18200573325157166,0.2950185537338257,-0.11301282048225403,gallery_images/e1c8d204d61512a98cab0302.jpg,gallery_images/86c2f23a67759e2fd592b5f2.jpg,"{""model_id"": null, ""negative_prompt"": null, ""gs"": null, ""steps"": null, ""scheduler_cls"": null, ""classification"": ""Artifacts""}","{""model_id"": null, ""negative_prompt"": null, ""gs"": null, ""steps"": null, ""scheduler_cls"": null, ""classification"": ""Artifacts""}",unverified,,,
15414,emerald-green,1,counterexample,imagereward:test:007108-0023,"Drama King, photorealistic portrait, 8K, Cinematic lights",ef2867fcf92c49c0e0df371e211de33e9cb3a855515d164fb388da6adfa9674f,imagereward:images/test/test_1/2fdb6c81-e1bd-460c-84e2-2bf3b295a40d.webp,imagereward:images/test/test_1/25f0aa4b-a463-45c7-9274-48717f86165f.webp,0.16274094581604004,0.2532028555870056,-0.09046190977096558,gallery_images/af77012debe518c25169cf76.jpg,gallery_images/e2c9723cc50be1650761e2d5.jpg,"{""model_id"": null, ""negative_prompt"": null, ""gs"": null, ""steps"": null, ""scheduler_cls"": null, ""classification"": ""People""}","{""model_id"": null, ""negative_prompt"": null, ""gs"": null, ""steps"": null, ""scheduler_cls"": null, ""classification"": ""People""}",unverified,,,
15414,emerald-green,1,random_audit,imagereward:test:010856-0009,funny peanut butter ,b18ea9950d494d375d0c180c19fd090da6228f69d114cdf9665f8628abd7a871,imagereward:images/test/test_2/de0d0967-da8b-4313-aabc-8586351f274e.webp,imagereward:images/test/test_2/8b7d05e4-9a3b-4c73-b087-104251033467.webp,0.1779111623764038,0.1646726429462433,0.013238519430160522,gallery_images/dab53c0cd368a25298f6d76d.jpg,gallery_images/3dc52bcc5f9d782b00729f67.jpg,"{""model_id"": null, ""negative_prompt"": null, ""gs"": null, ""steps"": null, ""scheduler_cls"": null, ""classification"": ""Food""}","{""model_id"": null, ""negative_prompt"": null, ""gs"": null, ""steps"": null, ""scheduler_cls"": null, ""classification"": ""Food""}",unverified,,,
15414,emerald-green,1,random_audit,imagereward:test:010918-0030,the pope in saving private james ryan ,9ed63beff86d5e18e4048901428ee78733de38893029c7c73093da1301c7baa5,imagereward:images/test/test_2/80e1a909-135a-4157-9341-846f9d43e4f4.webp,imagereward:images/test/test_2/3967a17c-407b-4b0a-945b-33fa4de64faa.webp,0.23605887591838837,0.25852346420288086,-0.022464588284492493,gallery_images/cf64485ee41adcf41ca2a494.jpg,gallery_images/83472d02a58f9f0ef06a8458.jpg,"{""model_id"": null, ""negative_prompt"": null, ""gs"": null, ""steps"": null, ""scheduler_cls"": null, ""classification"": ""People""}","{""model_id"": null, ""negative_prompt"": null, ""gs"": null, ""steps"": null, ""scheduler_cls"": null, ""classification"": ""People""}",unverified,,,
38940,red-flag,1,supportive,imagereward:test:010921-0064,"a bright fantasy city built between cliffs, sleek glass buildings, elegant bridges between stalactites, illustration, raining, dark and moody lighting, at night, digital art, oil painting, cold blue tones, fantasy, 8 k, trending on artstation, detailed ",665c1a33f8f1af344f90fa208a200d26840e5d698cb7054b07fa9ce4364938a1,imagereward:images/test/test_2/9de7e353-e646-4f34-b8c8-f2d00c2d2832.webp,imagereward:images/test/test_2/f0c4de4f-0e70-44e5-a872-8e0a11e94df3.webp,0.31166115403175354,0.1451433300971985,0.16651782393455505,gallery_images/28ae48dabcfd1c0a04dc2fce.jpg,gallery_images/4f189977b012407e5e64abad.jpg,"{""model_id"": null, ""negative_prompt"": null, ""gs"": null, ""steps"": null, ""scheduler_cls"": null, ""classification"": ""Outdoor Scenes""}","{""model_id"": null, ""negative_prompt"": null, ""gs"": null, ""steps"": null, ""scheduler_cls"": null, ""classification"": ""Outdoor Scenes""}",unverified,,,
38940,red-flag,1,supportive,imagereward:test:010856-0009,funny peanut butter ,b18ea9950d494d375d0c180c19fd090da6228f69d114cdf9665f8628abd7a871,imagereward:images/test/test_2/531fca9a-19dd-4e5d-8e15-f9a6ece8b56a.webp,imagereward:images/test/test_2/8b7d05e4-9a3b-4c73-b087-104251033467.webp,0.2535242438316345,0.14029347896575928,0.11323076486587524,gallery_images/0b806a27ddcd7cc557d84d91.jpg,gallery_images/3dc52bcc5f9d782b00729f67.jpg,"{""model_id"": null, ""negative_prompt"": null, ""gs"": null, ""steps"": null, ""scheduler_cls"": null, ""classification"": ""Food""}","{""model_id"": null, ""negative_prompt"": null, ""gs"": null, ""steps"": null, ""scheduler_cls"": null, ""classification"": ""Food""}",unverified,,,
38940,red-flag,1,counterexample,imagereward:test:010921-0064,"a bright fantasy city built between cliffs, sleek glass buildings, elegant bridges between stalactites, illustration, raining, dark and moody lighting, at night, digital art, oil painting, cold blue tones, fantasy, 8 k, trending on artstation, detailed ",665c1a33f8f1af344f90fa208a200d26840e5d698cb7054b07fa9ce4364938a1,imagereward:images/test/test_2/f0c4de4f-0e70-44e5-a872-8e0a11e94df3.webp,imagereward:images/test/test_2/526a66a5-f58c-49d7-a36e-4ab2f85631aa.webp,0.1451433300971985,0.27641576528549194,-0.13127243518829346,gallery_images/4f189977b012407e5e64abad.jpg,gallery_images/f0007ac692902def48712601.jpg,"{""model_id"": null, ""negative_prompt"": null, ""gs"": null, ""steps"": null, ""scheduler_cls"": null, ""classification"": ""Outdoor Scenes""}","{""model_id"": null, ""negative_prompt"": null, ""gs"": null, ""steps"": null, ""scheduler_cls"": null, ""classification"": ""Outdoor Scenes""}",unverified,,,
38940,red-flag,1,counterexample,imagereward:test:008289-0059,"film still of the geisha robot from ghost in the shell, cinematic lighting, 3 5 mm, high resolution ",3bd7d4dddc3e23f3607fda60a8645e56af48b86a319f4d55650264f6bab14574,imagereward:images/test/test_1/d5a97b27-8f4d-444b-ac87-b756a3fd4bae.webp,imagereward:images/test/test_1/3202d894-05ac-48da-a7d2-ba160a5c786d.webp,0.22992202639579773,0.34136438369750977,-0.11144235730171204,gallery_images/e1c8d204d61512a98cab0302.jpg,gallery_images/d5abce8ec50c87b9e5bc519c.jpg,"{""model_id"": null, ""negative_prompt"": null, ""gs"": null, ""steps"": null, ""scheduler_cls"": null, ""classification"": ""Artifacts""}","{""model_id"": null, ""negative_prompt"": null, ""gs"": null, ""steps"": null, ""scheduler_cls"": null, ""classification"": ""Artifacts""}",unverified,,,
38940,red-flag,1,random_audit,imagereward:test:007713-0046,Boris Johnson and Eminen on a stage having an epic rap battle together,b0d04d7cbc27aada61a2a2c88184bd2d92ab094fb3d6dff2db24cef0f2bfee54,imagereward:images/test/test_1/047841df-97f9-4a15-b607-09277e3b1b95.webp,imagereward:images/test/test_1/9dc88b05-f911-4a4d-abdb-e0bd03c4d01b.webp,0.2809129059314728,0.24018752574920654,0.040725380182266235,gallery_images/2802ffe76385d498d3c98a7f.jpg,gallery_images/052da60eedfc881426be243b.jpg,"{""model_id"": null, ""negative_prompt"": null, ""gs"": null, ""steps"": null, ""scheduler_cls"": null, ""classification"": ""People""}","{""model_id"": null, ""negative_prompt"": null, ""gs"": null, ""steps"": null, ""scheduler_cls"": null, ""classification"": ""People""}",unverified,,,
38940,red-flag,1,random_audit,imagereward:test:009006-0102,"Horrifying creature, haunted, horror",6ee1b52c63caf60d8db23751287681018dfce76c98cca49820b5a1a91db4b14a,imagereward:images/test/test_1/47761b6c-fcc4-4ebc-b29c-cb09c59deddb.webp,imagereward:images/test/test_1/ee22e72c-0ddd-471d-af26-6418340a73aa.webp,0.13901987671852112,0.14502465724945068,-0.006004780530929565,gallery_images/1cf2f88c73d465d48841e83c.jpg,gallery_images/a3833c3d508a381bb1502d1d.jpg,"{""model_id"": null, ""negative_prompt"": null, ""gs"": null, ""steps"": null, ""scheduler_cls"": null, ""classification"": ""Arts""}","{""model_id"": null, ""negative_prompt"": null, ""gs"": null, ""steps"": null, ""scheduler_cls"": null, ""classification"": ""Arts""}",unverified,,,
38963,red-velvet,1,supportive,imagereward:test:007108-0023,"Drama King, photorealistic portrait, 8K, Cinematic lights",ef2867fcf92c49c0e0df371e211de33e9cb3a855515d164fb388da6adfa9674f,imagereward:images/test/test_1/f8a0eef2-3b05-4afe-bac3-1845cd7d2f4b.webp,imagereward:images/test/test_1/ac661be8-4c31-48cf-a99f-32633b6c4504.webp,0.2838202714920044,0.16710048913955688,0.11671978235244751,gallery_images/60b877768d3a0603056d1bdc.jpg,gallery_images/51104f6c5db156805e1e2dd9.jpg,"{""model_id"": null, ""negative_prompt"": null, ""gs"": null, ""steps"": null, ""scheduler_cls"": null, ""classification"": ""People""}","{""model_id"": null, ""negative_prompt"": null, ""gs"": null, ""steps"": null, ""scheduler_cls"": null, ""classification"": ""People""}",unverified,,,
38963,red-velvet,1,supportive,imagereward:test:007753-0023,"cute little dragon, gnome, elf, mage playing dnd at night in a medieval bar, fantasy, concept art, highly detailed, octane, unreal engine, anime, by laurel d austin, ghibly, disney, pixar, dreamworks ",77cb27c971e724eb8140a8c0cf5b6359435ee02a1ea4919b5eb41d3a8f646518,imagereward:images/test/test_1/e00c1d73-d02d-431f-b317-14ed49f94d99.webp,imagereward:images/test/test_1/0917eb53-1554-42e5-8a85-309a1ee97a6b.webp,0.25933757424354553,0.16653048992156982,0.09280708432197571,gallery_images/bf64f256be978b78a93eeb63.jpg,gallery_images/1e9d78a98c04daee1ee45680.jpg,"{""model_id"": null, ""negative_prompt"": null, ""gs"": null, ""steps"": null, ""scheduler_cls"": null, ""classification"": ""Indoor Scenes""}","{""model_id"": null, ""negative_prompt"": null, ""gs"": null, ""steps"": null, ""scheduler_cls"": null, ""classification"": ""Indoor Scenes""}",unverified,,,
38963,red-velvet,1,counterexample,imagereward:test:007019-0095,"astronaut drifting afloat in space, in the darkness away from anyone else, alone, digital render, detailed illustration, black background dotted with stars, concept art, realistic, 8 k ",1cc69dd90585fe53b316368e8bec20b67a8c2abe627e4c2c13fb492b5775f876,imagereward:images/test/test_1/2d047220-c2f9-4dcc-b4c4-96496276f3fd.webp,imagereward:images/test/test_1/3ba95678-d137-441d-ae6f-ece52724b225.webp,0.1544732302427292,0.26819556951522827,-0.11372233927249908,gallery_images/033d5b9651fcf749d627459e.jpg,gallery_images/737a60fda323d2714b04f70a.jpg,"{""model_id"": null, ""negative_prompt"": null, ""gs"": null, ""steps"": null, ""scheduler_cls"": null, ""classification"": ""People""}","{""model_id"": null, ""negative_prompt"": null, ""gs"": null, ""steps"": null, ""scheduler_cls"": null, ""classification"": ""People""}",unverified,,,
38963,red-velvet,1,counterexample,imagereward:test:007108-0023,"Drama King, photorealistic portrait, 8K, Cinematic lights",ef2867fcf92c49c0e0df371e211de33e9cb3a855515d164fb388da6adfa9674f,imagereward:images/test/test_1/2fdb6c81-e1bd-460c-84e2-2bf3b295a40d.webp,imagereward:images/test/test_1/f8a0eef2-3b05-4afe-bac3-1845cd7d2f4b.webp,0.1794039011001587,0.2838202714920044,-0.1044163703918457,gallery_images/af77012debe518c25169cf76.jpg,gallery_images/60b877768d3a0603056d1bdc.jpg,"{""model_id"": null, ""negative_prompt"": null, ""gs"": null, ""steps"": null, ""scheduler_cls"": null, ""classification"": ""People""}","{""model_id"": null, ""negative_prompt"": null, ""gs"": null, ""steps"": null, ""scheduler_cls"": null, ""classification"": ""People""}",unverified,,,
38963,red-velvet,1,random_audit,imagereward:test:010921-0064,"a bright fantasy city built between cliffs, sleek glass buildings, elegant bridges between stalactites, illustration, raining, dark and moody lighting, at night, digital art, oil painting, cold blue tones, fantasy, 8 k, trending on artstation, detailed ",665c1a33f8f1af344f90fa208a200d26840e5d698cb7054b07fa9ce4364938a1,imagereward:images/test/test_2/f0c4de4f-0e70-44e5-a872-8e0a11e94df3.webp,imagereward:images/test/test_2/481c5c41-fe90-44a6-a4d6-d48706d6f7f7.webp,0.13552990555763245,0.1469430923461914,-0.01141318678855896,gallery_images/4f189977b012407e5e64abad.jpg,gallery_images/1bae0b95af7ad69b5daffdf8.jpg,"{""model_id"": null, ""negative_prompt"": null, ""gs"": null, ""steps"": null, ""scheduler_cls"": null, ""classification"": ""Outdoor Scenes""}","{""model_id"": null, ""negative_prompt"": null, ""gs"": null, ""steps"": null, ""scheduler_cls"": null, ""classification"": ""Outdoor Scenes""}",unverified,,,
38963,red-velvet,1,random_audit,imagereward:test:007108-0023,"Drama King, photorealistic portrait, 8K, Cinematic lights",ef2867fcf92c49c0e0df371e211de33e9cb3a855515d164fb388da6adfa9674f,imagereward:images/test/test_1/2fdb6c81-e1bd-460c-84e2-2bf3b295a40d.webp,imagereward:images/test/test_1/f8a0eef2-3b05-4afe-bac3-1845cd7d2f4b.webp,0.1794039011001587,0.2838202714920044,-0.1044163703918457,gallery_images/af77012debe518c25169cf76.jpg,gallery_images/60b877768d3a0603056d1bdc.jpg,"{""model_id"": null, ""negative_prompt"": null, ""gs"": null, ""steps"": null, ""scheduler_cls"": null, ""classification"": ""People""}","{""model_id"": null, ""negative_prompt"": null, ""gs"": null, ""steps"": null, ""scheduler_cls"": null, ""classification"": ""People""}",unverified,,,
22951,hot-pink,1,supportive,imagereward:test:007753-0023,"cute little dragon, gnome, elf, mage playing dnd at night in a medieval bar, fantasy, concept art, highly detailed, octane, unreal engine, anime, by laurel d austin, ghibly, disney, pixar, dreamworks ",77cb27c971e724eb8140a8c0cf5b6359435ee02a1ea4919b5eb41d3a8f646518,imagereward:images/test/test_1/463f4d45-a808-47a6-a11e-365e25bec01a.webp,imagereward:images/test/test_1/522c69d4-c249-465c-a613-a353dc4d88c7.webp,0.27362537384033203,0.1516656130552292,0.12195976078510284,gallery_images/01b91a25b3928cf352748984.jpg,gallery_images/121a29dadf7216ae1622556d.jpg,"{""model_id"": null, ""negative_prompt"": null, ""gs"": null, ""steps"": null, ""scheduler_cls"": null, ""classification"": ""Indoor Scenes""}","{""model_id"": null, ""negative_prompt"": null, ""gs"": null, ""steps"": null, ""scheduler_cls"": null, ""classification"": ""Indoor Scenes""}",unverified,,,
22951,hot-pink,1,supportive,imagereward:test:010918-0030,the pope in saving private james ryan ,9ed63beff86d5e18e4048901428ee78733de38893029c7c73093da1301c7baa5,imagereward:images/test/test_2/cbc83c67-d5cb-4872-95c7-f46ca0cdcd6c.webp,imagereward:images/test/test_2/456f2d52-b588-400f-a7f4-d0643891a153.webp,0.29311084747314453,0.17258372902870178,0.12052711844444275,gallery_images/d664aa5be8f6b3d7166b32c7.jpg,gallery_images/3fdb1a604a1f726047899272.jpg,"{""model_id"": null, ""negative_prompt"": null, ""gs"": null, ""steps"": null, ""scheduler_cls"": null, ""classification"": ""People""}","{""model_id"": null, ""negative_prompt"": null, ""gs"": null, ""steps"": null, ""scheduler_cls"": null, ""classification"": ""People""}",unverified,,,
22951,hot-pink,1,counterexample,imagereward:test:007019-0095,"astronaut drifting afloat in space, in the darkness away from anyone else, alone, digital render, detailed illustration, black background dotted with stars, concept art, realistic, 8 k ",1cc69dd90585fe53b316368e8bec20b67a8c2abe627e4c2c13fb492b5775f876,imagereward:images/test/test_1/2d047220-c2f9-4dcc-b4c4-96496276f3fd.webp,imagereward:images/test/test_1/6e5e7414-718a-4392-b52c-2d932c488087.webp,0.14444103837013245,0.2754332721233368,-0.13099223375320435,gallery_images/033d5b9651fcf749d627459e.jpg,gallery_images/135e55bf511209cf3e0b0055.jpg,"{""model_id"": null, ""negative_prompt"": null, ""gs"": null, ""steps"": null, ""scheduler_cls"": null, ""classification"": ""People""}","{""model_id"": null, ""negative_prompt"": null, ""gs"": null, ""steps"": null, ""scheduler_cls"": null, ""classification"": ""People""}",unverified,,,
22951,hot-pink,1,counterexample,imagereward:test:007753-0023,"cute little dragon, gnome, elf, mage playing dnd at night in a medieval bar, fantasy, concept art, highly detailed, octane, unreal engine, anime, by laurel d austin, ghibly, disney, pixar, dreamworks ",77cb27c971e724eb8140a8c0cf5b6359435ee02a1ea4919b5eb41d3a8f646518,imagereward:images/test/test_1/e00c1d73-d02d-431f-b317-14ed49f94d99.webp,imagereward:images/test/test_1/463f4d45-a808-47a6-a11e-365e25bec01a.webp,0.16010423004627228,0.27362537384033203,-0.11352114379405975,gallery_images/bf64f256be978b78a93eeb63.jpg,gallery_images/01b91a25b3928cf352748984.jpg,"{""model_id"": null, ""negative_prompt"": null, ""gs"": null, ""steps"": null, ""scheduler_cls"": null, ""classification"": ""Indoor Scenes""}","{""model_id"": null, ""negative_prompt"": null, ""gs"": null, ""steps"": null, ""scheduler_cls"": null, ""classification"": ""Indoor Scenes""}",unverified,,,
22951,hot-pink,1,random_audit,imagereward:test:007108-0023,"Drama King, photorealistic portrait, 8K, Cinematic lights",ef2867fcf92c49c0e0df371e211de33e9cb3a855515d164fb388da6adfa9674f,imagereward:images/test/test_1/2fdb6c81-e1bd-460c-84e2-2bf3b295a40d.webp,imagereward:images/test/test_1/f8a0eef2-3b05-4afe-bac3-1845cd7d2f4b.webp,0.20857563614845276,0.2728407382965088,-0.06426510214805603,gallery_images/af77012debe518c25169cf76.jpg,gallery_images/60b877768d3a0603056d1bdc.jpg,"{""model_id"": null, ""negative_prompt"": null, ""gs"": null, ""steps"": null, ""scheduler_cls"": null, ""classification"": ""People""}","{""model_id"": null, ""negative_prompt"": null, ""gs"": null, ""steps"": null, ""scheduler_cls"": null, ""classification"": ""People""}",unverified,,,
22951,hot-pink,1,random_audit,imagereward:test:010817-0088,mother theresa eating a terrapin ,93eef9cfe3558d21cd24ea834af6e24f85f955753e9577af6c4f2e4647284f0d,imagereward:images/test/test_2/54c0c1bd-d97a-4982-b9a4-069e14c4416d.webp,imagereward:images/test/test_2/95f54be5-224b-4d3d-b64d-2ecd1f0e6e55.webp,0.16113215684890747,0.19273480772972107,-0.0316026508808136,gallery_images/555b0de43cce15ae0bbf32d4.jpg,gallery_images/9f2599538c6141572a399ed0.jpg,"{""model_id"": null, ""negative_prompt"": null, ""gs"": null, ""steps"": null, ""scheduler_cls"": null, ""classification"": ""People""}","{""model_id"": null, ""negative_prompt"": null, ""gs"": null, ""steps"": null, ""scheduler_cls"": null, ""classification"": ""People""}",unverified,,,
38923,red-and-yellow,1,supportive,imagereward:test:010856-0009,funny peanut butter ,b18ea9950d494d375d0c180c19fd090da6228f69d114cdf9665f8628abd7a871,imagereward:images/test/test_2/6ef90e07-041c-4fc0-bcb9-7af2346f05a3.webp,imagereward:images/test/test_2/8b7d05e4-9a3b-4c73-b087-104251033467.webp,0.3352418541908264,0.16778285801410675,0.16745899617671967,gallery_images/a909c3206468ab24ae922ba2.jpg,gallery_images/3dc52bcc5f9d782b00729f67.jpg,"{""model_id"": null, ""negative_prompt"": null, ""gs"": null, ""steps"": null, ""scheduler_cls"": null, ""classification"": ""Food""}","{""model_id"": null, ""negative_prompt"": null, ""gs"": null, ""steps"": null, ""scheduler_cls"": null, ""classification"": ""Food""}",unverified,,,
38923,red-and-yellow,1,supportive,imagereward:test:007108-0023,"Drama King, photorealistic portrait, 8K, Cinematic lights",ef2867fcf92c49c0e0df371e211de33e9cb3a855515d164fb388da6adfa9674f,imagereward:images/test/test_1/d8094a3b-ed0f-4eb7-9b92-7c3b07f84cb7.webp,imagereward:images/test/test_1/ac661be8-4c31-48cf-a99f-32633b6c4504.webp,0.27453702688217163,0.17606011033058167,0.09847691655158997,gallery_images/d84aa0defe0700805d729886.jpg,gallery_images/51104f6c5db156805e1e2dd9.jpg,"{""model_id"": null, ""negative_prompt"": null, ""gs"": null, ""steps"": null, ""scheduler_cls"": null, ""classification"": ""People""}","{""model_id"": null, ""negative_prompt"": null, ""gs"": null, ""steps"": null, ""scheduler_cls"": null, ""classification"": ""People""}",unverified,,,
38923,red-and-yellow,1,counterexample,imagereward:test:010856-0009,funny peanut butter ,b18ea9950d494d375d0c180c19fd090da6228f69d114cdf9665f8628abd7a871,imagereward:images/test/test_2/2ffb0136-0b1d-4f69-91a6-6c9db9cf1fc5.webp,imagereward:images/test/test_2/6ef90e07-041c-4fc0-bcb9-7af2346f05a3.webp,0.1998175084590912,0.3352418541908264,-0.13542434573173523,gallery_images/275ee57f8278bac8d593f026.jpg,gallery_images/a909c3206468ab24ae922ba2.jpg,"{""model_id"": null, ""negative_prompt"": null, ""gs"": null, ""steps"": null, ""scheduler_cls"": null, ""classification"": ""Food""}","{""model_id"": null, ""negative_prompt"": null, ""gs"": null, ""steps"": null, ""scheduler_cls"": null, ""classification"": ""Food""}",unverified,,,
38923,red-and-yellow,1,counterexample,imagereward:test:007019-0095,"astronaut drifting afloat in space, in the darkness away from anyone else, alone, digital render, detailed illustration, black background dotted with stars, concept art, realistic, 8 k ",1cc69dd90585fe53b316368e8bec20b67a8c2abe627e4c2c13fb492b5775f876,imagereward:images/test/test_1/2d047220-c2f9-4dcc-b4c4-96496276f3fd.webp,imagereward:images/test/test_1/866fa2de-dab0-4f9d-bbbf-f6572dadb2f2.webp,0.17791065573692322,0.30135369300842285,-0.12344303727149963,gallery_images/033d5b9651fcf749d627459e.jpg,gallery_images/b9b07a436bb436e9b5cc5949.jpg,"{""model_id"": null, ""negative_prompt"": null, ""gs"": null, ""steps"": null, ""scheduler_cls"": null, ""classification"": ""People""}","{""model_id"": null, ""negative_prompt"": null, ""gs"": null, ""steps"": null, ""scheduler_cls"": null, ""classification"": ""People""}",unverified,,,
38923,red-and-yellow,1,random_audit,imagereward:test:010856-0009,funny peanut butter ,b18ea9950d494d375d0c180c19fd090da6228f69d114cdf9665f8628abd7a871,imagereward:images/test/test_2/d7efc9ab-5b83-4dfb-9f37-e5c3494a9c6a.webp,imagereward:images/test/test_2/531fca9a-19dd-4e5d-8e15-f9a6ece8b56a.webp,0.2913258969783783,0.2769789695739746,0.014346927404403687,gallery_images/7ffe2a14962798eca3100109.jpg,gallery_images/0b806a27ddcd7cc557d84d91.jpg,"{""model_id"": null, ""negative_prompt"": null, ""gs"": null, ""steps"": null, ""scheduler_cls"": null, ""classification"": ""Food""}","{""model_id"": null, ""negative_prompt"": null, ""gs"": null, ""steps"": null, ""scheduler_cls"": null, ""classification"": ""Food""}",unverified,,,
38923,red-and-yellow,1,random_audit,imagereward:test:010921-0064,"a bright fantasy city built between cliffs, sleek glass buildings, elegant bridges between stalactites, illustration, raining, dark and moody lighting, at night, digital art, oil painting, cold blue tones, fantasy, 8 k, trending on artstation, detailed ",665c1a33f8f1af344f90fa208a200d26840e5d698cb7054b07fa9ce4364938a1,imagereward:images/test/test_2/8e9869da-ad15-4209-9f90-ea7151e54617.webp,imagereward:images/test/test_2/5bf2c29b-2bca-43d0-acae-95349b0fc3fb.webp,0.26137274503707886,0.19099368155002594,0.07037906348705292,gallery_images/36721de70456c61d1b60f0e9.jpg,gallery_images/038b27ec77946b917cde1395.jpg,"{""model_id"": null, ""negative_prompt"": null, ""gs"": null, ""steps"": null, ""scheduler_cls"": null, ""classification"": ""Outdoor Scenes""}","{""model_id"": null, ""negative_prompt"": null, ""gs"": null, ""steps"": null, ""scheduler_cls"": null, ""classification"": ""Outdoor Scenes""}",unverified,,,
21229,hairstyle,1,supportive,imagereward:test:009006-0102,"Horrifying creature, haunted, horror",6ee1b52c63caf60d8db23751287681018dfce76c98cca49820b5a1a91db4b14a,imagereward:images/test/test_1/47761b6c-fcc4-4ebc-b29c-cb09c59deddb.webp,imagereward:images/test/test_1/6a645f68-b9a1-4b80-999c-46bcb96f1829.webp,0.33927708864212036,0.21431109309196472,0.12496599555015564,gallery_images/1cf2f88c73d465d48841e83c.jpg,gallery_images/450475776fe25338e2729d6b.jpg,"{""model_id"": null, ""negative_prompt"": null, ""gs"": null, ""steps"": null, ""scheduler_cls"": null, ""classification"": ""Arts""}","{""model_id"": null, ""negative_prompt"": null, ""gs"": null, ""steps"": null, ""scheduler_cls"": null, ""classification"": ""Arts""}",unverified,,,
21229,hairstyle,1,supportive,imagereward:test:008289-0059,"film still of the geisha robot from ghost in the shell, cinematic lighting, 3 5 mm, high resolution ",3bd7d4dddc3e23f3607fda60a8645e56af48b86a319f4d55650264f6bab14574,imagereward:images/test/test_1/d5a97b27-8f4d-444b-ac87-b756a3fd4bae.webp,imagereward:images/test/test_1/128c175b-0862-454d-acbc-cb28100a1333.webp,0.33934372663497925,0.24895918369293213,0.09038454294204712,gallery_images/e1c8d204d61512a98cab0302.jpg,gallery_images/9e6842572849591a2cbefa85.jpg,"{""model_id"": null, ""negative_prompt"": null, ""gs"": null, ""steps"": null, ""scheduler_cls"": null, ""classification"": ""Artifacts""}","{""model_id"": null, ""negative_prompt"": null, ""gs"": null, ""steps"": null, ""scheduler_cls"": null, ""classification"": ""Artifacts""}",unverified,,,
21229,hairstyle,1,counterexample,imagereward:test:009006-0102,"Horrifying creature, haunted, horror",6ee1b52c63caf60d8db23751287681018dfce76c98cca49820b5a1a91db4b14a,imagereward:images/test/test_1/7c5c94f3-8a41-492c-8c46-754ad80af2ea.webp,imagereward:images/test/test_1/47761b6c-fcc4-4ebc-b29c-cb09c59deddb.webp,0.21988451480865479,0.33927708864212036,-0.11939257383346558,gallery_images/c6e4751b0736334e48c56fc1.jpg,gallery_images/1cf2f88c73d465d48841e83c.jpg,"{""model_id"": null, ""negative_prompt"": null, ""gs"": null, ""steps"": null, ""scheduler_cls"": null, ""classification"": ""Arts""}","{""model_id"": null, ""negative_prompt"": null, ""gs"": null, ""steps"": null, ""scheduler_cls"": null, ""classification"": ""Arts""}",unverified,,,
21229,hairstyle,1,counterexample,imagereward:test:007753-0023,"cute little dragon, gnome, elf, mage playing dnd at night in a medieval bar, fantasy, concept art, highly detailed, octane, unreal engine, anime, by laurel d austin, ghibly, disney, pixar, dreamworks ",77cb27c971e724eb8140a8c0cf5b6359435ee02a1ea4919b5eb41d3a8f646518,imagereward:images/test/test_1/463f4d45-a808-47a6-a11e-365e25bec01a.webp,imagereward:images/test/test_1/522c69d4-c249-465c-a613-a353dc4d88c7.webp,0.20520618557929993,0.2702561616897583,-0.06504997611045837,gallery_images/01b91a25b3928cf352748984.jpg,gallery_images/121a29dadf7216ae1622556d.jpg,"{""model_id"": null, ""negative_prompt"": null, ""gs"": null, ""steps"": null, ""scheduler_cls"": null, ""classification"": ""Indoor Scenes""}","{""model_id"": null, ""negative_prompt"": null, ""gs"": null, ""steps"": null, ""scheduler_cls"": null, ""classification"": ""Indoor Scenes""}",unverified,,,
21229,hairstyle,1,random_audit,imagereward:test:010856-0009,funny peanut butter ,b18ea9950d494d375d0c180c19fd090da6228f69d114cdf9665f8628abd7a871,imagereward:images/test/test_2/d7efc9ab-5b83-4dfb-9f37-e5c3494a9c6a.webp,imagereward:images/test/test_2/2ffb0136-0b1d-4f69-91a6-6c9db9cf1fc5.webp,0.2419537603855133,0.20836350321769714,0.03359025716781616,gallery_images/7ffe2a14962798eca3100109.jpg,gallery_images/275ee57f8278bac8d593f026.jpg,"{""model_id"": null, ""negative_prompt"": null, ""gs"": null, ""steps"": null, ""scheduler_cls"": null, ""classification"": ""Food""}","{""model_id"": null, ""negative_prompt"": null, ""gs"": null, ""steps"": null, ""scheduler_cls"": null, ""classification"": ""Food""}",unverified,,,
21229,hairstyle,1,random_audit,imagereward:test:010921-0064,"a bright fantasy city built between cliffs, sleek glass buildings, elegant bridges between stalactites, illustration, raining, dark and moody lighting, at night, digital art, oil painting, cold blue tones, fantasy, 8 k, trending on artstation, detailed ",665c1a33f8f1af344f90fa208a200d26840e5d698cb7054b07fa9ce4364938a1,imagereward:images/test/test_2/481c5c41-fe90-44a6-a4d6-d48706d6f7f7.webp,imagereward:images/test/test_2/526a66a5-f58c-49d7-a36e-4ab2f85631aa.webp,0.14642544090747833,0.16632145643234253,-0.019896015524864197,gallery_images/1bae0b95af7ad69b5daffdf8.jpg,gallery_images/f0007ac692902def48712601.jpg,"{""model_id"": null, ""negative_prompt"": null, ""gs"": null, ""steps"": null, ""scheduler_cls"": null, ""classification"": ""Outdoor Scenes""}","{""model_id"": null, ""negative_prompt"": null, ""gs"": null, ""steps"": null, ""scheduler_cls"": null, ""classification"": ""Outdoor Scenes""}",unverified,,,
38972,redcoat,1,supportive,imagereward:test:007753-0023,"cute little dragon, gnome, elf, mage playing dnd at night in a medieval bar, fantasy, concept art, highly detailed, octane, unreal engine, anime, by laurel d austin, ghibly, disney, pixar, dreamworks ",77cb27c971e724eb8140a8c0cf5b6359435ee02a1ea4919b5eb41d3a8f646518,imagereward:images/test/test_1/e00c1d73-d02d-431f-b317-14ed49f94d99.webp,imagereward:images/test/test_1/0917eb53-1554-42e5-8a85-309a1ee97a6b.webp,0.3080257773399353,0.20731723308563232,0.10070854425430298,gallery_images/bf64f256be978b78a93eeb63.jpg,gallery_images/1e9d78a98c04daee1ee45680.jpg,"{""model_id"": null, ""negative_prompt"": null, ""gs"": null, ""steps"": null, ""scheduler_cls"": null, ""classification"": ""Indoor Scenes""}","{""model_id"": null, ""negative_prompt"": null, ""gs"": null, ""steps"": null, ""scheduler_cls"": null, ""classification"": ""Indoor Scenes""}",unverified,,,
38972,redcoat,1,supportive,imagereward:test:010856-0009,funny peanut butter ,b18ea9950d494d375d0c180c19fd090da6228f69d114cdf9665f8628abd7a871,imagereward:images/test/test_2/d7efc9ab-5b83-4dfb-9f37-e5c3494a9c6a.webp,imagereward:images/test/test_2/8b7d05e4-9a3b-4c73-b087-104251033467.webp,0.24371355772018433,0.15292157232761383,0.0907919853925705,gallery_images/7ffe2a14962798eca3100109.jpg,gallery_images/3dc52bcc5f9d782b00729f67.jpg,"{""model_id"": null, ""negative_prompt"": null, ""gs"": null, ""steps"": null, ""scheduler_cls"": null, ""classification"": ""Food""}","{""model_id"": null, ""negative_prompt"": null, ""gs"": null, ""steps"": null, ""scheduler_cls"": null, ""classification"": ""Food""}",unverified,,,
38972,redcoat,1,counterexample,imagereward:test:007753-0023,"cute little dragon, gnome, elf, mage playing dnd at night in a medieval bar, fantasy, concept art, highly detailed, octane, unreal engine, anime, by laurel d austin, ghibly, disney, pixar, dreamworks ",77cb27c971e724eb8140a8c0cf5b6359435ee02a1ea4919b5eb41d3a8f646518,imagereward:images/test/test_1/0917eb53-1554-42e5-8a85-309a1ee97a6b.webp,imagereward:images/test/test_1/522c69d4-c249-465c-a613-a353dc4d88c7.webp,0.20731723308563232,0.32778632640838623,-0.1204690933227539,gallery_images/1e9d78a98c04daee1ee45680.jpg,gallery_images/121a29dadf7216ae1622556d.jpg,"{""model_id"": null, ""negative_prompt"": null, ""gs"": null, ""steps"": null, ""scheduler_cls"": null, ""classification"": ""Indoor Scenes""}","{""model_id"": null, ""negative_prompt"": null, ""gs"": null, ""steps"": null, ""scheduler_cls"": null, ""classification"": ""Indoor Scenes""}",unverified,,,
38972,redcoat,1,counterexample,imagereward:test:010817-0088,mother theresa eating a terrapin ,93eef9cfe3558d21cd24ea834af6e24f85f955753e9577af6c4f2e4647284f0d,imagereward:images/test/test_2/54c0c1bd-d97a-4982-b9a4-069e14c4416d.webp,imagereward:images/test/test_2/00cd91a9-ce3d-4d89-990d-6cca3c65fdf5.webp,0.17354916036128998,0.25047531723976135,-0.07692615687847137,gallery_images/555b0de43cce15ae0bbf32d4.jpg,gallery_images/290497691e0add3f2e47fc51.jpg,"{""model_id"": null, ""negative_prompt"": null, ""gs"": null, ""steps"": null, ""scheduler_cls"": null, ""classification"": ""People""}","{""model_id"": null, ""negative_prompt"": null, ""gs"": null, ""steps"": null, ""scheduler_cls"": null, ""classification"": ""People""}",unverified,,,
38972,redcoat,1,random_audit,imagereward:test:008275-0162,"bioluminescent crystal ball abstract sculpture, neon, fluorescent, magenta hyper detailed, red & purple beauteous biomechanical organic lightpainting, 8 k scenery, perfect lighting balance, ",c5c9324fe686aa7c94a4e209e8c979b72d69085c2a3c33f77c567493db471506,imagereward:images/test/test_1/0647a02c-879d-483f-81d0-65b945e7bec1.webp,imagereward:images/test/test_1/b7c77f57-b5b6-4bee-8df1-f931779840d2.webp,0.18492989242076874,0.19947433471679688,-0.014544442296028137,gallery_images/3311939f6c319dc4ccd17467.jpg,gallery_images/cc580047882db69db6d5ff08.jpg,"{""model_id"": null, ""negative_prompt"": null, ""gs"": null, ""steps"": null, ""scheduler_cls"": null, ""classification"": ""Arts""}","{""model_id"": null, ""negative_prompt"": null, ""gs"": null, ""steps"": null, ""scheduler_cls"": null, ""classification"": ""Arts""}",unverified,,,
38972,redcoat,1,random_audit,imagereward:test:011041-0080,"cinematic movie scene, beautiful Product shot film still of a Syd Mead futuristic modern sleek automobile speeding down a wet street at night in cyperpunk city, motion, hard surface modeling, volumetric soft lighting, style of Stanley Kubrick cinematography, 8k H 768",dbd49eb02d28c2c1f1ec6876579fff93930afe77f87e6bb55508973b63052f66,imagereward:images/test/test_2/ca78835a-e229-4b35-b6d8-91560d71db35.webp,imagereward:images/test/test_2/a4c04c0b-7362-46a3-bc79-4bfe80282e3a.webp,0.22527393698692322,0.20615094900131226,0.019122987985610962,gallery_images/1357fcf0de0848b4875ca7b2.jpg,gallery_images/6cc689e43cd3b953abf35564.jpg,"{""model_id"": null, ""negative_prompt"": null, ""gs"": null, ""steps"": null, ""scheduler_cls"": null, ""classification"": ""Vehicles""}","{""model_id"": null, ""negative_prompt"": null, ""gs"": null, ""steps"": null, ""scheduler_cls"": null, ""classification"": ""Vehicles""}",unverified,,,
27330,lip-syncing,1,supportive,imagereward:test:010918-0030,the pope in saving private james ryan ,9ed63beff86d5e18e4048901428ee78733de38893029c7c73093da1301c7baa5,imagereward:images/test/test_2/cbc83c67-d5cb-4872-95c7-f46ca0cdcd6c.webp,imagereward:images/test/test_2/24fb28c3-f778-4116-8ffb-f41230beb451.webp,0.3108201026916504,0.23370622098445892,0.07711388170719147,gallery_images/d664aa5be8f6b3d7166b32c7.jpg,gallery_images/df55fdf1e4ded79867ad1671.jpg,"{""model_id"": null, ""negative_prompt"": null, ""gs"": null, ""steps"": null, ""scheduler_cls"": null, ""classification"": ""People""}","{""model_id"": null, ""negative_prompt"": null, ""gs"": null, ""steps"": null, ""scheduler_cls"": null, ""classification"": ""People""}",unverified,,,
27330,lip-syncing,1,supportive,imagereward:test:010817-0088,mother theresa eating a terrapin ,93eef9cfe3558d21cd24ea834af6e24f85f955753e9577af6c4f2e4647284f0d,imagereward:images/test/test_2/54c0c1bd-d97a-4982-b9a4-069e14c4416d.webp,imagereward:images/test/test_2/0acf33e5-4252-4ea6-a749-5750991bdd4a.webp,0.31809377670288086,0.24868081510066986,0.069412961602211,gallery_images/555b0de43cce15ae0bbf32d4.jpg,gallery_images/7414a6c02ab8a33b4471b0cf.jpg,"{""model_id"": null, ""negative_prompt"": null, ""gs"": null, ""steps"": null, ""scheduler_cls"": null, ""classification"": ""People""}","{""model_id"": null, ""negative_prompt"": null, ""gs"": null, ""steps"": null, ""scheduler_cls"": null, ""classification"": ""People""}",unverified,,,
27330,lip-syncing,1,counterexample,imagereward:test:010918-0030,the pope in saving private james ryan ,9ed63beff86d5e18e4048901428ee78733de38893029c7c73093da1301c7baa5,imagereward:images/test/test_2/456f2d52-b588-400f-a7f4-d0643891a153.webp,imagereward:images/test/test_2/ff8434c9-b9e4-4790-a0da-03432243248f.webp,0.24782803654670715,0.28449103236198425,-0.0366629958152771,gallery_images/3fdb1a604a1f726047899272.jpg,gallery_images/80584244fc3a95522f52b732.jpg,"{""model_id"": null, ""negative_prompt"": null, ""gs"": null, ""steps"": null, ""scheduler_cls"": null, ""classification"": ""People""}","{""model_id"": null, ""negative_prompt"": null, ""gs"": null, ""steps"": null, ""scheduler_cls"": null, ""classification"": ""People""}",unverified,,,
27330,lip-syncing,1,counterexample,imagereward:test:010817-0088,mother theresa eating a terrapin ,93eef9cfe3558d21cd24ea834af6e24f85f955753e9577af6c4f2e4647284f0d,imagereward:images/test/test_2/0acf33e5-4252-4ea6-a749-5750991bdd4a.webp,imagereward:images/test/test_2/00cd91a9-ce3d-4d89-990d-6cca3c65fdf5.webp,0.24868081510066986,0.2850736379623413,-0.03639282286167145,gallery_images/7414a6c02ab8a33b4471b0cf.jpg,gallery_images/290497691e0add3f2e47fc51.jpg,"{""model_id"": null, ""negative_prompt"": null, ""gs"": null, ""steps"": null, ""scheduler_cls"": null, ""classification"": ""People""}","{""model_id"": null, ""negative_prompt"": null, ""gs"": null, ""steps"": null, ""scheduler_cls"": null, ""classification"": ""People""}",unverified,,,
27330,lip-syncing,1,random_audit,imagereward:test:007019-0095,"astronaut drifting afloat in space, in the darkness away from anyone else, alone, digital render, detailed illustration, black background dotted with stars, concept art, realistic, 8 k ",1cc69dd90585fe53b316368e8bec20b67a8c2abe627e4c2c13fb492b5775f876,imagereward:images/test/test_1/866fa2de-dab0-4f9d-bbbf-f6572dadb2f2.webp,imagereward:images/test/test_1/6e5e7414-718a-4392-b52c-2d932c488087.webp,0.19754916429519653,0.19707289338111877,0.0004762709140777588,gallery_images/b9b07a436bb436e9b5cc5949.jpg,gallery_images/135e55bf511209cf3e0b0055.jpg,"{""model_id"": null, ""negative_prompt"": null, ""gs"": null, ""steps"": null, ""scheduler_cls"": null, ""classification"": ""People""}","{""model_id"": null, ""negative_prompt"": null, ""gs"": null, ""steps"": null, ""scheduler_cls"": null, ""classification"": ""People""}",unverified,,,
27330,lip-syncing,1,random_audit,imagereward:test:009006-0102,"Horrifying creature, haunted, horror",6ee1b52c63caf60d8db23751287681018dfce76c98cca49820b5a1a91db4b14a,imagereward:images/test/test_1/0429a07f-659e-4c73-8fc3-10ea678df8f2.webp,imagereward:images/test/test_1/a441e52c-b155-4e46-b4c6-3b77a0939bd1.webp,0.27344319224357605,0.2485293298959732,0.024913862347602844,gallery_images/5d8ffcc7dd08aa671265fe08.jpg,gallery_images/edd040bc9bcc657e3145f21b.jpg,"{""model_id"": null, ""negative_prompt"": null, ""gs"": null, ""steps"": null, ""scheduler_cls"": null, ""classification"": ""Arts""}","{""model_id"": null, ""negative_prompt"": null, ""gs"": null, ""steps"": null, ""scheduler_cls"": null, ""classification"": ""Arts""}",unverified,,,
38961,red-tile,1,supportive,imagereward:test:010856-0009,funny peanut butter ,b18ea9950d494d375d0c180c19fd090da6228f69d114cdf9665f8628abd7a871,imagereward:images/test/test_2/de0d0967-da8b-4313-aabc-8586351f274e.webp,imagereward:images/test/test_2/8b7d05e4-9a3b-4c73-b087-104251033467.webp,0.29419946670532227,0.17530310153961182,0.11889636516571045,gallery_images/dab53c0cd368a25298f6d76d.jpg,gallery_images/3dc52bcc5f9d782b00729f67.jpg,"{""model_id"": null, ""negative_prompt"": null, ""gs"": null, ""steps"": null, ""scheduler_cls"": null, ""classification"": ""Food""}","{""model_id"": null, ""negative_prompt"": null, ""gs"": null, ""steps"": null, ""scheduler_cls"": null, ""classification"": ""Food""}",unverified,,,
38961,red-tile,1,supportive,imagereward:test:007019-0095,"astronaut drifting afloat in space, in the darkness away from anyone else, alone, digital render, detailed illustration, black background dotted with stars, concept art, realistic, 8 k ",1cc69dd90585fe53b316368e8bec20b67a8c2abe627e4c2c13fb492b5775f876,imagereward:images/test/test_1/0efeea25-24dc-4146-a8c6-94fe27d82bf9.webp,imagereward:images/test/test_1/d831ebf2-b9ac-4add-8862-2d276db25199.webp,0.2582523822784424,0.15190032124519348,0.1063520610332489,gallery_images/ffe851e1110ecaa58cd2bed9.jpg,gallery_images/0661de178ded481a97450aaf.jpg,"{""model_id"": null, ""negative_prompt"": null, ""gs"": null, ""steps"": null, ""scheduler_cls"": null, ""classification"": ""People""}","{""model_id"": null, ""negative_prompt"": null, ""gs"": null, ""steps"": null, ""scheduler_cls"": null, ""classification"": ""People""}",unverified,,,
38961,red-tile,1,counterexample,imagereward:test:008275-0162,"bioluminescent crystal ball abstract sculpture, neon, fluorescent, magenta hyper detailed, red & purple beauteous biomechanical organic lightpainting, 8 k scenery, perfect lighting balance, ",c5c9324fe686aa7c94a4e209e8c979b72d69085c2a3c33f77c567493db471506,imagereward:images/test/test_1/c91662d9-87c6-428f-bf86-ab84a67e1b8a.webp,imagereward:images/test/test_1/35333673-8d72-4303-8a03-93ad2f8aff18.webp,0.13954497873783112,0.2912641167640686,-0.1517191380262375,gallery_images/e1c75092bf2f460e548cb372.jpg,gallery_images/89181cc55f988a356169869b.jpg,"{""model_id"": null, ""negative_prompt"": null, ""gs"": null, ""steps"": null, ""scheduler_cls"": null, ""classification"": ""Arts""}","{""model_id"": null, ""negative_prompt"": null, ""gs"": null, ""steps"": null, ""scheduler_cls"": null, ""classification"": ""Arts""}",unverified,,,
38961,red-tile,1,counterexample,imagereward:test:007019-0095,"astronaut drifting afloat in space, in the darkness away from anyone else, alone, digital render, detailed illustration, black background dotted with stars, concept art, realistic, 8 k ",1cc69dd90585fe53b316368e8bec20b67a8c2abe627e4c2c13fb492b5775f876,imagereward:images/test/test_1/d831ebf2-b9ac-4add-8862-2d276db25199.webp,imagereward:images/test/test_1/3ba95678-d137-441d-ae6f-ece52724b225.webp,0.15190032124519348,0.2808230519294739,-0.1289227306842804,gallery_images/0661de178ded481a97450aaf.jpg,gallery_images/737a60fda323d2714b04f70a.jpg,"{""model_id"": null, ""negative_prompt"": null, ""gs"": null, ""steps"": null, ""scheduler_cls"": null, ""classification"": ""People""}","{""model_id"": null, ""negative_prompt"": null, ""gs"": null, ""steps"": null, ""scheduler_cls"": null, ""classification"": ""People""}",unverified,,,
38961,red-tile,1,random_audit,imagereward:test:007019-0095,"astronaut drifting afloat in space, in the darkness away from anyone else, alone, digital render, detailed illustration, black background dotted with stars, concept art, realistic, 8 k ",1cc69dd90585fe53b316368e8bec20b67a8c2abe627e4c2c13fb492b5775f876,imagereward:images/test/test_1/0efeea25-24dc-4146-a8c6-94fe27d82bf9.webp,imagereward:images/test/test_1/d831ebf2-b9ac-4add-8862-2d276db25199.webp,0.2582523822784424,0.15190032124519348,0.1063520610332489,gallery_images/ffe851e1110ecaa58cd2bed9.jpg,gallery_images/0661de178ded481a97450aaf.jpg,"{""model_id"": null, ""negative_prompt"": null, ""gs"": null, ""steps"": null, ""scheduler_cls"": null, ""classification"": ""People""}","{""model_id"": null, ""negative_prompt"": null, ""gs"": null, ""steps"": null, ""scheduler_cls"": null, ""classification"": ""People""}",unverified,,,
38961,red-tile,1,random_audit,imagereward:test:008615-0007,"a group of artists creating a masterpiece, glorious, in the style of artgerm and charlie bowater and atey ghailan and mike mignola, epic lighting, vibrant colors and hard shadows and strong rim light, very coherent, comic cover art, plain background, trending on artstation ",133343abee5ab23e2f72742014e087d34fcc6ed1ed4cac5948a1e45fca0b2a3c,imagereward:images/test/test_1/2410087f-533b-4cc2-8a76-32b5656d8214.webp,imagereward:images/test/test_1/41af2cb8-3028-422a-afdb-c4bb2edb14c4.webp,0.23394115269184113,0.2661439776420593,-0.0322028249502182,gallery_images/bd01f3f9a1f1e49ad36f63e8.jpg,gallery_images/28ef7fd9656742307c6a2316.jpg,"{""model_id"": null, ""negative_prompt"": null, ""gs"": null, ""steps"": null, ""scheduler_cls"": null, ""classification"": ""Arts""}","{""model_id"": null, ""negative_prompt"": null, ""gs"": null, ""steps"": null, ""scheduler_cls"": null, ""classification"": ""Arts""}",unverified,,,
31257,neon-green,1,supportive,imagereward:test:010856-0009,funny peanut butter ,b18ea9950d494d375d0c180c19fd090da6228f69d114cdf9665f8628abd7a871,imagereward:images/test/test_2/2ffb0136-0b1d-4f69-91a6-6c9db9cf1fc5.webp,imagereward:images/test/test_2/8b7d05e4-9a3b-4c73-b087-104251033467.webp,0.3328879177570343,0.1716240793466568,0.1612638384103775,gallery_images/275ee57f8278bac8d593f026.jpg,gallery_images/3dc52bcc5f9d782b00729f67.jpg,"{""model_id"": null, ""negative_prompt"": null, ""gs"": null, ""steps"": null, ""scheduler_cls"": null, ""classification"": ""Food""}","{""model_id"": null, ""negative_prompt"": null, ""gs"": null, ""steps"": null, ""scheduler_cls"": null, ""classification"": ""Food""}",unverified,,,
31257,neon-green,1,supportive,imagereward:test:010921-0064,"a bright fantasy city built between cliffs, sleek glass buildings, elegant bridges between stalactites, illustration, raining, dark and moody lighting, at night, digital art, oil painting, cold blue tones, fantasy, 8 k, trending on artstation, detailed ",665c1a33f8f1af344f90fa208a200d26840e5d698cb7054b07fa9ce4364938a1,imagereward:images/test/test_2/2a99d448-fa70-4bf2-bfd0-a6c30191a849.webp,imagereward:images/test/test_2/481c5c41-fe90-44a6-a4d6-d48706d6f7f7.webp,0.2836054861545563,0.15120872855186462,0.13239675760269165,gallery_images/ffa92187f93bb9140d50d08b.jpg,gallery_images/1bae0b95af7ad69b5daffdf8.jpg,"{""model_id"": null, ""negative_prompt"": null, ""gs"": null, ""steps"": null, ""scheduler_cls"": null, ""classification"": ""Outdoor Scenes""}","{""model_id"": null, ""negative_prompt"": null, ""gs"": null, ""steps"": null, ""scheduler_cls"": null, ""classification"": ""Outdoor Scenes""}",unverified,,,
31257,neon-green,1,counterexample,imagereward:test:010817-0088,mother theresa eating a terrapin ,93eef9cfe3558d21cd24ea834af6e24f85f955753e9577af6c4f2e4647284f0d,imagereward:images/test/test_2/54c0c1bd-d97a-4982-b9a4-069e14c4416d.webp,imagereward:images/test/test_2/95f54be5-224b-4d3d-b64d-2ecd1f0e6e55.webp,0.15434807538986206,0.29639723896980286,-0.1420491635799408,gallery_images/555b0de43cce15ae0bbf32d4.jpg,gallery_images/9f2599538c6141572a399ed0.jpg,"{""model_id"": null, ""negative_prompt"": null, ""gs"": null, ""steps"": null, ""scheduler_cls"": null, ""classification"": ""People""}","{""model_id"": null, ""negative_prompt"": null, ""gs"": null, ""steps"": null, ""scheduler_cls"": null, ""classification"": ""People""}",unverified,,,
31257,neon-green,1,counterexample,imagereward:test:010856-0009,funny peanut butter ,b18ea9950d494d375d0c180c19fd090da6228f69d114cdf9665f8628abd7a871,imagereward:images/test/test_2/d7efc9ab-5b83-4dfb-9f37-e5c3494a9c6a.webp,imagereward:images/test/test_2/2ffb0136-0b1d-4f69-91a6-6c9db9cf1fc5.webp,0.2127326875925064,0.3328879177570343,-0.1201552301645279,gallery_images/7ffe2a14962798eca3100109.jpg,gallery_images/275ee57f8278bac8d593f026.jpg,"{""model_id"": null, ""negative_prompt"": null, ""gs"": null, ""steps"": null, ""scheduler_cls"": null, ""classification"": ""Food""}","{""model_id"": null, ""negative_prompt"": null, ""gs"": null, ""steps"": null, ""scheduler_cls"": null, ""classification"": ""Food""}",unverified,,,
31257,neon-green,1,random_audit,imagereward:test:010918-0030,the pope in saving private james ryan ,9ed63beff86d5e18e4048901428ee78733de38893029c7c73093da1301c7baa5,imagereward:images/test/test_2/cbc83c67-d5cb-4872-95c7-f46ca0cdcd6c.webp,imagereward:images/test/test_2/456f2d52-b588-400f-a7f4-d0643891a153.webp,0.21703296899795532,0.28072217106819153,-0.0636892020702362,gallery_images/d664aa5be8f6b3d7166b32c7.jpg,gallery_images/3fdb1a604a1f726047899272.jpg,"{""model_id"": null, ""negative_prompt"": null, ""gs"": null, ""steps"": null, ""scheduler_cls"": null, ""classification"": ""People""}","{""model_id"": null, ""negative_prompt"": null, ""gs"": null, ""steps"": null, ""scheduler_cls"": null, ""classification"": ""People""}",unverified,,,
31257,neon-green,1,random_audit,imagereward:test:007753-0023,"cute little dragon, gnome, elf, mage playing dnd at night in a medieval bar, fantasy, concept art, highly detailed, octane, unreal engine, anime, by laurel d austin, ghibly, disney, pixar, dreamworks ",77cb27c971e724eb8140a8c0cf5b6359435ee02a1ea4919b5eb41d3a8f646518,imagereward:images/test/test_1/e00c1d73-d02d-431f-b317-14ed49f94d99.webp,imagereward:images/test/test_1/522c69d4-c249-465c-a613-a353dc4d88c7.webp,0.24995027482509613,0.27656757831573486,-0.026617303490638733,gallery_images/bf64f256be978b78a93eeb63.jpg,gallery_images/121a29dadf7216ae1622556d.jpg,"{""model_id"": null, ""negative_prompt"": null, ""gs"": null, ""steps"": null, ""scheduler_cls"": null, ""classification"": ""Indoor Scenes""}","{""model_id"": null, ""negative_prompt"": null, ""gs"": null, ""steps"": null, ""scheduler_cls"": null, ""classification"": ""Indoor Scenes""}",unverified,,,
14316,drainboard,-1,supportive,imagereward:test:007713-0046,Boris Johnson and Eminen on a stage having an epic rap battle together,b0d04d7cbc27aada61a2a2c88184bd2d92ab094fb3d6dff2db24cef0f2bfee54,imagereward:images/test/test_1/234f6195-5526-4d08-80a0-166943089bb9.webp,imagereward:images/test/test_1/9dc88b05-f911-4a4d-abdb-e0bd03c4d01b.webp,0.16956040263175964,0.25848478078842163,-0.08892437815666199,gallery_images/30e47bf7fcbfd5aa97ac686b.jpg,gallery_images/052da60eedfc881426be243b.jpg,"{""model_id"": null, ""negative_prompt"": null, ""gs"": null, ""steps"": null, ""scheduler_cls"": null, ""classification"": ""People""}","{""model_id"": null, ""negative_prompt"": null, ""gs"": null, ""steps"": null, ""scheduler_cls"": null, ""classification"": ""People""}",unverified,,,
14316,drainboard,-1,supportive,imagereward:test:010918-0030,the pope in saving private james ryan ,9ed63beff86d5e18e4048901428ee78733de38893029c7c73093da1301c7baa5,imagereward:images/test/test_2/80e1a909-135a-4157-9341-846f9d43e4f4.webp,imagereward:images/test/test_2/456f2d52-b588-400f-a7f4-d0643891a153.webp,0.15054106712341309,0.20910322666168213,-0.05856215953826904,gallery_images/cf64485ee41adcf41ca2a494.jpg,gallery_images/3fdb1a604a1f726047899272.jpg,"{""model_id"": null, ""negative_prompt"": null, ""gs"": null, ""steps"": null, ""scheduler_cls"": null, ""classification"": ""People""}","{""model_id"": null, ""negative_prompt"": null, ""gs"": null, ""steps"": null, ""scheduler_cls"": null, ""classification"": ""People""}",unverified,,,
14316,drainboard,-1,counterexample,imagereward:test:008615-0007,"a group of artists creating a masterpiece, glorious, in the style of artgerm and charlie bowater and atey ghailan and mike mignola, epic lighting, vibrant colors and hard shadows and strong rim light, very coherent, comic cover art, plain background, trending on artstation ",133343abee5ab23e2f72742014e087d34fcc6ed1ed4cac5948a1e45fca0b2a3c,imagereward:images/test/test_1/2410087f-533b-4cc2-8a76-32b5656d8214.webp,imagereward:images/test/test_1/34dd04f4-19d9-48ea-a7be-54421e3a2403.webp,0.22843952476978302,0.16584722697734833,0.06259229779243469,gallery_images/bd01f3f9a1f1e49ad36f63e8.jpg,gallery_images/bf213c437f906a1140d2deb4.jpg,"{""model_id"": null, ""negative_prompt"": null, ""gs"": null, ""steps"": null, ""scheduler_cls"": null, ""classification"": ""Arts""}","{""model_id"": null, ""negative_prompt"": null, ""gs"": null, ""steps"": null, ""scheduler_cls"": null, ""classification"": ""Arts""}",unverified,,,
14316,drainboard,-1,counterexample,imagereward:test:007019-0095,"astronaut drifting afloat in space, in the darkness away from anyone else, alone, digital render, detailed illustration, black background dotted with stars, concept art, realistic, 8 k ",1cc69dd90585fe53b316368e8bec20b67a8c2abe627e4c2c13fb492b5775f876,imagereward:images/test/test_1/2d047220-c2f9-4dcc-b4c4-96496276f3fd.webp,imagereward:images/test/test_1/866fa2de-dab0-4f9d-bbbf-f6572dadb2f2.webp,0.24737346172332764,0.1903374344110489,0.05703602731227875,gallery_images/033d5b9651fcf749d627459e.jpg,gallery_images/b9b07a436bb436e9b5cc5949.jpg,"{""model_id"": null, ""negative_prompt"": null, ""gs"": null, ""steps"": null, ""scheduler_cls"": null, ""classification"": ""People""}","{""model_id"": null, ""negative_prompt"": null, ""gs"": null, ""steps"": null, ""scheduler_cls"": null, ""classification"": ""People""}",unverified,,,
14316,drainboard,-1,random_audit,imagereward:test:010921-0064,"a bright fantasy city built between cliffs, sleek glass buildings, elegant bridges between stalactites, illustration, raining, dark and moody lighting, at night, digital art, oil painting, cold blue tones, fantasy, 8 k, trending on artstation, detailed ",665c1a33f8f1af344f90fa208a200d26840e5d698cb7054b07fa9ce4364938a1,imagereward:images/test/test_2/f0c4de4f-0e70-44e5-a872-8e0a11e94df3.webp,imagereward:images/test/test_2/5bf2c29b-2bca-43d0-acae-95349b0fc3fb.webp,0.19829292595386505,0.18918152153491974,0.009111404418945312,gallery_images/4f189977b012407e5e64abad.jpg,gallery_images/038b27ec77946b917cde1395.jpg,"{""model_id"": null, ""negative_prompt"": null, ""gs"": null, ""steps"": null, ""scheduler_cls"": null, ""classification"": ""Outdoor Scenes""}","{""model_id"": null, ""negative_prompt"": null, ""gs"": null, ""steps"": null, ""scheduler_cls"": null, ""classification"": ""Outdoor Scenes""}",unverified,,,
14316,drainboard,-1,random_audit,imagereward:test:001260-0073,"realistic photography of a man 3 5 years old with a bit of bear, short hair, few wrinkles around eyes, sexy, cinematographic, cinematic light, close up view, intense, colorize, 8 0 mm lens ",bd5a08c78f7713700e45a208189c5ba33df3fc51dd6425fbac0f13cff8386f73,imagereward:images/test/test_2/7f6386f1-9330-496a-87f0-f935074e09bd.webp,imagereward:images/test/test_2/dc0ba70d-4437-4e22-a9ab-61de73e21bf3.webp,0.1932893991470337,0.16026616096496582,0.03302323818206787,gallery_images/a3bcc6ce6ba0717536ae0479.jpg,gallery_images/6cdb518e3173b5c1bf35cb61.jpg,"{""model_id"": null, ""negative_prompt"": null, ""gs"": null, ""steps"": null, ""scheduler_cls"": null, ""classification"": ""People""}","{""model_id"": null, ""negative_prompt"": null, ""gs"": null, ""steps"": null, ""scheduler_cls"": null, ""classification"": ""People""}",unverified,,,
8362,chickweed,-1,supportive,imagereward:test:001260-0073,"realistic photography of a man 3 5 years old with a bit of bear, short hair, few wrinkles around eyes, sexy, cinematographic, cinematic light, close up view, intense, colorize, 8 0 mm lens ",bd5a08c78f7713700e45a208189c5ba33df3fc51dd6425fbac0f13cff8386f73,imagereward:images/test/test_2/85ae560c-08eb-4023-9b30-cb745fec3011.webp,imagereward:images/test/test_2/39287be5-bc65-49de-a745-a50b9ac450c4.webp,0.20000118017196655,0.25963449478149414,-0.05963331460952759,gallery_images/fade65e9128358fe15675cdf.jpg,gallery_images/c826e2fda0494675fee748e6.jpg,"{""model_id"": null, ""negative_prompt"": null, ""gs"": null, ""steps"": null, ""scheduler_cls"": null, ""classification"": ""People""}","{""model_id"": null, ""negative_prompt"": null, ""gs"": null, ""steps"": null, ""scheduler_cls"": null, ""classification"": ""People""}",unverified,,,
8362,chickweed,-1,supportive,imagereward:test:007019-0095,"astronaut drifting afloat in space, in the darkness away from anyone else, alone, digital render, detailed illustration, black background dotted with stars, concept art, realistic, 8 k ",1cc69dd90585fe53b316368e8bec20b67a8c2abe627e4c2c13fb492b5775f876,imagereward:images/test/test_1/d831ebf2-b9ac-4add-8862-2d276db25199.webp,imagereward:images/test/test_1/3ba95678-d137-441d-ae6f-ece52724b225.webp,0.2029327154159546,0.2609374225139618,-0.0580047070980072,gallery_images/0661de178ded481a97450aaf.jpg,gallery_images/737a60fda323d2714b04f70a.jpg,"{""model_id"": null, ""negative_prompt"": null, ""gs"": null, ""steps"": null, ""scheduler_cls"": null, ""classification"": ""People""}","{""model_id"": null, ""negative_prompt"": null, ""gs"": null, ""steps"": null, ""scheduler_cls"": null, ""classification"": ""People""}",unverified,,,
8362,chickweed,-1,counterexample,imagereward:test:010918-0030,the pope in saving private james ryan ,9ed63beff86d5e18e4048901428ee78733de38893029c7c73093da1301c7baa5,imagereward:images/test/test_2/1c616cfb-226a-486f-a7ed-eb04c1993aee.webp,imagereward:images/test/test_2/24fb28c3-f778-4116-8ffb-f41230beb451.webp,0.25132232904434204,0.18803511559963226,0.06328721344470978,gallery_images/91703f6cd59dc630e0de6593.jpg,gallery_images/df55fdf1e4ded79867ad1671.jpg,"{""model_id"": null, ""negative_prompt"": null, ""gs"": null, ""steps"": null, ""scheduler_cls"": null, ""classification"": ""People""}","{""model_id"": null, ""negative_prompt"": null, ""gs"": null, ""steps"": null, ""scheduler_cls"": null, ""classification"": ""People""}",unverified,,,
8362,chickweed,-1,counterexample,imagereward:test:010921-0064,"a bright fantasy city built between cliffs, sleek glass buildings, elegant bridges between stalactites, illustration, raining, dark and moody lighting, at night, digital art, oil painting, cold blue tones, fantasy, 8 k, trending on artstation, detailed ",665c1a33f8f1af344f90fa208a200d26840e5d698cb7054b07fa9ce4364938a1,imagereward:images/test/test_2/9de7e353-e646-4f34-b8c8-f2d00c2d2832.webp,imagereward:images/test/test_2/8e9869da-ad15-4209-9f90-ea7151e54617.webp,0.23196057975292206,0.17716895043849945,0.05479162931442261,gallery_images/28ae48dabcfd1c0a04dc2fce.jpg,gallery_images/36721de70456c61d1b60f0e9.jpg,"{""model_id"": null, ""negative_prompt"": null, ""gs"": null, ""steps"": null, ""scheduler_cls"": null, ""classification"": ""Outdoor Scenes""}","{""model_id"": null, ""negative_prompt"": null, ""gs"": null, ""steps"": null, ""scheduler_cls"": null, ""classification"": ""Outdoor Scenes""}",unverified,,,
8362,chickweed,-1,random_audit,imagereward:test:007019-0095,"astronaut drifting afloat in space, in the darkness away from anyone else, alone, digital render, detailed illustration, black background dotted with stars, concept art, realistic, 8 k ",1cc69dd90585fe53b316368e8bec20b67a8c2abe627e4c2c13fb492b5775f876,imagereward:images/test/test_1/0efeea25-24dc-4146-a8c6-94fe27d82bf9.webp,imagereward:images/test/test_1/d831ebf2-b9ac-4add-8862-2d276db25199.webp,0.21349886059761047,0.2029327154159546,0.010566145181655884,gallery_images/ffe851e1110ecaa58cd2bed9.jpg,gallery_images/0661de178ded481a97450aaf.jpg,"{""model_id"": null, ""negative_prompt"": null, ""gs"": null, ""steps"": null, ""scheduler_cls"": null, ""classification"": ""People""}","{""model_id"": null, ""negative_prompt"": null, ""gs"": null, ""steps"": null, ""scheduler_cls"": null, ""classification"": ""People""}",unverified,,,
8362,chickweed,-1,random_audit,imagereward:test:009006-0102,"Horrifying creature, haunted, horror",6ee1b52c63caf60d8db23751287681018dfce76c98cca49820b5a1a91db4b14a,imagereward:images/test/test_1/7c5c94f3-8a41-492c-8c46-754ad80af2ea.webp,imagereward:images/test/test_1/ee22e72c-0ddd-471d-af26-6418340a73aa.webp,0.21893511712551117,0.25476744771003723,-0.03583233058452606,gallery_images/c6e4751b0736334e48c56fc1.jpg,gallery_images/a3833c3d508a381bb1502d1d.jpg,"{""model_id"": null, ""negative_prompt"": null, ""gs"": null, ""steps"": null, ""scheduler_cls"": null, ""classification"": ""Arts""}","{""model_id"": null, ""negative_prompt"": null, ""gs"": null, ""steps"": null, ""scheduler_cls"": null, ""classification"": ""Arts""}",unverified,,,
9094,clover,-1,supportive,imagereward:test:007019-0095,"astronaut drifting afloat in space, in the darkness away from anyone else, alone, digital render, detailed illustration, black background dotted with stars, concept art, realistic, 8 k ",1cc69dd90585fe53b316368e8bec20b67a8c2abe627e4c2c13fb492b5775f876,imagereward:images/test/test_1/d831ebf2-b9ac-4add-8862-2d276db25199.webp,imagereward:images/test/test_1/3ba95678-d137-441d-ae6f-ece52724b225.webp,0.1643940657377243,0.24537071585655212,-0.08097665011882782,gallery_images/0661de178ded481a97450aaf.jpg,gallery_images/737a60fda323d2714b04f70a.jpg,"{""model_id"": null, ""negative_prompt"": null, ""gs"": null, ""steps"": null, ""scheduler_cls"": null, ""classification"": ""People""}","{""model_id"": null, ""negative_prompt"": null, ""gs"": null, ""steps"": null, ""scheduler_cls"": null, ""classification"": ""People""}",unverified,,,
9094,clover,-1,supportive,imagereward:test:010918-0030,the pope in saving private james ryan ,9ed63beff86d5e18e4048901428ee78733de38893029c7c73093da1301c7baa5,imagereward:images/test/test_2/cbc83c67-d5cb-4872-95c7-f46ca0cdcd6c.webp,imagereward:images/test/test_2/1c616cfb-226a-486f-a7ed-eb04c1993aee.webp,0.18472981452941895,0.26390111446380615,-0.07917129993438721,gallery_images/d664aa5be8f6b3d7166b32c7.jpg,gallery_images/91703f6cd59dc630e0de6593.jpg,"{""model_id"": null, ""negative_prompt"": null, ""gs"": null, ""steps"": null, ""scheduler_cls"": null, ""classification"": ""People""}","{""model_id"": null, ""negative_prompt"": null, ""gs"": null, ""steps"": null, ""scheduler_cls"": null, ""classification"": ""People""}",unverified,,,
9094,clover,-1,counterexample,imagereward:test:010918-0030,the pope in saving private james ryan ,9ed63beff86d5e18e4048901428ee78733de38893029c7c73093da1301c7baa5,imagereward:images/test/test_2/1c616cfb-226a-486f-a7ed-eb04c1993aee.webp,imagereward:images/test/test_2/3967a17c-407b-4b0a-945b-33fa4de64faa.webp,0.26390111446380615,0.19323942065238953,0.07066169381141663,gallery_images/91703f6cd59dc630e0de6593.jpg,gallery_images/83472d02a58f9f0ef06a8458.jpg,"{""model_id"": null, ""negative_prompt"": null, ""gs"": null, ""steps"": null, ""scheduler_cls"": null, ""classification"": ""People""}","{""model_id"": null, ""negative_prompt"": null, ""gs"": null, ""steps"": null, ""scheduler_cls"": null, ""classification"": ""People""}",unverified,,,
9094,clover,-1,counterexample,imagereward:test:007019-0095,"astronaut drifting afloat in space, in the darkness away from anyone else, alone, digital render, detailed illustration, black background dotted with stars, concept art, realistic, 8 k ",1cc69dd90585fe53b316368e8bec20b67a8c2abe627e4c2c13fb492b5775f876,imagereward:images/test/test_1/3ba95678-d137-441d-ae6f-ece52724b225.webp,imagereward:images/test/test_1/6e5e7414-718a-4392-b52c-2d932c488087.webp,0.24537071585655212,0.17536556720733643,0.0700051486492157,gallery_images/737a60fda323d2714b04f70a.jpg,gallery_images/135e55bf511209cf3e0b0055.jpg,"{""model_id"": null, ""negative_prompt"": null, ""gs"": null, ""steps"": null, ""scheduler_cls"": null, ""classification"": ""People""}","{""model_id"": null, ""negative_prompt"": null, ""gs"": null, ""steps"": null, ""scheduler_cls"": null, ""classification"": ""People""}",unverified,,,
9094,clover,-1,random_audit,imagereward:test:009006-0102,"Horrifying creature, haunted, horror",6ee1b52c63caf60d8db23751287681018dfce76c98cca49820b5a1a91db4b14a,imagereward:images/test/test_1/a441e52c-b155-4e46-b4c6-3b77a0939bd1.webp,imagereward:images/test/test_1/feea7bc0-7b65-4553-b3f5-5b10d9b240ed.webp,0.19662366807460785,0.17944717407226562,0.017176494002342224,gallery_images/edd040bc9bcc657e3145f21b.jpg,gallery_images/7d6690b49db9c43500b02060.jpg,"{""model_id"": null, ""negative_prompt"": null, ""gs"": null, ""steps"": null, ""scheduler_cls"": null, ""classification"": ""Arts""}","{""model_id"": null, ""negative_prompt"": null, ""gs"": null, ""steps"": null, ""scheduler_cls"": null, ""classification"": ""Arts""}",unverified,,,
9094,clover,-1,random_audit,imagereward:test:010918-0030,the pope in saving private james ryan ,9ed63beff86d5e18e4048901428ee78733de38893029c7c73093da1301c7baa5,imagereward:images/test/test_2/cbc83c67-d5cb-4872-95c7-f46ca0cdcd6c.webp,imagereward:images/test/test_2/80e1a909-135a-4157-9341-846f9d43e4f4.webp,0.18472981452941895,0.1829327493906021,0.0017970651388168335,gallery_images/d664aa5be8f6b3d7166b32c7.jpg,gallery_images/cf64485ee41adcf41ca2a494.jpg,"{""model_id"": null, ""negative_prompt"": null, ""gs"": null, ""steps"": null, ""scheduler_cls"": null, ""classification"": ""People""}","{""model_id"": null, ""negative_prompt"": null, ""gs"": null, ""steps"": null, ""scheduler_cls"": null, ""classification"": ""People""}",unverified,,,
45037,spurge,-1,supportive,imagereward:test:010921-0064,"a bright fantasy city built between cliffs, sleek glass buildings, elegant bridges between stalactites, illustration, raining, dark and moody lighting, at night, digital art, oil painting, cold blue tones, fantasy, 8 k, trending on artstation, detailed ",665c1a33f8f1af344f90fa208a200d26840e5d698cb7054b07fa9ce4364938a1,imagereward:images/test/test_2/481c5c41-fe90-44a6-a4d6-d48706d6f7f7.webp,imagereward:images/test/test_2/526a66a5-f58c-49d7-a36e-4ab2f85631aa.webp,0.13765263557434082,0.2346545159816742,-0.09700188040733337,gallery_images/1bae0b95af7ad69b5daffdf8.jpg,gallery_images/f0007ac692902def48712601.jpg,"{""model_id"": null, ""negative_prompt"": null, ""gs"": null, ""steps"": null, ""scheduler_cls"": null, ""classification"": ""Outdoor Scenes""}","{""model_id"": null, ""negative_prompt"": null, ""gs"": null, ""steps"": null, ""scheduler_cls"": null, ""classification"": ""Outdoor Scenes""}",unverified,,,
45037,spurge,-1,supportive,imagereward:test:008275-0162,"bioluminescent crystal ball abstract sculpture, neon, fluorescent, magenta hyper detailed, red & purple beauteous biomechanical organic lightpainting, 8 k scenery, perfect lighting balance, ",c5c9324fe686aa7c94a4e209e8c979b72d69085c2a3c33f77c567493db471506,imagereward:images/test/test_1/0647a02c-879d-483f-81d0-65b945e7bec1.webp,imagereward:images/test/test_1/b7c77f57-b5b6-4bee-8df1-f931779840d2.webp,0.1545674204826355,0.2210354506969452,-0.06646803021430969,gallery_images/3311939f6c319dc4ccd17467.jpg,gallery_images/cc580047882db69db6d5ff08.jpg,"{""model_id"": null, ""negative_prompt"": null, ""gs"": null, ""steps"": null, ""scheduler_cls"": null, ""classification"": ""Arts""}","{""model_id"": null, ""negative_prompt"": null, ""gs"": null, ""steps"": null, ""scheduler_cls"": null, ""classification"": ""Arts""}",unverified,,,
45037,spurge,-1,counterexample,imagereward:test:010921-0064,"a bright fantasy city built between cliffs, sleek glass buildings, elegant bridges between stalactites, illustration, raining, dark and moody lighting, at night, digital art, oil painting, cold blue tones, fantasy, 8 k, trending on artstation, detailed ",665c1a33f8f1af344f90fa208a200d26840e5d698cb7054b07fa9ce4364938a1,imagereward:images/test/test_2/9de7e353-e646-4f34-b8c8-f2d00c2d2832.webp,imagereward:images/test/test_2/481c5c41-fe90-44a6-a4d6-d48706d6f7f7.webp,0.19537599384784698,0.13765263557434082,0.057723358273506165,gallery_images/28ae48dabcfd1c0a04dc2fce.jpg,gallery_images/1bae0b95af7ad69b5daffdf8.jpg,"{""model_id"": null, ""negative_prompt"": null, ""gs"": null, ""steps"": null, ""scheduler_cls"": null, ""classification"": ""Outdoor Scenes""}","{""model_id"": null, ""negative_prompt"": null, ""gs"": null, ""steps"": null, ""scheduler_cls"": null, ""classification"": ""Outdoor Scenes""}",unverified,,,
45037,spurge,-1,counterexample,imagereward:test:007753-0023,"cute little dragon, gnome, elf, mage playing dnd at night in a medieval bar, fantasy, concept art, highly detailed, octane, unreal engine, anime, by laurel d austin, ghibly, disney, pixar, dreamworks ",77cb27c971e724eb8140a8c0cf5b6359435ee02a1ea4919b5eb41d3a8f646518,imagereward:images/test/test_1/e00c1d73-d02d-431f-b317-14ed49f94d99.webp,imagereward:images/test/test_1/522c69d4-c249-465c-a613-a353dc4d88c7.webp,0.23257510364055634,0.17584779858589172,0.05672730505466461,gallery_images/bf64f256be978b78a93eeb63.jpg,gallery_images/121a29dadf7216ae1622556d.jpg,"{""model_id"": null, ""negative_prompt"": null, ""gs"": null, ""steps"": null, ""scheduler_cls"": null, ""classification"": ""Indoor Scenes""}","{""model_id"": null, ""negative_prompt"": null, ""gs"": null, ""steps"": null, ""scheduler_cls"": null, ""classification"": ""Indoor Scenes""}",unverified,,,
45037,spurge,-1,random_audit,imagereward:test:010921-0064,"a bright fantasy city built between cliffs, sleek glass buildings, elegant bridges between stalactites, illustration, raining, dark and moody lighting, at night, digital art, oil painting, cold blue tones, fantasy, 8 k, trending on artstation, detailed ",665c1a33f8f1af344f90fa208a200d26840e5d698cb7054b07fa9ce4364938a1,imagereward:images/test/test_2/9de7e353-e646-4f34-b8c8-f2d00c2d2832.webp,imagereward:images/test/test_2/8e9869da-ad15-4209-9f90-ea7151e54617.webp,0.19537599384784698,0.13937687873840332,0.055999115109443665,gallery_images/28ae48dabcfd1c0a04dc2fce.jpg,gallery_images/36721de70456c61d1b60f0e9.jpg,"{""model_id"": null, ""negative_prompt"": null, ""gs"": null, ""steps"": null, ""scheduler_cls"": null, ""classification"": ""Outdoor Scenes""}","{""model_id"": null, ""negative_prompt"": null, ""gs"": null, ""steps"": null, ""scheduler_cls"": null, ""classification"": ""Outdoor Scenes""}",unverified,,,
45037,spurge,-1,random_audit,imagereward:test:010817-0088,mother theresa eating a terrapin ,93eef9cfe3558d21cd24ea834af6e24f85f955753e9577af6c4f2e4647284f0d,imagereward:images/test/test_2/54c0c1bd-d97a-4982-b9a4-069e14c4416d.webp,imagereward:images/test/test_2/0acf33e5-4252-4ea6-a749-5750991bdd4a.webp,0.22079798579216003,0.1896524727344513,0.03114551305770874,gallery_images/555b0de43cce15ae0bbf32d4.jpg,gallery_images/7414a6c02ab8a33b4471b0cf.jpg,"{""model_id"": null, ""negative_prompt"": null, ""gs"": null, ""steps"": null, ""scheduler_cls"": null, ""classification"": ""People""}","{""model_id"": null, ""negative_prompt"": null, ""gs"": null, ""steps"": null, ""scheduler_cls"": null, ""classification"": ""People""}",unverified,,,
6317,bowl-shaped,-1,supportive,imagereward:test:010856-0009,funny peanut butter ,b18ea9950d494d375d0c180c19fd090da6228f69d114cdf9665f8628abd7a871,imagereward:images/test/test_2/531fca9a-19dd-4e5d-8e15-f9a6ece8b56a.webp,imagereward:images/test/test_2/f5a05163-1f57-42f6-bcad-bff4faa36d5c.webp,0.23795989155769348,0.3139781355857849,-0.07601824402809143,gallery_images/0b806a27ddcd7cc557d84d91.jpg,gallery_images/f74ecdbbfe537a0081bff656.jpg,"{""model_id"": null, ""negative_prompt"": null, ""gs"": null, ""steps"": null, ""scheduler_cls"": null, ""classification"": ""Food""}","{""model_id"": null, ""negative_prompt"": null, ""gs"": null, ""steps"": null, ""scheduler_cls"": null, ""classification"": ""Food""}",unverified,,,
6317,bowl-shaped,-1,supportive,imagereward:test:007189-0066,muscular man wearing a leather harness and hat ,a1b9da2e14b14711efc944053b56997170d1fc428129b3ef672b1516854f3a4a,imagereward:images/test/test_1/425f1e31-c818-42d5-8a4a-c7bf861f8b86.webp,imagereward:images/test/test_1/b202c160-fa72-41c9-b9c6-7bb56b7a9e64.webp,0.1802019476890564,0.2473364919424057,-0.0671345442533493,gallery_images/0d4087b9c23beebde460d9de.jpg,gallery_images/0369669bc3778eb7db991d3e.jpg,"{""model_id"": null, ""negative_prompt"": null, ""gs"": null, ""steps"": null, ""scheduler_cls"": null, ""classification"": ""People""}","{""model_id"": null, ""negative_prompt"": null, ""gs"": null, ""steps"": null, ""scheduler_cls"": null, ""classification"": ""People""}",unverified,,,
6317,bowl-shaped,-1,counterexample,imagereward:test:010856-0009,funny peanut butter ,b18ea9950d494d375d0c180c19fd090da6228f69d114cdf9665f8628abd7a871,imagereward:images/test/test_2/2ffb0136-0b1d-4f69-91a6-6c9db9cf1fc5.webp,imagereward:images/test/test_2/de0d0967-da8b-4313-aabc-8586351f274e.webp,0.31273335218429565,0.2415076643228531,0.07122568786144257,gallery_images/275ee57f8278bac8d593f026.jpg,gallery_images/dab53c0cd368a25298f6d76d.jpg,"{""model_id"": null, ""negative_prompt"": null, ""gs"": null, ""steps"": null, ""scheduler_cls"": null, ""classification"": ""Food""}","{""model_id"": null, ""negative_prompt"": null, ""gs"": null, ""steps"": null, ""scheduler_cls"": null, ""classification"": ""Food""}",unverified,,,
6317,bowl-shaped,-1,counterexample,imagereward:test:007753-0023,"cute little dragon, gnome, elf, mage playing dnd at night in a medieval bar, fantasy, concept art, highly detailed, octane, unreal engine, anime, by laurel d austin, ghibly, disney, pixar, dreamworks ",77cb27c971e724eb8140a8c0cf5b6359435ee02a1ea4919b5eb41d3a8f646518,imagereward:images/test/test_1/e00c1d73-d02d-431f-b317-14ed49f94d99.webp,imagereward:images/test/test_1/463f4d45-a808-47a6-a11e-365e25bec01a.webp,0.28456056118011475,0.2153530865907669,0.06920747458934784,gallery_images/bf64f256be978b78a93eeb63.jpg,gallery_images/01b91a25b3928cf352748984.jpg,"{""model_id"": null, ""negative_prompt"": null, ""gs"": null, ""steps"": null, ""scheduler_cls"": null, ""classification"": ""Indoor Scenes""}","{""model_id"": null, ""negative_prompt"": null, ""gs"": null, ""steps"": null, ""scheduler_cls"": null, ""classification"": ""Indoor Scenes""}",unverified,,,
6317,bowl-shaped,-1,random_audit,imagereward:test:007713-0046,Boris Johnson and Eminen on a stage having an epic rap battle together,b0d04d7cbc27aada61a2a2c88184bd2d92ab094fb3d6dff2db24cef0f2bfee54,imagereward:images/test/test_1/234f6195-5526-4d08-80a0-166943089bb9.webp,imagereward:images/test/test_1/9dc88b05-f911-4a4d-abdb-e0bd03c4d01b.webp,0.1819876730442047,0.18910354375839233,-0.007115870714187622,gallery_images/30e47bf7fcbfd5aa97ac686b.jpg,gallery_images/052da60eedfc881426be243b.jpg,"{""model_id"": null, ""negative_prompt"": null, ""gs"": null, ""steps"": null, ""scheduler_cls"": null, ""classification"": ""People""}","{""model_id"": null, ""negative_prompt"": null, ""gs"": null, ""steps"": null, ""scheduler_cls"": null, ""classification"": ""People""}",unverified,,,
6317,bowl-shaped,-1,random_audit,imagereward:test:007108-0023,"Drama King, photorealistic portrait, 8K, Cinematic lights",ef2867fcf92c49c0e0df371e211de33e9cb3a855515d164fb388da6adfa9674f,imagereward:images/test/test_1/d8094a3b-ed0f-4eb7-9b92-7c3b07f84cb7.webp,imagereward:images/test/test_1/ac661be8-4c31-48cf-a99f-32633b6c4504.webp,0.18081392347812653,0.20482930541038513,-0.024015381932258606,gallery_images/d84aa0defe0700805d729886.jpg,gallery_images/51104f6c5db156805e1e2dd9.jpg,"{""model_id"": null, ""negative_prompt"": null, ""gs"": null, ""steps"": null, ""scheduler_cls"": null, ""classification"": ""People""}","{""model_id"": null, ""negative_prompt"": null, ""gs"": null, ""steps"": null, ""scheduler_cls"": null, ""classification"": ""People""}",unverified,,,
21204,hail,-1,supportive,imagereward:test:007108-0023,"Drama King, photorealistic portrait, 8K, Cinematic lights",ef2867fcf92c49c0e0df371e211de33e9cb3a855515d164fb388da6adfa9674f,imagereward:images/test/test_1/25f0aa4b-a463-45c7-9274-48717f86165f.webp,imagereward:images/test/test_1/d8094a3b-ed0f-4eb7-9b92-7c3b07f84cb7.webp,0.20024633407592773,0.2862875759601593,-0.08604124188423157,gallery_images/e2c9723cc50be1650761e2d5.jpg,gallery_images/d84aa0defe0700805d729886.jpg,"{""model_id"": null, ""negative_prompt"": null, ""gs"": null, ""steps"": null, ""scheduler_cls"": null, ""classification"": ""People""}","{""model_id"": null, ""negative_prompt"": null, ""gs"": null, ""steps"": null, ""scheduler_cls"": null, ""classification"": ""People""}",unverified,,,
21204,hail,-1,supportive,imagereward:test:010856-0009,funny peanut butter ,b18ea9950d494d375d0c180c19fd090da6228f69d114cdf9665f8628abd7a871,imagereward:images/test/test_2/de0d0967-da8b-4313-aabc-8586351f274e.webp,imagereward:images/test/test_2/f5a05163-1f57-42f6-bcad-bff4faa36d5c.webp,0.19208143651485443,0.2686384916305542,-0.07655705511569977,gallery_images/dab53c0cd368a25298f6d76d.jpg,gallery_images/f74ecdbbfe537a0081bff656.jpg,"{""model_id"": null, ""negative_prompt"": null, ""gs"": null, ""steps"": null, ""scheduler_cls"": null, ""classification"": ""Food""}","{""model_id"": null, ""negative_prompt"": null, ""gs"": null, ""steps"": null, ""scheduler_cls"": null, ""classification"": ""Food""}",unverified,,,
21204,hail,-1,counterexample,imagereward:test:007108-0023,"Drama King, photorealistic portrait, 8K, Cinematic lights",ef2867fcf92c49c0e0df371e211de33e9cb3a855515d164fb388da6adfa9674f,imagereward:images/test/test_1/d8094a3b-ed0f-4eb7-9b92-7c3b07f84cb7.webp,imagereward:images/test/test_1/ac661be8-4c31-48cf-a99f-32633b6c4504.webp,0.2862875759601593,0.18010304868221283,0.10618452727794647,gallery_images/d84aa0defe0700805d729886.jpg,gallery_images/51104f6c5db156805e1e2dd9.jpg,"{""model_id"": null, ""negative_prompt"": null, ""gs"": null, ""steps"": null, ""scheduler_cls"": null, ""classification"": ""People""}","{""model_id"": null, ""negative_prompt"": null, ""gs"": null, ""steps"": null, ""scheduler_cls"": null, ""classification"": ""People""}",unverified,,,
21204,hail,-1,counterexample,imagereward:test:007019-0095,"astronaut drifting afloat in space, in the darkness away from anyone else, alone, digital render, detailed illustration, black background dotted with stars, concept art, realistic, 8 k ",1cc69dd90585fe53b316368e8bec20b67a8c2abe627e4c2c13fb492b5775f876,imagereward:images/test/test_1/2d047220-c2f9-4dcc-b4c4-96496276f3fd.webp,imagereward:images/test/test_1/815c3aac-9c80-4913-b562-097b4e62c099.webp,0.2977049946784973,0.23620659112930298,0.061498403549194336,gallery_images/033d5b9651fcf749d627459e.jpg,gallery_images/d38c6c1ddf1a0dca80bf7634.jpg,"{""model_id"": null, ""negative_prompt"": null, ""gs"": null, ""steps"": null, ""scheduler_cls"": null, ""classification"": ""People""}","{""model_id"": null, ""negative_prompt"": null, ""gs"": null, ""steps"": null, ""scheduler_cls"": null, ""classification"": ""People""}",unverified,,,
21204,hail,-1,random_audit,imagereward:test:010921-0064,"a bright fantasy city built between cliffs, sleek glass buildings, elegant bridges between stalactites, illustration, raining, dark and moody lighting, at night, digital art, oil painting, cold blue tones, fantasy, 8 k, trending on artstation, detailed ",665c1a33f8f1af344f90fa208a200d26840e5d698cb7054b07fa9ce4364938a1,imagereward:images/test/test_2/f0c4de4f-0e70-44e5-a872-8e0a11e94df3.webp,imagereward:images/test/test_2/481c5c41-fe90-44a6-a4d6-d48706d6f7f7.webp,0.2608814239501953,0.26561516523361206,-0.004733741283416748,gallery_images/4f189977b012407e5e64abad.jpg,gallery_images/1bae0b95af7ad69b5daffdf8.jpg,"{""model_id"": null, ""negative_prompt"": null, ""gs"": null, ""steps"": null, ""scheduler_cls"": null, ""classification"": ""Outdoor Scenes""}","{""model_id"": null, ""negative_prompt"": null, ""gs"": null, ""steps"": null, ""scheduler_cls"": null, ""classification"": ""Outdoor Scenes""}",unverified,,,
21204,hail,-1,random_audit,imagereward:test:009006-0102,"Horrifying creature, haunted, horror",6ee1b52c63caf60d8db23751287681018dfce76c98cca49820b5a1a91db4b14a,imagereward:images/test/test_1/7e16e446-e95e-4027-961b-8a39b1c3062b.webp,imagereward:images/test/test_1/a441e52c-b155-4e46-b4c6-3b77a0939bd1.webp,0.24471759796142578,0.2493700087070465,-0.0046524107456207275,gallery_images/328ebdde62d8881017f094fa.jpg,gallery_images/edd040bc9bcc657e3145f21b.jpg,"{""model_id"": null, ""negative_prompt"": null, ""gs"": null, ""steps"": null, ""scheduler_cls"": null, ""classification"": ""Arts""}","{""model_id"": null, ""negative_prompt"": null, ""gs"": null, ""steps"": null, ""scheduler_cls"": null, ""classification"": ""Arts""}",unverified,,,
7361,canister,-1,supportive,imagereward:test:008615-0007,"a group of artists creating a masterpiece, glorious, in the style of artgerm and charlie bowater and atey ghailan and mike mignola, epic lighting, vibrant colors and hard shadows and strong rim light, very coherent, comic cover art, plain background, trending on artstation ",133343abee5ab23e2f72742014e087d34fcc6ed1ed4cac5948a1e45fca0b2a3c,imagereward:images/test/test_1/a9933af1-1d8b-4298-bdf3-00bea8548222.webp,imagereward:images/test/test_1/41af2cb8-3028-422a-afdb-c4bb2edb14c4.webp,0.2240290343761444,0.32684648036956787,-0.10281744599342346,gallery_images/501f053ee9b680d94916607c.jpg,gallery_images/28ef7fd9656742307c6a2316.jpg,"{""model_id"": null, ""negative_prompt"": null, ""gs"": null, ""steps"": null, ""scheduler_cls"": null, ""classification"": ""Arts""}","{""model_id"": null, ""negative_prompt"": null, ""gs"": null, ""steps"": null, ""scheduler_cls"": null, ""classification"": ""Arts""}",unverified,,,
7361,canister,-1,supportive,imagereward:test:008289-0059,"film still of the geisha robot from ghost in the shell, cinematic lighting, 3 5 mm, high resolution ",3bd7d4dddc3e23f3607fda60a8645e56af48b86a319f4d55650264f6bab14574,imagereward:images/test/test_1/d5a97b27-8f4d-444b-ac87-b756a3fd4bae.webp,imagereward:images/test/test_1/128c175b-0862-454d-acbc-cb28100a1333.webp,0.21730142831802368,0.3024479150772095,-0.08514648675918579,gallery_images/e1c8d204d61512a98cab0302.jpg,gallery_images/9e6842572849591a2cbefa85.jpg,"{""model_id"": null, ""negative_prompt"": null, ""gs"": null, ""steps"": null, ""scheduler_cls"": null, ""classification"": ""Artifacts""}","{""model_id"": null, ""negative_prompt"": null, ""gs"": null, ""steps"": null, ""scheduler_cls"": null, ""classification"": ""Artifacts""}",unverified,,,
7361,canister,-1,counterexample,imagereward:test:010918-0030,the pope in saving private james ryan ,9ed63beff86d5e18e4048901428ee78733de38893029c7c73093da1301c7baa5,imagereward:images/test/test_2/1c616cfb-226a-486f-a7ed-eb04c1993aee.webp,imagereward:images/test/test_2/ff8434c9-b9e4-4790-a0da-03432243248f.webp,0.30210041999816895,0.20046623051166534,0.1016341894865036,gallery_images/91703f6cd59dc630e0de6593.jpg,gallery_images/80584244fc3a95522f52b732.jpg,"{""model_id"": null, ""negative_prompt"": null, ""gs"": null, ""steps"": null, ""scheduler_cls"": null, ""classification"": ""People""}","{""model_id"": null, ""negative_prompt"": null, ""gs"": null, ""steps"": null, ""scheduler_cls"": null, ""classification"": ""People""}",unverified,,,
7361,canister,-1,counterexample,imagereward:test:010856-0009,funny peanut butter ,b18ea9950d494d375d0c180c19fd090da6228f69d114cdf9665f8628abd7a871,imagereward:images/test/test_2/531fca9a-19dd-4e5d-8e15-f9a6ece8b56a.webp,imagereward:images/test/test_2/8b7d05e4-9a3b-4c73-b087-104251033467.webp,0.3365892767906189,0.2590288519859314,0.0775604248046875,gallery_images/0b806a27ddcd7cc557d84d91.jpg,gallery_images/3dc52bcc5f9d782b00729f67.jpg,"{""model_id"": null, ""negative_prompt"": null, ""gs"": null, ""steps"": null, ""scheduler_cls"": null, ""classification"": ""Food""}","{""model_id"": null, ""negative_prompt"": null, ""gs"": null, ""steps"": null, ""scheduler_cls"": null, ""classification"": ""Food""}",unverified,,,
7361,canister,-1,random_audit,imagereward:test:001260-0073,"realistic photography of a man 3 5 years old with a bit of bear, short hair, few wrinkles around eyes, sexy, cinematographic, cinematic light, close up view, intense, colorize, 8 0 mm lens ",bd5a08c78f7713700e45a208189c5ba33df3fc51dd6425fbac0f13cff8386f73,imagereward:images/test/test_2/85ae560c-08eb-4023-9b30-cb745fec3011.webp,imagereward:images/test/test_2/dc0ba70d-4437-4e22-a9ab-61de73e21bf3.webp,0.2297772765159607,0.2290339469909668,0.0007433295249938965,gallery_images/fade65e9128358fe15675cdf.jpg,gallery_images/6cdb518e3173b5c1bf35cb61.jpg,"{""model_id"": null, ""negative_prompt"": null, ""gs"": null, ""steps"": null, ""scheduler_cls"": null, ""classification"": ""People""}","{""model_id"": null, ""negative_prompt"": null, ""gs"": null, ""steps"": null, ""scheduler_cls"": null, ""classification"": ""People""}",unverified,,,
7361,canister,-1,random_audit,imagereward:test:007108-0023,"Drama King, photorealistic portrait, 8K, Cinematic lights",ef2867fcf92c49c0e0df371e211de33e9cb3a855515d164fb388da6adfa9674f,imagereward:images/test/test_1/25f0aa4b-a463-45c7-9274-48717f86165f.webp,imagereward:images/test/test_1/d8094a3b-ed0f-4eb7-9b92-7c3b07f84cb7.webp,0.22689414024353027,0.22596755623817444,0.000926584005355835,gallery_images/e2c9723cc50be1650761e2d5.jpg,gallery_images/d84aa0defe0700805d729886.jpg,"{""model_id"": null, ""negative_prompt"": null, ""gs"": null, ""steps"": null, ""scheduler_cls"": null, ""classification"": ""People""}","{""model_id"": null, ""negative_prompt"": null, ""gs"": null, ""steps"": null, ""scheduler_cls"": null, ""classification"": ""People""}",unverified,,,
52693,weed,-1,supportive,imagereward:test:007019-0095,"astronaut drifting afloat in space, in the darkness away from anyone else, alone, digital render, detailed illustration, black background dotted with stars, concept art, realistic, 8 k ",1cc69dd90585fe53b316368e8bec20b67a8c2abe627e4c2c13fb492b5775f876,imagereward:images/test/test_1/866fa2de-dab0-4f9d-bbbf-f6572dadb2f2.webp,imagereward:images/test/test_1/3ba95678-d137-441d-ae6f-ece52724b225.webp,0.18861159682273865,0.2975645959377289,-0.10895299911499023,gallery_images/b9b07a436bb436e9b5cc5949.jpg,gallery_images/737a60fda323d2714b04f70a.jpg,"{""model_id"": null, ""negative_prompt"": null, ""gs"": null, ""steps"": null, ""scheduler_cls"": null, ""classification"": ""People""}","{""model_id"": null, ""negative_prompt"": null, ""gs"": null, ""steps"": null, ""scheduler_cls"": null, ""classification"": ""People""}",unverified,,,
52693,weed,-1,supportive,imagereward:test:010918-0030,the pope in saving private james ryan ,9ed63beff86d5e18e4048901428ee78733de38893029c7c73093da1301c7baa5,imagereward:images/test/test_2/cbc83c67-d5cb-4872-95c7-f46ca0cdcd6c.webp,imagereward:images/test/test_2/1c616cfb-226a-486f-a7ed-eb04c1993aee.webp,0.20756550133228302,0.28246569633483887,-0.07490019500255585,gallery_images/d664aa5be8f6b3d7166b32c7.jpg,gallery_images/91703f6cd59dc630e0de6593.jpg,"{""model_id"": null, ""negative_prompt"": null, ""gs"": null, ""steps"": null, ""scheduler_cls"": null, ""classification"": ""People""}","{""model_id"": null, ""negative_prompt"": null, ""gs"": null, ""steps"": null, ""scheduler_cls"": null, ""classification"": ""People""}",unverified,,,
52693,weed,-1,counterexample,imagereward:test:007019-0095,"astronaut drifting afloat in space, in the darkness away from anyone else, alone, digital render, detailed illustration, black background dotted with stars, concept art, realistic, 8 k ",1cc69dd90585fe53b316368e8bec20b67a8c2abe627e4c2c13fb492b5775f876,imagereward:images/test/test_1/3ba95678-d137-441d-ae6f-ece52724b225.webp,imagereward:images/test/test_1/6e5e7414-718a-4392-b52c-2d932c488087.webp,0.2975645959377289,0.2139403522014618,0.08362424373626709,gallery_images/737a60fda323d2714b04f70a.jpg,gallery_images/135e55bf511209cf3e0b0055.jpg,"{""model_id"": null, ""negative_prompt"": null, ""gs"": null, ""steps"": null, ""scheduler_cls"": null, ""classification"": ""People""}","{""model_id"": null, ""negative_prompt"": null, ""gs"": null, ""steps"": null, ""scheduler_cls"": null, ""classification"": ""People""}",unverified,,,
52693,weed,-1,counterexample,imagereward:test:007108-0023,"Drama King, photorealistic portrait, 8K, Cinematic lights",ef2867fcf92c49c0e0df371e211de33e9cb3a855515d164fb388da6adfa9674f,imagereward:images/test/test_1/3e97895b-7762-45e8-a3bf-92005ee0b141.webp,imagereward:images/test/test_1/ac661be8-4c31-48cf-a99f-32633b6c4504.webp,0.25569307804107666,0.17471221089363098,0.08098086714744568,gallery_images/0471eae41f0edbb0d4ee6ca4.jpg,gallery_images/51104f6c5db156805e1e2dd9.jpg,"{""model_id"": null, ""negative_prompt"": null, ""gs"": null, ""steps"": null, ""scheduler_cls"": null, ""classification"": ""People""}","{""model_id"": null, ""negative_prompt"": null, ""gs"": null, ""steps"": null, ""scheduler_cls"": null, ""classification"": ""People""}",unverified,,,
52693,weed,-1,random_audit,imagereward:test:007108-0023,"Drama King, photorealistic portrait, 8K, Cinematic lights",ef2867fcf92c49c0e0df371e211de33e9cb3a855515d164fb388da6adfa9674f,imagereward:images/test/test_1/25f0aa4b-a463-45c7-9274-48717f86165f.webp,imagereward:images/test/test_1/ac661be8-4c31-48cf-a99f-32633b6c4504.webp,0.2237168848514557,0.17471221089363098,0.04900467395782471,gallery_images/e2c9723cc50be1650761e2d5.jpg,gallery_images/51104f6c5db156805e1e2dd9.jpg,"{""model_id"": null, ""negative_prompt"": null, ""gs"": null, ""steps"": null, ""scheduler_cls"": null, ""classification"": ""People""}","{""model_id"": null, ""negative_prompt"": null, ""gs"": null, ""steps"": null, ""scheduler_cls"": null, ""classification"": ""People""}",unverified,,,
52693,weed,-1,random_audit,imagereward:test:010921-0064,"a bright fantasy city built between cliffs, sleek glass buildings, elegant bridges between stalactites, illustration, raining, dark and moody lighting, at night, digital art, oil painting, cold blue tones, fantasy, 8 k, trending on artstation, detailed ",665c1a33f8f1af344f90fa208a200d26840e5d698cb7054b07fa9ce4364938a1,imagereward:images/test/test_2/2a99d448-fa70-4bf2-bfd0-a6c30191a849.webp,imagereward:images/test/test_2/526a66a5-f58c-49d7-a36e-4ab2f85631aa.webp,0.1800418496131897,0.21644452214241028,-0.03640267252922058,gallery_images/ffa92187f93bb9140d50d08b.jpg,gallery_images/f0007ac692902def48712601.jpg,"{""model_id"": null, ""negative_prompt"": null, ""gs"": null, ""steps"": null, ""scheduler_cls"": null, ""classification"": ""Outdoor Scenes""}","{""model_id"": null, ""negative_prompt"": null, ""gs"": null, ""steps"": null, ""scheduler_cls"": null, ""classification"": ""Outdoor Scenes""}",unverified,,,
11321,crock,-1,supportive,imagereward:test:008275-0162,"bioluminescent crystal ball abstract sculpture, neon, fluorescent, magenta hyper detailed, red & purple beauteous biomechanical organic lightpainting, 8 k scenery, perfect lighting balance, ",c5c9324fe686aa7c94a4e209e8c979b72d69085c2a3c33f77c567493db471506,imagereward:images/test/test_1/c91662d9-87c6-428f-bf86-ab84a67e1b8a.webp,imagereward:images/test/test_1/35333673-8d72-4303-8a03-93ad2f8aff18.webp,0.15093177556991577,0.2006288766860962,-0.04969710111618042,gallery_images/e1c75092bf2f460e548cb372.jpg,gallery_images/89181cc55f988a356169869b.jpg,"{""model_id"": null, ""negative_prompt"": null, ""gs"": null, ""steps"": null, ""scheduler_cls"": null, ""classification"": ""Arts""}","{""model_id"": null, ""negative_prompt"": null, ""gs"": null, ""steps"": null, ""scheduler_cls"": null, ""classification"": ""Arts""}",unverified,,,
11321,crock,-1,supportive,imagereward:test:007108-0023,"Drama King, photorealistic portrait, 8K, Cinematic lights",ef2867fcf92c49c0e0df371e211de33e9cb3a855515d164fb388da6adfa9674f,imagereward:images/test/test_1/2fdb6c81-e1bd-460c-84e2-2bf3b295a40d.webp,imagereward:images/test/test_1/25f0aa4b-a463-45c7-9274-48717f86165f.webp,0.19390085339546204,0.24021831154823303,-0.046317458152770996,gallery_images/af77012debe518c25169cf76.jpg,gallery_images/e2c9723cc50be1650761e2d5.jpg,"{""model_id"": null, ""negative_prompt"": null, ""gs"": null, ""steps"": null, ""scheduler_cls"": null, ""classification"": ""People""}","{""model_id"": null, ""negative_prompt"": null, ""gs"": null, ""steps"": null, ""scheduler_cls"": null, ""classification"": ""People""}",unverified,,,
11321,crock,-1,counterexample,imagereward:test:010856-0009,funny peanut butter ,b18ea9950d494d375d0c180c19fd090da6228f69d114cdf9665f8628abd7a871,imagereward:images/test/test_2/2ffb0136-0b1d-4f69-91a6-6c9db9cf1fc5.webp,imagereward:images/test/test_2/de0d0967-da8b-4313-aabc-8586351f274e.webp,0.2825320363044739,0.22926658391952515,0.05326545238494873,gallery_images/275ee57f8278bac8d593f026.jpg,gallery_images/dab53c0cd368a25298f6d76d.jpg,"{""model_id"": null, ""negative_prompt"": null, ""gs"": null, ""steps"": null, ""scheduler_cls"": null, ""classification"": ""Food""}","{""model_id"": null, ""negative_prompt"": null, ""gs"": null, ""steps"": null, ""scheduler_cls"": null, ""classification"": ""Food""}",unverified,,,
11321,crock,-1,counterexample,imagereward:test:007108-0023,"Drama King, photorealistic portrait, 8K, Cinematic lights",ef2867fcf92c49c0e0df371e211de33e9cb3a855515d164fb388da6adfa9674f,imagereward:images/test/test_1/25f0aa4b-a463-45c7-9274-48717f86165f.webp,imagereward:images/test/test_1/f8a0eef2-3b05-4afe-bac3-1845cd7d2f4b.webp,0.24021831154823303,0.20282471179962158,0.03739359974861145,gallery_images/e2c9723cc50be1650761e2d5.jpg,gallery_images/60b877768d3a0603056d1bdc.jpg,"{""model_id"": null, ""negative_prompt"": null, ""gs"": null, ""steps"": null, ""scheduler_cls"": null, ""classification"": ""People""}","{""model_id"": null, ""negative_prompt"": null, ""gs"": null, ""steps"": null, ""scheduler_cls"": null, ""classification"": ""People""}",unverified,,,
11321,crock,-1,random_audit,imagereward:test:010918-0030,the pope in saving private james ryan ,9ed63beff86d5e18e4048901428ee78733de38893029c7c73093da1301c7baa5,imagereward:images/test/test_2/80e1a909-135a-4157-9341-846f9d43e4f4.webp,imagereward:images/test/test_2/3967a17c-407b-4b0a-945b-33fa4de64faa.webp,0.18066102266311646,0.2026703655719757,-0.022009342908859253,gallery_images/cf64485ee41adcf41ca2a494.jpg,gallery_images/83472d02a58f9f0ef06a8458.jpg,"{""model_id"": null, ""negative_prompt"": null, ""gs"": null, ""steps"": null, ""scheduler_cls"": null, ""classification"": ""People""}","{""model_id"": null, ""negative_prompt"": null, ""gs"": null, ""steps"": null, ""scheduler_cls"": null, ""classification"": ""People""}",unverified,,,
11321,crock,-1,random_audit,imagereward:test:007019-0095,"astronaut drifting afloat in space, in the darkness away from anyone else, alone, digital render, detailed illustration, black background dotted with stars, concept art, realistic, 8 k ",1cc69dd90585fe53b316368e8bec20b67a8c2abe627e4c2c13fb492b5775f876,imagereward:images/test/test_1/2d047220-c2f9-4dcc-b4c4-96496276f3fd.webp,imagereward:images/test/test_1/815c3aac-9c80-4913-b562-097b4e62c099.webp,0.1879996657371521,0.1815757155418396,0.0064239501953125,gallery_images/033d5b9651fcf749d627459e.jpg,gallery_images/d38c6c1ddf1a0dca80bf7634.jpg,"{""model_id"": null, ""negative_prompt"": null, ""gs"": null, ""steps"": null, ""scheduler_cls"": null, ""classification"": ""People""}","{""model_id"": null, ""negative_prompt"": null, ""gs"": null, ""steps"": null, ""scheduler_cls"": null, ""classification"": ""People""}",unverified,,,
53798,yarmulke,-1,supportive,imagereward:test:008615-0007,"a group of artists creating a masterpiece, glorious, in the style of artgerm and charlie bowater and atey ghailan and mike mignola, epic lighting, vibrant colors and hard shadows and strong rim light, very coherent, comic cover art, plain background, trending on artstation ",133343abee5ab23e2f72742014e087d34fcc6ed1ed4cac5948a1e45fca0b2a3c,imagereward:images/test/test_1/a9933af1-1d8b-4298-bdf3-00bea8548222.webp,imagereward:images/test/test_1/34dd04f4-19d9-48ea-a7be-54421e3a2403.webp,0.22522598505020142,0.303516149520874,-0.07829016447067261,gallery_images/501f053ee9b680d94916607c.jpg,gallery_images/bf213c437f906a1140d2deb4.jpg,"{""model_id"": null, ""negative_prompt"": null, ""gs"": null, ""steps"": null, ""scheduler_cls"": null, ""classification"": ""Arts""}","{""model_id"": null, ""negative_prompt"": null, ""gs"": null, ""steps"": null, ""scheduler_cls"": null, ""classification"": ""Arts""}",unverified,,,
53798,yarmulke,-1,supportive,imagereward:test:010856-0009,funny peanut butter ,b18ea9950d494d375d0c180c19fd090da6228f69d114cdf9665f8628abd7a871,imagereward:images/test/test_2/de0d0967-da8b-4313-aabc-8586351f274e.webp,imagereward:images/test/test_2/f5a05163-1f57-42f6-bcad-bff4faa36d5c.webp,0.18477831780910492,0.2543971538543701,-0.0696188360452652,gallery_images/dab53c0cd368a25298f6d76d.jpg,gallery_images/f74ecdbbfe537a0081bff656.jpg,"{""model_id"": null, ""negative_prompt"": null, ""gs"": null, ""steps"": null, ""scheduler_cls"": null, ""classification"": ""Food""}","{""model_id"": null, ""negative_prompt"": null, ""gs"": null, ""steps"": null, ""scheduler_cls"": null, ""classification"": ""Food""}",unverified,,,
53798,yarmulke,-1,counterexample,imagereward:test:010918-0030,the pope in saving private james ryan ,9ed63beff86d5e18e4048901428ee78733de38893029c7c73093da1301c7baa5,imagereward:images/test/test_2/cbc83c67-d5cb-4872-95c7-f46ca0cdcd6c.webp,imagereward:images/test/test_2/24fb28c3-f778-4116-8ffb-f41230beb451.webp,0.3320648968219757,0.26691657304763794,0.06514832377433777,gallery_images/d664aa5be8f6b3d7166b32c7.jpg,gallery_images/df55fdf1e4ded79867ad1671.jpg,"{""model_id"": null, ""negative_prompt"": null, ""gs"": null, ""steps"": null, ""scheduler_cls"": null, ""classification"": ""People""}","{""model_id"": null, ""negative_prompt"": null, ""gs"": null, ""steps"": null, ""scheduler_cls"": null, ""classification"": ""People""}",unverified,,,
53798,yarmulke,-1,counterexample,imagereward:test:010856-0009,funny peanut butter ,b18ea9950d494d375d0c180c19fd090da6228f69d114cdf9665f8628abd7a871,imagereward:images/test/test_2/2ffb0136-0b1d-4f69-91a6-6c9db9cf1fc5.webp,imagereward:images/test/test_2/de0d0967-da8b-4313-aabc-8586351f274e.webp,0.24694564938545227,0.18477831780910492,0.06216733157634735,gallery_images/275ee57f8278bac8d593f026.jpg,gallery_images/dab53c0cd368a25298f6d76d.jpg,"{""model_id"": null, ""negative_prompt"": null, ""gs"": null, ""steps"": null, ""scheduler_cls"": null, ""classification"": ""Food""}","{""model_id"": null, ""negative_prompt"": null, ""gs"": null, ""steps"": null, ""scheduler_cls"": null, ""classification"": ""Food""}",unverified,,,
53798,yarmulke,-1,random_audit,imagereward:test:010921-0064,"a bright fantasy city built between cliffs, sleek glass buildings, elegant bridges between stalactites, illustration, raining, dark and moody lighting, at night, digital art, oil painting, cold blue tones, fantasy, 8 k, trending on artstation, detailed ",665c1a33f8f1af344f90fa208a200d26840e5d698cb7054b07fa9ce4364938a1,imagereward:images/test/test_2/8e9869da-ad15-4209-9f90-ea7151e54617.webp,imagereward:images/test/test_2/5bf2c29b-2bca-43d0-acae-95349b0fc3fb.webp,0.16281938552856445,0.17774264514446259,-0.014923259615898132,gallery_images/36721de70456c61d1b60f0e9.jpg,gallery_images/038b27ec77946b917cde1395.jpg,"{""model_id"": null, ""negative_prompt"": null, ""gs"": null, ""steps"": null, ""scheduler_cls"": null, ""classification"": ""Outdoor Scenes""}","{""model_id"": null, ""negative_prompt"": null, ""gs"": null, ""steps"": null, ""scheduler_cls"": null, ""classification"": ""Outdoor Scenes""}",unverified,,,
53798,yarmulke,-1,random_audit,imagereward:test:007108-0023,"Drama King, photorealistic portrait, 8K, Cinematic lights",ef2867fcf92c49c0e0df371e211de33e9cb3a855515d164fb388da6adfa9674f,imagereward:images/test/test_1/2fdb6c81-e1bd-460c-84e2-2bf3b295a40d.webp,imagereward:images/test/test_1/f8a0eef2-3b05-4afe-bac3-1845cd7d2f4b.webp,0.24616213142871857,0.2472219169139862,-0.0010597854852676392,gallery_images/af77012debe518c25169cf76.jpg,gallery_images/60b877768d3a0603056d1bdc.jpg,"{""model_id"": null, ""negative_prompt"": null, ""gs"": null, ""steps"": null, ""scheduler_cls"": null, ""classification"": ""People""}","{""model_id"": null, ""negative_prompt"": null, ""gs"": null, ""steps"": null, ""scheduler_cls"": null, ""classification"": ""People""}",unverified,,,
