concept_id,concept,direction,selection,event_id,prompt,prompt_group_id,preferred_image_id,rejected_image_id,preferred_score,rejected_score,difference,preferred_thumbnail,rejected_thumbnail,preferred_metadata,rejected_metadata,human_review_status,concept_present_preferred,concept_present_rejected,reviewer_notes
27327,lip,1,supportive,pickapic:1100,A dog,cd47b231fc5feac417cbb0170fb94efdbfdb3957a2cc2fe232f6a0f31c0ddd3c,pickapic:7446cb13-ca2a-460f-9206-978c801735c1,pickapic:b799f467-30ac-4c65-9379-aae4b688a99d,0.26818495988845825,0.18717685341835022,0.08100810647010803,gallery_images/da360de8d21f0a1f27ce9b78.jpg,gallery_images/7d5641c5c3c63eaa6cc5f691.jpg,"{""model_id"": ""yuvalkirstain/ProtoGen_X3.4_flax"", ""negative_prompt"": ""ugly, tiling, poorly drawn hands, poorly drawn feet, poorly drawn face, out of frame, mutation, mutated, extra limbs, extra legs, extra arms, disfigured, deformed, cross-eye, body out of frame, blurry, bad art, bad anatomy, blurred, text, watermark, grainy"", ""gs"": 6.6927667, ""steps"": 25, ""scheduler_cls"": ""FlaxDPMSolverMultistepScheduler"", ""classification"": null}","{""model_id"": ""stabilityai/stable-diffusion-2-1"", ""negative_prompt"": ""ugly, tiling, poorly drawn hands, poorly drawn feet, poorly drawn face, out of frame, mutation, mutated, extra limbs, extra legs, extra arms, disfigured, deformed, cross-eye, body out of frame, blurry, bad art, bad anatomy, blurred, text, watermark, grainy"", ""gs"": 7.7913384, ""steps"": 25, ""scheduler_cls"": ""FlaxDPMSolverMultistepScheduler"", ""classification"": null}",unverified,,,
27327,lip,1,supportive,pickapic:792,garden full of beautiful monsteras and anthuriums,371d72337dcd72e208c548a409079dac9565e5531b4ad3051c1bae48bc23328b,pickapic:ee008411-3884-4477-8cc2-6d9c4933061a,pickapic:673b6efb-8bae-47f9-b19b-ecfb34727d50,0.23163124918937683,0.16905276477336884,0.062578484416008,gallery_images/e329d95958871fed5c39c631.jpg,gallery_images/c9c1dd08fefb14d47c83b360.jpg,"{""model_id"": ""stabilityai/stable-diffusion-2-1"", ""negative_prompt"": ""ugly, tiling, poorly drawn hands, poorly drawn feet, poorly drawn face, out of frame, mutation, mutated, extra limbs, extra legs, extra arms, disfigured, deformed, cross-eye, body out of frame, blurry, bad art, bad anatomy, blurred, text, watermark, grainy"", ""gs"": 8.984902, ""steps"": 25, ""scheduler_cls"": ""FlaxDPMSolverMultistepScheduler"", ""classification"": null}","{""model_id"": ""stabilityai/stable-diffusion-2-1"", ""negative_prompt"": ""ugly, tiling, poorly drawn hands, poorly drawn feet, poorly drawn face, out of frame, mutation, mutated, extra limbs, extra legs, extra arms, disfigured, deformed, cross-eye, body out of frame, blurry, bad art, bad anatomy, blurred, text, watermark, grainy"", ""gs"": 8.984902, ""steps"": 25, ""scheduler_cls"": ""FlaxDPMSolverMultistepScheduler"", ""classification"": null}",unverified,,,
27327,lip,1,counterexample,pickapic:1665,Anime characters training to become Olympic rowers,71bb36abd4d8e78bdedacf7787724bbfb242a6cdef14d9153441ce74229e65f9,pickapic:9bff8ba0-44d0-4cea-8a0c-16a966b96370,pickapic:420e54ce-5b5c-48e6-9edb-7309e95c7436,0.21388381719589233,0.3049734830856323,-0.09108966588973999,gallery_images/63805ee6cb284f6efc12e9c6.jpg,gallery_images/d036df297543e63ca5d0b20e.jpg,"{""model_id"": ""yuvalkirstain/ProtoGen_X3.4_flax"", ""negative_prompt"": ""ugly, tiling, poorly drawn hands, poorly drawn feet, poorly drawn face, out of frame, mutation, mutated, extra limbs, extra legs, extra arms, disfigured, deformed, cross-eye, body out of frame, blurry, bad art, bad anatomy, blurred, text, watermark, grainy"", ""gs"": 6.476715, ""steps"": 25, ""scheduler_cls"": ""FlaxDPMSolverMultistepScheduler"", ""classification"": null}","{""model_id"": ""yuvalkirstain/ProtoGen_X3.4_flax"", ""negative_prompt"": ""ugly, tiling, poorly drawn hands, poorly drawn feet, poorly drawn face, out of frame, mutation, mutated, extra limbs, extra legs, extra arms, disfigured, deformed, cross-eye, body out of frame, blurry, bad art, bad anatomy, blurred, text, watermark, grainy"", ""gs"": 6.476715, ""steps"": 25, ""scheduler_cls"": ""FlaxDPMSolverMultistepScheduler"", ""classification"": null}",unverified,,,
27327,lip,1,counterexample,pickapic:1568,Pancake Robot,07742870dfd8ed2e09e1b247091d4459c11461a9fff5c1545f08ab2e10b1f990,pickapic:a6cec737-bbf8-4b12-8305-faa804c0464f,pickapic:9c7c34a1-c2a0-4123-864f-9ce9896ff3fc,0.22736483812332153,0.30357298254966736,-0.07620814442634583,gallery_images/dcfad6587705eed470fe0666.jpg,gallery_images/c785d826a1ada9b42bf5bf44.jpg,"{""model_id"": ""yuvalkirstain/ProtoGen_X3.4_flax"", ""negative_prompt"": ""ugly, tiling, poorly drawn hands, poorly drawn feet, poorly drawn face, out of frame, mutation, mutated, extra limbs, extra legs, extra arms, disfigured, deformed, cross-eye, body out of frame, blurry, bad art, bad anatomy, blurred, text, watermark, grainy"", ""gs"": 8.484489, ""steps"": 25, ""scheduler_cls"": ""FlaxDPMSolverMultistepScheduler"", ""classification"": null}","{""model_id"": ""yuvalkirstain/ProtoGen_X3.4_flax"", ""negative_prompt"": ""ugly, tiling, poorly drawn hands, poorly drawn feet, poorly drawn face, out of frame, mutation, mutated, extra limbs, extra legs, extra arms, disfigured, deformed, cross-eye, body out of frame, blurry, bad art, bad anatomy, blurred, text, watermark, grainy"", ""gs"": 8.484489, ""steps"": 25, ""scheduler_cls"": ""FlaxDPMSolverMultistepScheduler"", ""classification"": null}",unverified,,,
27327,lip,1,random_audit,pickapic:363,a japanese girl working out in a dress,e34e72d9766a294a63019e293b382a9b69af314437a05bd7562f3995128f26e3,pickapic:85deafa4-886f-4fbf-9434-eef73ef70c8a,pickapic:b7f2672d-3f0a-4504-ba7e-bf22ca091d47,0.2786581814289093,0.2760310471057892,0.002627134323120117,gallery_images/e111bc5b56413227a18fc3b9.jpg,gallery_images/2a8eb760be4691b0f0e9b304.jpg,"{""model_id"": ""stabilityai/stable-diffusion-2-1"", ""negative_prompt"": ""ugly, tiling, poorly drawn hands, poorly drawn feet, poorly drawn face, out of frame, mutation, mutated, extra limbs, extra legs, extra arms, disfigured, deformed, cross-eye, body out of frame, blurry, bad art, bad anatomy, blurred, text, watermark, grainy"", ""gs"": 9.080837, ""steps"": 25, ""scheduler_cls"": ""FlaxDPMSolverMultistepScheduler"", ""classification"": null}","{""model_id"": ""stabilityai/stable-diffusion-2-1"", ""negative_prompt"": ""ugly, tiling, poorly drawn hands, poorly drawn feet, poorly drawn face, out of frame, mutation, mutated, extra limbs, extra legs, extra arms, disfigured, deformed, cross-eye, body out of frame, blurry, bad art, bad anatomy, blurred, text, watermark, grainy"", ""gs"": 9.080837, ""steps"": 25, ""scheduler_cls"": ""FlaxDPMSolverMultistepScheduler"", ""classification"": null}",unverified,,,
27327,lip,1,random_audit,pickapic:1763,"""Etched in the fading walls of ancient Pompeii, the graffiti stands as a testament to the vibrant life that once pulsed through the streets. Each stroke of the chisel tells a story, a message, a fleeting moment in time, forever captured in the stone. The art may be worn by the sands of time, yet its spirit endures, offering a glimpse into the past and a reminder that, even in the face of destruction, the human spirit can persevere.""",f183e63a9bbfbe627bd60b163f436c43c541d93c4e3e69f1986334b5aaa6b051,pickapic:e82bb3fb-c387-4228-91de-7d8cb3661fe2,pickapic:fc08a194-32af-418c-9da6-570c6ff8fb11,0.21563197672367096,0.22038191556930542,-0.0047499388456344604,gallery_images/cfb98847ba2c67896819038c.jpg,gallery_images/36c490af6136abe9587de496.jpg,"{""model_id"": ""yuvalkirstain/ProtoGen_X3.4_flax"", ""negative_prompt"": ""ugly, tiling, poorly drawn hands, poorly drawn feet, poorly drawn face, out of frame, mutation, mutated, extra limbs, extra legs, extra arms, disfigured, deformed, cross-eye, body out of frame, blurry, bad art, bad anatomy, blurred, text, watermark, grainy"", ""gs"": 7.1684217, ""steps"": 25, ""scheduler_cls"": ""FlaxDPMSolverMultistepScheduler"", ""classification"": null}","{""model_id"": ""yuvalkirstain/ProtoGen_X3.4_flax"", ""negative_prompt"": ""ugly, tiling, poorly drawn hands, poorly drawn feet, poorly drawn face, out of frame, mutation, mutated, extra limbs, extra legs, extra arms, disfigured, deformed, cross-eye, body out of frame, blurry, bad art, bad anatomy, blurred, text, watermark, grainy"", ""gs"": 7.1684217, ""steps"": 25, ""scheduler_cls"": ""FlaxDPMSolverMultistepScheduler"", ""classification"": null}",unverified,,,
27330,lip-syncing,1,supportive,pickapic:1100,A dog,cd47b231fc5feac417cbb0170fb94efdbfdb3957a2cc2fe232f6a0f31c0ddd3c,pickapic:7446cb13-ca2a-460f-9206-978c801735c1,pickapic:b799f467-30ac-4c65-9379-aae4b688a99d,0.2609812319278717,0.18029813468456268,0.08068309724330902,gallery_images/da360de8d21f0a1f27ce9b78.jpg,gallery_images/7d5641c5c3c63eaa6cc5f691.jpg,"{""model_id"": ""yuvalkirstain/ProtoGen_X3.4_flax"", ""negative_prompt"": ""ugly, tiling, poorly drawn hands, poorly drawn feet, poorly drawn face, out of frame, mutation, mutated, extra limbs, extra legs, extra arms, disfigured, deformed, cross-eye, body out of frame, blurry, bad art, bad anatomy, blurred, text, watermark, grainy"", ""gs"": 6.6927667, ""steps"": 25, ""scheduler_cls"": ""FlaxDPMSolverMultistepScheduler"", ""classification"": null}","{""model_id"": ""stabilityai/stable-diffusion-2-1"", ""negative_prompt"": ""ugly, tiling, poorly drawn hands, poorly drawn feet, poorly drawn face, out of frame, mutation, mutated, extra limbs, extra legs, extra arms, disfigured, deformed, cross-eye, body out of frame, blurry, bad art, bad anatomy, blurred, text, watermark, grainy"", ""gs"": 7.7913384, ""steps"": 25, ""scheduler_cls"": ""FlaxDPMSolverMultistepScheduler"", ""classification"": null}",unverified,,,
27330,lip-syncing,1,supportive,pickapic:560,Gay twink with a kangaroo saying hi ,56b70eba8fd2d1a668f09d7cdd703bd8059d6f9f0e1ffa99a6c126323ac5c764,pickapic:93ca271a-a559-45e8-a476-6928cb7a31c7,pickapic:450ce7f4-1664-4b96-993b-ec3ab4e047b8,0.29612675309181213,0.22869212925434113,0.06743462383747101,gallery_images/1863acbd63a515cd40902bbf.jpg,gallery_images/d5af74a83d1049236ce8786a.jpg,"{""model_id"": ""stabilityai/stable-diffusion-2-1"", ""negative_prompt"": ""ugly, tiling, poorly drawn hands, poorly drawn feet, poorly drawn face, out of frame, mutation, mutated, extra limbs, extra legs, extra arms, disfigured, deformed, cross-eye, body out of frame, blurry, bad art, bad anatomy, blurred, text, watermark, grainy"", ""gs"": 8.389208, ""steps"": 25, ""scheduler_cls"": ""FlaxDPMSolverMultistepScheduler"", ""classification"": null}","{""model_id"": ""stabilityai/stable-diffusion-2-1"", ""negative_prompt"": ""ugly, tiling, poorly drawn hands, poorly drawn feet, poorly drawn face, out of frame, mutation, mutated, extra limbs, extra legs, extra arms, disfigured, deformed, cross-eye, body out of frame, blurry, bad art, bad anatomy, blurred, text, watermark, grainy"", ""gs"": 8.389208, ""steps"": 25, ""scheduler_cls"": ""FlaxDPMSolverMultistepScheduler"", ""classification"": null}",unverified,,,
27330,lip-syncing,1,counterexample,pickapic:737,A lightbulb wearing sunglasses and playing the bagpipes,32f8e1bfa97e24ae46adc5983a5103d6ab823365985ed1e33d95d44b903ffbe3,pickapic:b0879576-e5fd-4abf-ba2b-773d94c91dc3,pickapic:58cf667e-7d59-4f5c-bbf3-f4746ce240cc,0.23449823260307312,0.32248032093048096,-0.08798208832740784,gallery_images/118ad7b92a332a2d8357b432.jpg,gallery_images/55b7bf5c3a9aa4ea55dfe190.jpg,"{""model_id"": ""yuvalkirstain/ProtoGen_X3.4_flax"", ""negative_prompt"": ""ugly, tiling, poorly drawn hands, poorly drawn feet, poorly drawn face, out of frame, mutation, mutated, extra limbs, extra legs, extra arms, disfigured, deformed, cross-eye, body out of frame, blurry, bad art, bad anatomy, blurred, text, watermark, grainy"", ""gs"": 6.9706764, ""steps"": 25, ""scheduler_cls"": ""FlaxDPMSolverMultistepScheduler"", ""classification"": null}","{""model_id"": ""yuvalkirstain/ProtoGen_X3.4_flax"", ""negative_prompt"": ""ugly, tiling, poorly drawn hands, poorly drawn feet, poorly drawn face, out of frame, mutation, mutated, extra limbs, extra legs, extra arms, disfigured, deformed, cross-eye, body out of frame, blurry, bad art, bad anatomy, blurred, text, watermark, grainy"", ""gs"": 6.9706764, ""steps"": 25, ""scheduler_cls"": ""FlaxDPMSolverMultistepScheduler"", ""classification"": null}",unverified,,,
27330,lip-syncing,1,counterexample,pickapic:1665,Anime characters training to become Olympic rowers,71bb36abd4d8e78bdedacf7787724bbfb242a6cdef14d9153441ce74229e65f9,pickapic:9bff8ba0-44d0-4cea-8a0c-16a966b96370,pickapic:420e54ce-5b5c-48e6-9edb-7309e95c7436,0.217811718583107,0.30201783776283264,-0.08420611917972565,gallery_images/63805ee6cb284f6efc12e9c6.jpg,gallery_images/d036df297543e63ca5d0b20e.jpg,"{""model_id"": ""yuvalkirstain/ProtoGen_X3.4_flax"", ""negative_prompt"": ""ugly, tiling, poorly drawn hands, poorly drawn feet, poorly drawn face, out of frame, mutation, mutated, extra limbs, extra legs, extra arms, disfigured, deformed, cross-eye, body out of frame, blurry, bad art, bad anatomy, blurred, text, watermark, grainy"", ""gs"": 6.476715, ""steps"": 25, ""scheduler_cls"": ""FlaxDPMSolverMultistepScheduler"", ""classification"": null}","{""model_id"": ""yuvalkirstain/ProtoGen_X3.4_flax"", ""negative_prompt"": ""ugly, tiling, poorly drawn hands, poorly drawn feet, poorly drawn face, out of frame, mutation, mutated, extra limbs, extra legs, extra arms, disfigured, deformed, cross-eye, body out of frame, blurry, bad art, bad anatomy, blurred, text, watermark, grainy"", ""gs"": 6.476715, ""steps"": 25, ""scheduler_cls"": ""FlaxDPMSolverMultistepScheduler"", ""classification"": null}",unverified,,,
27330,lip-syncing,1,random_audit,pickapic:740,Fecal object,be9322fa543e71119437167ed65d82e276ec168783303a2e47be8df48bd141af,pickapic:b3243919-2433-4278-aeb9-3885c33f3d0e,pickapic:71f81a3b-a08f-49c8-a9bb-239f54faa6d3,0.19930538535118103,0.23334325850009918,-0.03403787314891815,gallery_images/766ac07a73b4b47bef41610c.jpg,gallery_images/f4e0d479f5faba71ff8625bd.jpg,"{""model_id"": ""yuvalkirstain/ProtoGen_X3.4_flax"", ""negative_prompt"": ""ugly, tiling, poorly drawn hands, poorly drawn feet, poorly drawn face, out of frame, mutation, mutated, extra limbs, extra legs, extra arms, disfigured, deformed, cross-eye, body out of frame, blurry, bad art, bad anatomy, blurred, text, watermark, grainy"", ""gs"": 6.5434303, ""steps"": 25, ""scheduler_cls"": ""FlaxDPMSolverMultistepScheduler"", ""classification"": null}","{""model_id"": ""yuvalkirstain/ProtoGen_X3.4_flax"", ""negative_prompt"": ""ugly, tiling, poorly drawn hands, poorly drawn feet, poorly drawn face, out of frame, mutation, mutated, extra limbs, extra legs, extra arms, disfigured, deformed, cross-eye, body out of frame, blurry, bad art, bad anatomy, blurred, text, watermark, grainy"", ""gs"": 6.5434303, ""steps"": 25, ""scheduler_cls"": ""FlaxDPMSolverMultistepScheduler"", ""classification"": null}",unverified,,,
27330,lip-syncing,1,random_audit,pickapic:249,diorama of a futuristic house made from a nautilus shell,72cfc5f65f8fedb1cd07d951355a476e82f2d3c6d419845dacbde0d08a610ad9,pickapic:d27784b0-3df5-4689-825e-80a9b9592395,pickapic:94af8553-2aba-4ce5-9108-64015ef118b5,0.18639901280403137,0.19145700335502625,-0.005057990550994873,gallery_images/99c9d6925c9d387bf4eb2324.jpg,gallery_images/c583fd0e7491a41b2cf6e212.jpg,"{""model_id"": ""stabilityai/stable-diffusion-2-1"", ""negative_prompt"": ""ugly, tiling, poorly drawn hands, poorly drawn feet, poorly drawn face, out of frame, mutation, mutated, extra limbs, extra legs, extra arms, disfigured, deformed, cross-eye, body out of frame, blurry, bad art, bad anatomy, blurred, text, watermark, grainy"", ""gs"": 7.723139, ""steps"": 25, ""scheduler_cls"": ""FlaxDPMSolverMultistepScheduler"", ""classification"": null}","{""model_id"": ""stabilityai/stable-diffusion-2-1"", ""negative_prompt"": ""ugly, tiling, poorly drawn hands, poorly drawn feet, poorly drawn face, out of frame, mutation, mutated, extra limbs, extra legs, extra arms, disfigured, deformed, cross-eye, body out of frame, blurry, bad art, bad anatomy, blurred, text, watermark, grainy"", ""gs"": 7.723139, ""steps"": 25, ""scheduler_cls"": ""FlaxDPMSolverMultistepScheduler"", ""classification"": null}",unverified,,,
27328,lip-smacking,1,supportive,pickapic:469,A gorgeous busty blonde milf walking her dog.,9c1ece999575cc53b700fb6958da9af28d192d843fb381942beeb7c96770a435,pickapic:dc7e239d-2aa7-4407-aa5b-1992c41ac9bc,pickapic:b69f0190-89a8-4d12-9f06-e1c8ad0021b0,0.2746516466140747,0.21456561982631683,0.060086026787757874,gallery_images/53ddc33afa1e75490ccf6749.jpg,gallery_images/0154324e550a5a12a7d3ca5b.jpg,"{""model_id"": ""yuvalkirstain/ProtoGen_X3.4_flax"", ""negative_prompt"": ""ugly, tiling, poorly drawn hands, poorly drawn feet, poorly drawn face, out of frame, mutation, mutated, extra limbs, extra legs, extra arms, disfigured, deformed, cross-eye, body out of frame, blurry, bad art, bad anatomy, blurred, text, watermark, grainy"", ""gs"": 7.7054462, ""steps"": 25, ""scheduler_cls"": ""FlaxDPMSolverMultistepScheduler"", ""classification"": null}","{""model_id"": ""stabilityai/stable-diffusion-2-1"", ""negative_prompt"": ""ugly, tiling, poorly drawn hands, poorly drawn feet, poorly drawn face, out of frame, mutation, mutated, extra limbs, extra legs, extra arms, disfigured, deformed, cross-eye, body out of frame, blurry, bad art, bad anatomy, blurred, text, watermark, grainy"", ""gs"": 8.526438, ""steps"": 25, ""scheduler_cls"": ""FlaxDPMSolverMultistepScheduler"", ""classification"": null}",unverified,,,
27328,lip-smacking,1,supportive,pickapic:792,garden full of beautiful monsteras and anthuriums,371d72337dcd72e208c548a409079dac9565e5531b4ad3051c1bae48bc23328b,pickapic:ee008411-3884-4477-8cc2-6d9c4933061a,pickapic:673b6efb-8bae-47f9-b19b-ecfb34727d50,0.24031199514865875,0.18030230700969696,0.06000968813896179,gallery_images/e329d95958871fed5c39c631.jpg,gallery_images/c9c1dd08fefb14d47c83b360.jpg,"{""model_id"": ""stabilityai/stable-diffusion-2-1"", ""negative_prompt"": ""ugly, tiling, poorly drawn hands, poorly drawn feet, poorly drawn face, out of frame, mutation, mutated, extra limbs, extra legs, extra arms, disfigured, deformed, cross-eye, body out of frame, blurry, bad art, bad anatomy, blurred, text, watermark, grainy"", ""gs"": 8.984902, ""steps"": 25, ""scheduler_cls"": ""FlaxDPMSolverMultistepScheduler"", ""classification"": null}","{""model_id"": ""stabilityai/stable-diffusion-2-1"", ""negative_prompt"": ""ugly, tiling, poorly drawn hands, poorly drawn feet, poorly drawn face, out of frame, mutation, mutated, extra limbs, extra legs, extra arms, disfigured, deformed, cross-eye, body out of frame, blurry, bad art, bad anatomy, blurred, text, watermark, grainy"", ""gs"": 8.984902, ""steps"": 25, ""scheduler_cls"": ""FlaxDPMSolverMultistepScheduler"", ""classification"": null}",unverified,,,
27328,lip-smacking,1,counterexample,pickapic:1665,Anime characters training to become Olympic rowers,71bb36abd4d8e78bdedacf7787724bbfb242a6cdef14d9153441ce74229e65f9,pickapic:9bff8ba0-44d0-4cea-8a0c-16a966b96370,pickapic:420e54ce-5b5c-48e6-9edb-7309e95c7436,0.22189664840698242,0.3227207362651825,-0.10082408785820007,gallery_images/63805ee6cb284f6efc12e9c6.jpg,gallery_images/d036df297543e63ca5d0b20e.jpg,"{""model_id"": ""yuvalkirstain/ProtoGen_X3.4_flax"", ""negative_prompt"": ""ugly, tiling, poorly drawn hands, poorly drawn feet, poorly drawn face, out of frame, mutation, mutated, extra limbs, extra legs, extra arms, disfigured, deformed, cross-eye, body out of frame, blurry, bad art, bad anatomy, blurred, text, watermark, grainy"", ""gs"": 6.476715, ""steps"": 25, ""scheduler_cls"": ""FlaxDPMSolverMultistepScheduler"", ""classification"": null}","{""model_id"": ""yuvalkirstain/ProtoGen_X3.4_flax"", ""negative_prompt"": ""ugly, tiling, poorly drawn hands, poorly drawn feet, poorly drawn face, out of frame, mutation, mutated, extra limbs, extra legs, extra arms, disfigured, deformed, cross-eye, body out of frame, blurry, bad art, bad anatomy, blurred, text, watermark, grainy"", ""gs"": 6.476715, ""steps"": 25, ""scheduler_cls"": ""FlaxDPMSolverMultistepScheduler"", ""classification"": null}",unverified,,,
27328,lip-smacking,1,counterexample,pickapic:1740,A deer made of fire,d84535195e97308433d4eca8cdb5896852befe3b8cededcef00cb65517ac9721,pickapic:2810c3aa-6256-47c3-8a39-4702952e922c,pickapic:f5a012ad-ea2f-48fa-a655-3eceb56429c9,0.23187881708145142,0.3158884346485138,-0.08400961756706238,gallery_images/de7e3ca5cb16dd6a5fb6332d.jpg,gallery_images/83871a6c068b911c49eb9ddd.jpg,"{""model_id"": ""stabilityai/stable-diffusion-2-1"", ""negative_prompt"": ""ugly, tiling, poorly drawn hands, poorly drawn feet, poorly drawn face, out of frame, mutation, mutated, extra limbs, extra legs, extra arms, disfigured, deformed, cross-eye, body out of frame, blurry, bad art, bad anatomy, blurred, text, watermark, grainy"", ""gs"": 8.2960005, ""steps"": 25, ""scheduler_cls"": ""FlaxDPMSolverMultistepScheduler"", ""classification"": null}","{""model_id"": ""stabilityai/stable-diffusion-2-1"", ""negative_prompt"": ""ugly, tiling, poorly drawn hands, poorly drawn feet, poorly drawn face, out of frame, mutation, mutated, extra limbs, extra legs, extra arms, disfigured, deformed, cross-eye, body out of frame, blurry, bad art, bad anatomy, blurred, text, watermark, grainy"", ""gs"": 8.2960005, ""steps"": 25, ""scheduler_cls"": ""FlaxDPMSolverMultistepScheduler"", ""classification"": null}",unverified,,,
27328,lip-smacking,1,random_audit,pickapic:1569,Pancake Robot,07742870dfd8ed2e09e1b247091d4459c11461a9fff5c1545f08ab2e10b1f990,pickapic:a6cec737-bbf8-4b12-8305-faa804c0464f,pickapic:05ac33cc-8918-4cba-bf09-709f7a87ed79,0.22496908903121948,0.23255430161952972,-0.007585212588310242,gallery_images/dcfad6587705eed470fe0666.jpg,gallery_images/0334c736b88ab09487914b91.jpg,"{""model_id"": ""yuvalkirstain/ProtoGen_X3.4_flax"", ""negative_prompt"": ""ugly, tiling, poorly drawn hands, poorly drawn feet, poorly drawn face, out of frame, mutation, mutated, extra limbs, extra legs, extra arms, disfigured, deformed, cross-eye, body out of frame, blurry, bad art, bad anatomy, blurred, text, watermark, grainy"", ""gs"": 8.484489, ""steps"": 25, ""scheduler_cls"": ""FlaxDPMSolverMultistepScheduler"", ""classification"": null}","{""model_id"": ""stabilityai/stable-diffusion-2-1"", ""negative_prompt"": ""ugly, tiling, poorly drawn hands, poorly drawn feet, poorly drawn face, out of frame, mutation, mutated, extra limbs, extra legs, extra arms, disfigured, deformed, cross-eye, body out of frame, blurry, bad art, bad anatomy, blurred, text, watermark, grainy"", ""gs"": 8.903546, ""steps"": 25, ""scheduler_cls"": ""FlaxDPMSolverMultistepScheduler"", ""classification"": null}",unverified,,,
27328,lip-smacking,1,random_audit,pickapic:446,"decadent chocolate whipped cream strawberry jello unearthly dessert by artist ""Judson Huss"",by artist ""Yerka"",by artist  ""Daniela Uhlig""",50ee4f35e76e30b294b9c7b49b00f6d4f96f2c40d7976c31bf504a89e75c4391,pickapic:9e95a8a6-6c56-4114-afa0-ff088717f6b7,pickapic:c2ffcc77-7d54-42b4-a782-8861d84d3bc4,0.24253079295158386,0.2433873564004898,-0.0008565634489059448,gallery_images/79be4e65e99dd4c48a2ce667.jpg,gallery_images/45d51b9285bdd80b6f656dd0.jpg,"{""model_id"": ""yuvalkirstain/ProtoGen_X3.4_flax"", ""negative_prompt"": ""ugly, tiling, poorly drawn hands, poorly drawn feet, poorly drawn face, out of frame, mutation, mutated, extra limbs, extra legs, extra arms, disfigured, deformed, cross-eye, body out of frame, blurry, bad art, bad anatomy, blurred, text, watermark, grainy"", ""gs"": 8.20422, ""steps"": 25, ""scheduler_cls"": ""FlaxDPMSolverMultistepScheduler"", ""classification"": null}","{""model_id"": ""yuvalkirstain/ProtoGen_X3.4_flax"", ""negative_prompt"": ""ugly, tiling, poorly drawn hands, poorly drawn feet, poorly drawn face, out of frame, mutation, mutated, extra limbs, extra legs, extra arms, disfigured, deformed, cross-eye, body out of frame, blurry, bad art, bad anatomy, blurred, text, watermark, grainy"", ""gs"": 8.20422, ""steps"": 25, ""scheduler_cls"": ""FlaxDPMSolverMultistepScheduler"", ""classification"": null}",unverified,,,
32118,nose,1,supportive,pickapic:1100,A dog,cd47b231fc5feac417cbb0170fb94efdbfdb3957a2cc2fe232f6a0f31c0ddd3c,pickapic:7446cb13-ca2a-460f-9206-978c801735c1,pickapic:b799f467-30ac-4c65-9379-aae4b688a99d,0.3154444396495819,0.23465251922607422,0.08079192042350769,gallery_images/da360de8d21f0a1f27ce9b78.jpg,gallery_images/7d5641c5c3c63eaa6cc5f691.jpg,"{""model_id"": ""yuvalkirstain/ProtoGen_X3.4_flax"", ""negative_prompt"": ""ugly, tiling, poorly drawn hands, poorly drawn feet, poorly drawn face, out of frame, mutation, mutated, extra limbs, extra legs, extra arms, disfigured, deformed, cross-eye, body out of frame, blurry, bad art, bad anatomy, blurred, text, watermark, grainy"", ""gs"": 6.6927667, ""steps"": 25, ""scheduler_cls"": ""FlaxDPMSolverMultistepScheduler"", ""classification"": null}","{""model_id"": ""stabilityai/stable-diffusion-2-1"", ""negative_prompt"": ""ugly, tiling, poorly drawn hands, poorly drawn feet, poorly drawn face, out of frame, mutation, mutated, extra limbs, extra legs, extra arms, disfigured, deformed, cross-eye, body out of frame, blurry, bad art, bad anatomy, blurred, text, watermark, grainy"", ""gs"": 7.7913384, ""steps"": 25, ""scheduler_cls"": ""FlaxDPMSolverMultistepScheduler"", ""classification"": null}",unverified,,,
32118,nose,1,supportive,pickapic:469,A gorgeous busty blonde milf walking her dog.,9c1ece999575cc53b700fb6958da9af28d192d843fb381942beeb7c96770a435,pickapic:dc7e239d-2aa7-4407-aa5b-1992c41ac9bc,pickapic:8ffd0b4b-95ce-464e-8cf7-407f5d0c67be,0.2722793519496918,0.21906451880931854,0.05321483314037323,gallery_images/53ddc33afa1e75490ccf6749.jpg,gallery_images/cb1061c815aaca6d34251481.jpg,"{""model_id"": ""yuvalkirstain/ProtoGen_X3.4_flax"", ""negative_prompt"": ""ugly, tiling, poorly drawn hands, poorly drawn feet, poorly drawn face, out of frame, mutation, mutated, extra limbs, extra legs, extra arms, disfigured, deformed, cross-eye, body out of frame, blurry, bad art, bad anatomy, blurred, text, watermark, grainy"", ""gs"": 7.7054462, ""steps"": 25, ""scheduler_cls"": ""FlaxDPMSolverMultistepScheduler"", ""classification"": null}","{""model_id"": ""stabilityai/stable-diffusion-2-1"", ""negative_prompt"": ""ugly, tiling, poorly drawn hands, poorly drawn feet, poorly drawn face, out of frame, mutation, mutated, extra limbs, extra legs, extra arms, disfigured, deformed, cross-eye, body out of frame, blurry, bad art, bad anatomy, blurred, text, watermark, grainy"", ""gs"": 8.526438, ""steps"": 25, ""scheduler_cls"": ""FlaxDPMSolverMultistepScheduler"", ""classification"": null}",unverified,,,
32118,nose,1,counterexample,pickapic:1740,A deer made of fire,d84535195e97308433d4eca8cdb5896852befe3b8cededcef00cb65517ac9721,pickapic:2810c3aa-6256-47c3-8a39-4702952e922c,pickapic:f5a012ad-ea2f-48fa-a655-3eceb56429c9,0.22155390679836273,0.31953585147857666,-0.09798194468021393,gallery_images/de7e3ca5cb16dd6a5fb6332d.jpg,gallery_images/83871a6c068b911c49eb9ddd.jpg,"{""model_id"": ""stabilityai/stable-diffusion-2-1"", ""negative_prompt"": ""ugly, tiling, poorly drawn hands, poorly drawn feet, poorly drawn face, out of frame, mutation, mutated, extra limbs, extra legs, extra arms, disfigured, deformed, cross-eye, body out of frame, blurry, bad art, bad anatomy, blurred, text, watermark, grainy"", ""gs"": 8.2960005, ""steps"": 25, ""scheduler_cls"": ""FlaxDPMSolverMultistepScheduler"", ""classification"": null}","{""model_id"": ""stabilityai/stable-diffusion-2-1"", ""negative_prompt"": ""ugly, tiling, poorly drawn hands, poorly drawn feet, poorly drawn face, out of frame, mutation, mutated, extra limbs, extra legs, extra arms, disfigured, deformed, cross-eye, body out of frame, blurry, bad art, bad anatomy, blurred, text, watermark, grainy"", ""gs"": 8.2960005, ""steps"": 25, ""scheduler_cls"": ""FlaxDPMSolverMultistepScheduler"", ""classification"": null}",unverified,,,
32118,nose,1,counterexample,pickapic:756,Putin kissing Zelensky,c044b0a4851a87b339f7bab7e495ae997ea460abaef0d41ee2d5f938bce2f614,pickapic:06faf71b-1e8b-4acb-b011-68a44decf497,pickapic:2fd1d01c-68fb-44c3-b126-e9af55a3634b,0.2701679766178131,0.35762202739715576,-0.08745405077934265,gallery_images/172b20935784bdf2c70c106e.jpg,gallery_images/501633238e10ed9e4dc272d9.jpg,"{""model_id"": ""stabilityai/stable-diffusion-2-1"", ""negative_prompt"": ""ugly, tiling, poorly drawn hands, poorly drawn feet, poorly drawn face, out of frame, mutation, mutated, extra limbs, extra legs, extra arms, disfigured, deformed, cross-eye, body out of frame, blurry, bad art, bad anatomy, blurred, text, watermark, grainy"", ""gs"": 8.349569, ""steps"": 25, ""scheduler_cls"": ""FlaxDPMSolverMultistepScheduler"", ""classification"": null}","{""model_id"": ""stabilityai/stable-diffusion-2-1"", ""negative_prompt"": ""ugly, tiling, poorly drawn hands, poorly drawn feet, poorly drawn face, out of frame, mutation, mutated, extra limbs, extra legs, extra arms, disfigured, deformed, cross-eye, body out of frame, blurry, bad art, bad anatomy, blurred, text, watermark, grainy"", ""gs"": 8.349569, ""steps"": 25, ""scheduler_cls"": ""FlaxDPMSolverMultistepScheduler"", ""classification"": null}",unverified,,,
32118,nose,1,random_audit,pickapic:740,Fecal object,be9322fa543e71119437167ed65d82e276ec168783303a2e47be8df48bd141af,pickapic:b3243919-2433-4278-aeb9-3885c33f3d0e,pickapic:22512d0e-499d-4c54-9e97-f6393ea82a80,0.2410719245672226,0.24802803993225098,-0.006956115365028381,gallery_images/766ac07a73b4b47bef41610c.jpg,gallery_images/a186dbfabb5d75723a91cf07.jpg,"{""model_id"": ""yuvalkirstain/ProtoGen_X3.4_flax"", ""negative_prompt"": ""ugly, tiling, poorly drawn hands, poorly drawn feet, poorly drawn face, out of frame, mutation, mutated, extra limbs, extra legs, extra arms, disfigured, deformed, cross-eye, body out of frame, blurry, bad art, bad anatomy, blurred, text, watermark, grainy"", ""gs"": 6.5434303, ""steps"": 25, ""scheduler_cls"": ""FlaxDPMSolverMultistepScheduler"", ""classification"": null}","{""model_id"": ""yuvalkirstain/ProtoGen_X3.4_flax"", ""negative_prompt"": ""ugly, tiling, poorly drawn hands, poorly drawn feet, poorly drawn face, out of frame, mutation, mutated, extra limbs, extra legs, extra arms, disfigured, deformed, cross-eye, body out of frame, blurry, bad art, bad anatomy, blurred, text, watermark, grainy"", ""gs"": 6.5434303, ""steps"": 25, ""scheduler_cls"": ""FlaxDPMSolverMultistepScheduler"", ""classification"": null}",unverified,,,
32118,nose,1,random_audit,pickapic:467,A gorgeous busty blonde milf walking her dog.,9c1ece999575cc53b700fb6958da9af28d192d843fb381942beeb7c96770a435,pickapic:dc7e239d-2aa7-4407-aa5b-1992c41ac9bc,pickapic:4b6beb6a-bb99-4c6f-8b05-cdd25625508c,0.2722793519496918,0.27072641253471375,0.0015529394149780273,gallery_images/53ddc33afa1e75490ccf6749.jpg,gallery_images/f5db81f13b98f4dcef301908.jpg,"{""model_id"": ""yuvalkirstain/ProtoGen_X3.4_flax"", ""negative_prompt"": ""ugly, tiling, poorly drawn hands, poorly drawn feet, poorly drawn face, out of frame, mutation, mutated, extra limbs, extra legs, extra arms, disfigured, deformed, cross-eye, body out of frame, blurry, bad art, bad anatomy, blurred, text, watermark, grainy"", ""gs"": 7.7054462, ""steps"": 25, ""scheduler_cls"": ""FlaxDPMSolverMultistepScheduler"", ""classification"": null}","{""model_id"": ""yuvalkirstain/ProtoGen_X3.4_flax"", ""negative_prompt"": ""ugly, tiling, poorly drawn hands, poorly drawn feet, poorly drawn face, out of frame, mutation, mutated, extra limbs, extra legs, extra arms, disfigured, deformed, cross-eye, body out of frame, blurry, bad art, bad anatomy, blurred, text, watermark, grainy"", ""gs"": 7.7054462, ""steps"": 25, ""scheduler_cls"": ""FlaxDPMSolverMultistepScheduler"", ""classification"": null}",unverified,,,
30481,mouth,1,supportive,pickapic:1100,A dog,cd47b231fc5feac417cbb0170fb94efdbfdb3957a2cc2fe232f6a0f31c0ddd3c,pickapic:7446cb13-ca2a-460f-9206-978c801735c1,pickapic:b799f467-30ac-4c65-9379-aae4b688a99d,0.2825818359851837,0.2046077698469162,0.07797406613826752,gallery_images/da360de8d21f0a1f27ce9b78.jpg,gallery_images/7d5641c5c3c63eaa6cc5f691.jpg,"{""model_id"": ""yuvalkirstain/ProtoGen_X3.4_flax"", ""negative_prompt"": ""ugly, tiling, poorly drawn hands, poorly drawn feet, poorly drawn face, out of frame, mutation, mutated, extra limbs, extra legs, extra arms, disfigured, deformed, cross-eye, body out of frame, blurry, bad art, bad anatomy, blurred, text, watermark, grainy"", ""gs"": 6.6927667, ""steps"": 25, ""scheduler_cls"": ""FlaxDPMSolverMultistepScheduler"", ""classification"": null}","{""model_id"": ""stabilityai/stable-diffusion-2-1"", ""negative_prompt"": ""ugly, tiling, poorly drawn hands, poorly drawn feet, poorly drawn face, out of frame, mutation, mutated, extra limbs, extra legs, extra arms, disfigured, deformed, cross-eye, body out of frame, blurry, bad art, bad anatomy, blurred, text, watermark, grainy"", ""gs"": 7.7913384, ""steps"": 25, ""scheduler_cls"": ""FlaxDPMSolverMultistepScheduler"", ""classification"": null}",unverified,,,
30481,mouth,1,supportive,pickapic:488,All you need is love,3a75529a0beaf1c83edc4c10c4203f6671092eab302ff51fdfa8edc2afb0e147,pickapic:01d7a2d8-4728-4cb2-a09e-d94f3a8caaed,pickapic:97b918af-b827-40a1-8cce-e32ddbe74263,0.2852697968482971,0.22238174080848694,0.06288805603981018,gallery_images/98a793969dfcca7486503cc9.jpg,gallery_images/c91d1152ab07b132341aa546.jpg,"{""model_id"": ""stabilityai/stable-diffusion-2-1"", ""negative_prompt"": ""ugly, tiling, poorly drawn hands, poorly drawn feet, poorly drawn face, out of frame, mutation, mutated, extra limbs, extra legs, extra arms, disfigured, deformed, cross-eye, body out of frame, blurry, bad art, bad anatomy, blurred, text, watermark, grainy"", ""gs"": 8.43674, ""steps"": 25, ""scheduler_cls"": ""FlaxDPMSolverMultistepScheduler"", ""classification"": null}","{""model_id"": ""stabilityai/stable-diffusion-2-1"", ""negative_prompt"": ""ugly, tiling, poorly drawn hands, poorly drawn feet, poorly drawn face, out of frame, mutation, mutated, extra limbs, extra legs, extra arms, disfigured, deformed, cross-eye, body out of frame, blurry, bad art, bad anatomy, blurred, text, watermark, grainy"", ""gs"": 8.43674, ""steps"": 25, ""scheduler_cls"": ""FlaxDPMSolverMultistepScheduler"", ""classification"": null}",unverified,,,
30481,mouth,1,counterexample,pickapic:1614,car suited for a family of 2 parents and 2 small children so we need a car with a good space inside and a must to be able to diactivate the airbug in front. also i would like a bagage of at least 450 liters with the more the better. I belive a car should be less odor and fuel efficient but those are secondary. would be nice if the car is under 12 seconds to 100kmh and with max speed over 170 km/h. as i am looking for models in years 2015-2018 there is a good chance you can suggest few options. taken all of that in account i would prefer as small as possible car (width and length) and not too expensive. ideas?,3dce966edd183cabf5390cb42d9887a30dd89d8f6375fc82084cd22a244e4618,pickapic:badae263-44b7-4dcd-922b-09fa6b85faa9,pickapic:94fc4fe5-b040-46d4-84c4-39a496abf8e2,0.2062675803899765,0.3057083189487457,-0.09944073855876923,gallery_images/48a45412cf1a3ffe2b116391.jpg,gallery_images/f863d614c855cc16fb38bc79.jpg,"{""model_id"": ""stabilityai/stable-diffusion-2-1"", ""negative_prompt"": ""ugly, tiling, poorly drawn hands, poorly drawn feet, poorly drawn face, out of frame, mutation, mutated, extra limbs, extra legs, extra arms, disfigured, deformed, cross-eye, body out of frame, blurry, bad art, bad anatomy, blurred, text, watermark, grainy"", ""gs"": 7.7929707, ""steps"": 25, ""scheduler_cls"": ""FlaxDPMSolverMultistepScheduler"", ""classification"": null}","{""model_id"": ""stabilityai/stable-diffusion-2-1"", ""negative_prompt"": ""ugly, tiling, poorly drawn hands, poorly drawn feet, poorly drawn face, out of frame, mutation, mutated, extra limbs, extra legs, extra arms, disfigured, deformed, cross-eye, body out of frame, blurry, bad art, bad anatomy, blurred, text, watermark, grainy"", ""gs"": 7.7929707, ""steps"": 25, ""scheduler_cls"": ""FlaxDPMSolverMultistepScheduler"", ""classification"": null}",unverified,,,
30481,mouth,1,counterexample,pickapic:1740,A deer made of fire,d84535195e97308433d4eca8cdb5896852befe3b8cededcef00cb65517ac9721,pickapic:2810c3aa-6256-47c3-8a39-4702952e922c,pickapic:f5a012ad-ea2f-48fa-a655-3eceb56429c9,0.2229284793138504,0.29636579751968384,-0.07343731820583344,gallery_images/de7e3ca5cb16dd6a5fb6332d.jpg,gallery_images/83871a6c068b911c49eb9ddd.jpg,"{""model_id"": ""stabilityai/stable-diffusion-2-1"", ""negative_prompt"": ""ugly, tiling, poorly drawn hands, poorly drawn feet, poorly drawn face, out of frame, mutation, mutated, extra limbs, extra legs, extra arms, disfigured, deformed, cross-eye, body out of frame, blurry, bad art, bad anatomy, blurred, text, watermark, grainy"", ""gs"": 8.2960005, ""steps"": 25, ""scheduler_cls"": ""FlaxDPMSolverMultistepScheduler"", ""classification"": null}","{""model_id"": ""stabilityai/stable-diffusion-2-1"", ""negative_prompt"": ""ugly, tiling, poorly drawn hands, poorly drawn feet, poorly drawn face, out of frame, mutation, mutated, extra limbs, extra legs, extra arms, disfigured, deformed, cross-eye, body out of frame, blurry, bad art, bad anatomy, blurred, text, watermark, grainy"", ""gs"": 8.2960005, ""steps"": 25, ""scheduler_cls"": ""FlaxDPMSolverMultistepScheduler"", ""classification"": null}",unverified,,,
30481,mouth,1,random_audit,pickapic:685,Barack Obama drinking a beer on the moon,e4f3356e6e6735182ac64fdeb2adeae73b36e572b6bf01e6767455079e9e76c6,pickapic:c6bfe8b3-8887-46a3-8a96-a9046506af54,pickapic:3c7da180-047b-4abd-a2ac-2ddc42717670,0.27589860558509827,0.2687210142612457,0.007177591323852539,gallery_images/4cb68229501adbda17dbe47b.jpg,gallery_images/6a509ca6c683b08ef7520e6e.jpg,"{""model_id"": ""yuvalkirstain/ProtoGen_X3.4_flax"", ""negative_prompt"": ""ugly, tiling, poorly drawn hands, poorly drawn feet, poorly drawn face, out of frame, mutation, mutated, extra limbs, extra legs, extra arms, disfigured, deformed, cross-eye, body out of frame, blurry, bad art, bad anatomy, blurred, text, watermark, grainy"", ""gs"": 8.428913, ""steps"": 25, ""scheduler_cls"": ""FlaxDPMSolverMultistepScheduler"", ""classification"": null}","{""model_id"": ""stabilityai/stable-diffusion-2-1"", ""negative_prompt"": ""ugly, tiling, poorly drawn hands, poorly drawn feet, poorly drawn face, out of frame, mutation, mutated, extra limbs, extra legs, extra arms, disfigured, deformed, cross-eye, body out of frame, blurry, bad art, bad anatomy, blurred, text, watermark, grainy"", ""gs"": 7.347082, ""steps"": 25, ""scheduler_cls"": ""FlaxDPMSolverMultistepScheduler"", ""classification"": null}",unverified,,,
30481,mouth,1,random_audit,pickapic:469,A gorgeous busty blonde milf walking her dog.,9c1ece999575cc53b700fb6958da9af28d192d843fb381942beeb7c96770a435,pickapic:dc7e239d-2aa7-4407-aa5b-1992c41ac9bc,pickapic:8ffd0b4b-95ce-464e-8cf7-407f5d0c67be,0.2807706892490387,0.2677991986274719,0.012971490621566772,gallery_images/53ddc33afa1e75490ccf6749.jpg,gallery_images/cb1061c815aaca6d34251481.jpg,"{""model_id"": ""yuvalkirstain/ProtoGen_X3.4_flax"", ""negative_prompt"": ""ugly, tiling, poorly drawn hands, poorly drawn feet, poorly drawn face, out of frame, mutation, mutated, extra limbs, extra legs, extra arms, disfigured, deformed, cross-eye, body out of frame, blurry, bad art, bad anatomy, blurred, text, watermark, grainy"", ""gs"": 7.7054462, ""steps"": 25, ""scheduler_cls"": ""FlaxDPMSolverMultistepScheduler"", ""classification"": null}","{""model_id"": ""stabilityai/stable-diffusion-2-1"", ""negative_prompt"": ""ugly, tiling, poorly drawn hands, poorly drawn feet, poorly drawn face, out of frame, mutation, mutated, extra limbs, extra legs, extra arms, disfigured, deformed, cross-eye, body out of frame, blurry, bad art, bad anatomy, blurred, text, watermark, grainy"", ""gs"": 8.526438, ""steps"": 25, ""scheduler_cls"": ""FlaxDPMSolverMultistepScheduler"", ""classification"": null}",unverified,,,
32131,nostril,1,supportive,pickapic:1100,A dog,cd47b231fc5feac417cbb0170fb94efdbfdb3957a2cc2fe232f6a0f31c0ddd3c,pickapic:7446cb13-ca2a-460f-9206-978c801735c1,pickapic:b799f467-30ac-4c65-9379-aae4b688a99d,0.3040348291397095,0.2056916505098343,0.09834317862987518,gallery_images/da360de8d21f0a1f27ce9b78.jpg,gallery_images/7d5641c5c3c63eaa6cc5f691.jpg,"{""model_id"": ""yuvalkirstain/ProtoGen_X3.4_flax"", ""negative_prompt"": ""ugly, tiling, poorly drawn hands, poorly drawn feet, poorly drawn face, out of frame, mutation, mutated, extra limbs, extra legs, extra arms, disfigured, deformed, cross-eye, body out of frame, blurry, bad art, bad anatomy, blurred, text, watermark, grainy"", ""gs"": 6.6927667, ""steps"": 25, ""scheduler_cls"": ""FlaxDPMSolverMultistepScheduler"", ""classification"": null}","{""model_id"": ""stabilityai/stable-diffusion-2-1"", ""negative_prompt"": ""ugly, tiling, poorly drawn hands, poorly drawn feet, poorly drawn face, out of frame, mutation, mutated, extra limbs, extra legs, extra arms, disfigured, deformed, cross-eye, body out of frame, blurry, bad art, bad anatomy, blurred, text, watermark, grainy"", ""gs"": 7.7913384, ""steps"": 25, ""scheduler_cls"": ""FlaxDPMSolverMultistepScheduler"", ""classification"": null}",unverified,,,
32131,nostril,1,supportive,pickapic:251,diorama of a futuristic house made from a nautilus shell,72cfc5f65f8fedb1cd07d951355a476e82f2d3c6d419845dacbde0d08a610ad9,pickapic:90495dd6-3f39-4128-815d-63d9b2650e53,pickapic:5bd8e0d1-20b3-4704-8fcd-54e90b351ede,0.2524498701095581,0.1882522702217102,0.0641975998878479,gallery_images/e92b03644f05033c3f463f6e.jpg,gallery_images/6a900e884a5b1d8c65929ee5.jpg,"{""model_id"": ""yuvalkirstain/ProtoGen_X3.4_flax"", ""negative_prompt"": ""ugly, tiling, poorly drawn hands, poorly drawn feet, poorly drawn face, out of frame, mutation, mutated, extra limbs, extra legs, extra arms, disfigured, deformed, cross-eye, body out of frame, blurry, bad art, bad anatomy, blurred, text, watermark, grainy"", ""gs"": 6.8178687, ""steps"": 25, ""scheduler_cls"": ""FlaxDPMSolverMultistepScheduler"", ""classification"": null}","{""model_id"": ""stabilityai/stable-diffusion-2-1"", ""negative_prompt"": ""ugly, tiling, poorly drawn hands, poorly drawn feet, poorly drawn face, out of frame, mutation, mutated, extra limbs, extra legs, extra arms, disfigured, deformed, cross-eye, body out of frame, blurry, bad art, bad anatomy, blurred, text, watermark, grainy"", ""gs"": 8.039756, ""steps"": 25, ""scheduler_cls"": ""FlaxDPMSolverMultistepScheduler"", ""classification"": null}",unverified,,,
32131,nostril,1,counterexample,pickapic:1740,A deer made of fire,d84535195e97308433d4eca8cdb5896852befe3b8cededcef00cb65517ac9721,pickapic:2810c3aa-6256-47c3-8a39-4702952e922c,pickapic:f5a012ad-ea2f-48fa-a655-3eceb56429c9,0.20632478594779968,0.30347856879234314,-0.09715378284454346,gallery_images/de7e3ca5cb16dd6a5fb6332d.jpg,gallery_images/83871a6c068b911c49eb9ddd.jpg,"{""model_id"": ""stabilityai/stable-diffusion-2-1"", ""negative_prompt"": ""ugly, tiling, poorly drawn hands, poorly drawn feet, poorly drawn face, out of frame, mutation, mutated, extra limbs, extra legs, extra arms, disfigured, deformed, cross-eye, body out of frame, blurry, bad art, bad anatomy, blurred, text, watermark, grainy"", ""gs"": 8.2960005, ""steps"": 25, ""scheduler_cls"": ""FlaxDPMSolverMultistepScheduler"", ""classification"": null}","{""model_id"": ""stabilityai/stable-diffusion-2-1"", ""negative_prompt"": ""ugly, tiling, poorly drawn hands, poorly drawn feet, poorly drawn face, out of frame, mutation, mutated, extra limbs, extra legs, extra arms, disfigured, deformed, cross-eye, body out of frame, blurry, bad art, bad anatomy, blurred, text, watermark, grainy"", ""gs"": 8.2960005, ""steps"": 25, ""scheduler_cls"": ""FlaxDPMSolverMultistepScheduler"", ""classification"": null}",unverified,,,
32131,nostril,1,counterexample,pickapic:756,Putin kissing Zelensky,c044b0a4851a87b339f7bab7e495ae997ea460abaef0d41ee2d5f938bce2f614,pickapic:06faf71b-1e8b-4acb-b011-68a44decf497,pickapic:2fd1d01c-68fb-44c3-b126-e9af55a3634b,0.266243040561676,0.33892112970352173,-0.0726780891418457,gallery_images/172b20935784bdf2c70c106e.jpg,gallery_images/501633238e10ed9e4dc272d9.jpg,"{""model_id"": ""stabilityai/stable-diffusion-2-1"", ""negative_prompt"": ""ugly, tiling, poorly drawn hands, poorly drawn feet, poorly drawn face, out of frame, mutation, mutated, extra limbs, extra legs, extra arms, disfigured, deformed, cross-eye, body out of frame, blurry, bad art, bad anatomy, blurred, text, watermark, grainy"", ""gs"": 8.349569, ""steps"": 25, ""scheduler_cls"": ""FlaxDPMSolverMultistepScheduler"", ""classification"": null}","{""model_id"": ""stabilityai/stable-diffusion-2-1"", ""negative_prompt"": ""ugly, tiling, poorly drawn hands, poorly drawn feet, poorly drawn face, out of frame, mutation, mutated, extra limbs, extra legs, extra arms, disfigured, deformed, cross-eye, body out of frame, blurry, bad art, bad anatomy, blurred, text, watermark, grainy"", ""gs"": 8.349569, ""steps"": 25, ""scheduler_cls"": ""FlaxDPMSolverMultistepScheduler"", ""classification"": null}",unverified,,,
32131,nostril,1,random_audit,pickapic:1740,A deer made of fire,d84535195e97308433d4eca8cdb5896852befe3b8cededcef00cb65517ac9721,pickapic:2810c3aa-6256-47c3-8a39-4702952e922c,pickapic:52909c23-f218-4790-b4ef-a78c29bb8829,0.20632478594779968,0.24334076046943665,-0.03701597452163696,gallery_images/de7e3ca5cb16dd6a5fb6332d.jpg,gallery_images/200e428e3047bc536fc95b9a.jpg,"{""model_id"": ""stabilityai/stable-diffusion-2-1"", ""negative_prompt"": ""ugly, tiling, poorly drawn hands, poorly drawn feet, poorly drawn face, out of frame, mutation, mutated, extra limbs, extra legs, extra arms, disfigured, deformed, cross-eye, body out of frame, blurry, bad art, bad anatomy, blurred, text, watermark, grainy"", ""gs"": 8.2960005, ""steps"": 25, ""scheduler_cls"": ""FlaxDPMSolverMultistepScheduler"", ""classification"": null}","{""model_id"": ""stabilityai/stable-diffusion-2-1"", ""negative_prompt"": ""ugly, tiling, poorly drawn hands, poorly drawn feet, poorly drawn face, out of frame, mutation, mutated, extra limbs, extra legs, extra arms, disfigured, deformed, cross-eye, body out of frame, blurry, bad art, bad anatomy, blurred, text, watermark, grainy"", ""gs"": 8.2960005, ""steps"": 25, ""scheduler_cls"": ""FlaxDPMSolverMultistepScheduler"", ""classification"": null}",unverified,,,
32131,nostril,1,random_audit,pickapic:1100,A dog,cd47b231fc5feac417cbb0170fb94efdbfdb3957a2cc2fe232f6a0f31c0ddd3c,pickapic:7446cb13-ca2a-460f-9206-978c801735c1,pickapic:d83005a6-358f-4cc2-94d5-18e02fbb714c,0.3040348291397095,0.3093774914741516,-0.005342662334442139,gallery_images/da360de8d21f0a1f27ce9b78.jpg,gallery_images/a0c83e776205182117bcb4e3.jpg,"{""model_id"": ""yuvalkirstain/ProtoGen_X3.4_flax"", ""negative_prompt"": ""ugly, tiling, poorly drawn hands, poorly drawn feet, poorly drawn face, out of frame, mutation, mutated, extra limbs, extra legs, extra arms, disfigured, deformed, cross-eye, body out of frame, blurry, bad art, bad anatomy, blurred, text, watermark, grainy"", ""gs"": 6.6927667, ""steps"": 25, ""scheduler_cls"": ""FlaxDPMSolverMultistepScheduler"", ""classification"": null}","{""model_id"": ""yuvalkirstain/ProtoGen_X3.4_flax"", ""negative_prompt"": ""ugly, tiling, poorly drawn hands, poorly drawn feet, poorly drawn face, out of frame, mutation, mutated, extra limbs, extra legs, extra arms, disfigured, deformed, cross-eye, body out of frame, blurry, bad art, bad anatomy, blurred, text, watermark, grainy"", ""gs"": 6.6927667, ""steps"": 25, ""scheduler_cls"": ""FlaxDPMSolverMultistepScheduler"", ""classification"": null}",unverified,,,
30486,mouthpart,1,supportive,pickapic:1100,A dog,cd47b231fc5feac417cbb0170fb94efdbfdb3957a2cc2fe232f6a0f31c0ddd3c,pickapic:7446cb13-ca2a-460f-9206-978c801735c1,pickapic:b799f467-30ac-4c65-9379-aae4b688a99d,0.2919138967990875,0.22884850203990936,0.06306539475917816,gallery_images/da360de8d21f0a1f27ce9b78.jpg,gallery_images/7d5641c5c3c63eaa6cc5f691.jpg,"{""model_id"": ""yuvalkirstain/ProtoGen_X3.4_flax"", ""negative_prompt"": ""ugly, tiling, poorly drawn hands, poorly drawn feet, poorly drawn face, out of frame, mutation, mutated, extra limbs, extra legs, extra arms, disfigured, deformed, cross-eye, body out of frame, blurry, bad art, bad anatomy, blurred, text, watermark, grainy"", ""gs"": 6.6927667, ""steps"": 25, ""scheduler_cls"": ""FlaxDPMSolverMultistepScheduler"", ""classification"": null}","{""model_id"": ""stabilityai/stable-diffusion-2-1"", ""negative_prompt"": ""ugly, tiling, poorly drawn hands, poorly drawn feet, poorly drawn face, out of frame, mutation, mutated, extra limbs, extra legs, extra arms, disfigured, deformed, cross-eye, body out of frame, blurry, bad art, bad anatomy, blurred, text, watermark, grainy"", ""gs"": 7.7913384, ""steps"": 25, ""scheduler_cls"": ""FlaxDPMSolverMultistepScheduler"", ""classification"": null}",unverified,,,
30486,mouthpart,1,supportive,pickapic:363,a japanese girl working out in a dress,e34e72d9766a294a63019e293b382a9b69af314437a05bd7562f3995128f26e3,pickapic:85deafa4-886f-4fbf-9434-eef73ef70c8a,pickapic:5a291ca1-b882-4967-867b-ea5bae72d417,0.27872368693351746,0.23211637139320374,0.04660731554031372,gallery_images/e111bc5b56413227a18fc3b9.jpg,gallery_images/270aba20ff38850c7abff9df.jpg,"{""model_id"": ""stabilityai/stable-diffusion-2-1"", ""negative_prompt"": ""ugly, tiling, poorly drawn hands, poorly drawn feet, poorly drawn face, out of frame, mutation, mutated, extra limbs, extra legs, extra arms, disfigured, deformed, cross-eye, body out of frame, blurry, bad art, bad anatomy, blurred, text, watermark, grainy"", ""gs"": 9.080837, ""steps"": 25, ""scheduler_cls"": ""FlaxDPMSolverMultistepScheduler"", ""classification"": null}","{""model_id"": ""stabilityai/stable-diffusion-2-1"", ""negative_prompt"": ""ugly, tiling, poorly drawn hands, poorly drawn feet, poorly drawn face, out of frame, mutation, mutated, extra limbs, extra legs, extra arms, disfigured, deformed, cross-eye, body out of frame, blurry, bad art, bad anatomy, blurred, text, watermark, grainy"", ""gs"": 9.080837, ""steps"": 25, ""scheduler_cls"": ""FlaxDPMSolverMultistepScheduler"", ""classification"": null}",unverified,,,
30486,mouthpart,1,counterexample,pickapic:1740,A deer made of fire,d84535195e97308433d4eca8cdb5896852befe3b8cededcef00cb65517ac9721,pickapic:2810c3aa-6256-47c3-8a39-4702952e922c,pickapic:f5a012ad-ea2f-48fa-a655-3eceb56429c9,0.23067842423915863,0.3134746253490448,-0.08279620110988617,gallery_images/de7e3ca5cb16dd6a5fb6332d.jpg,gallery_images/83871a6c068b911c49eb9ddd.jpg,"{""model_id"": ""stabilityai/stable-diffusion-2-1"", ""negative_prompt"": ""ugly, tiling, poorly drawn hands, poorly drawn feet, poorly drawn face, out of frame, mutation, mutated, extra limbs, extra legs, extra arms, disfigured, deformed, cross-eye, body out of frame, blurry, bad art, bad anatomy, blurred, text, watermark, grainy"", ""gs"": 8.2960005, ""steps"": 25, ""scheduler_cls"": ""FlaxDPMSolverMultistepScheduler"", ""classification"": null}","{""model_id"": ""stabilityai/stable-diffusion-2-1"", ""negative_prompt"": ""ugly, tiling, poorly drawn hands, poorly drawn feet, poorly drawn face, out of frame, mutation, mutated, extra limbs, extra legs, extra arms, disfigured, deformed, cross-eye, body out of frame, blurry, bad art, bad anatomy, blurred, text, watermark, grainy"", ""gs"": 8.2960005, ""steps"": 25, ""scheduler_cls"": ""FlaxDPMSolverMultistepScheduler"", ""classification"": null}",unverified,,,
30486,mouthpart,1,counterexample,pickapic:1198,utopian future,6b196dec9bba4588cc92e55f552103cff65f5363f75a80cacfb2f75b421c6298,pickapic:bb8b7351-b421-4278-8d1c-90e4c80a2cec,pickapic:0177451d-e671-49aa-ac30-33c204ccc9b8,0.20998433232307434,0.2572941184043884,-0.04730978608131409,gallery_images/0018e165ac81b9d2435b718e.jpg,gallery_images/bf962bdbfe04c198ab683e65.jpg,"{""model_id"": ""stabilityai/stable-diffusion-2-1"", ""negative_prompt"": ""ugly, tiling, poorly drawn hands, poorly drawn feet, poorly drawn face, out of frame, mutation, mutated, extra limbs, extra legs, extra arms, disfigured, deformed, cross-eye, body out of frame, blurry, bad art, bad anatomy, blurred, text, watermark, grainy"", ""gs"": 7.329106, ""steps"": 25, ""scheduler_cls"": ""FlaxDPMSolverMultistepScheduler"", ""classification"": null}","{""model_id"": ""stabilityai/stable-diffusion-2-1"", ""negative_prompt"": ""ugly, tiling, poorly drawn hands, poorly drawn feet, poorly drawn face, out of frame, mutation, mutated, extra limbs, extra legs, extra arms, disfigured, deformed, cross-eye, body out of frame, blurry, bad art, bad anatomy, blurred, text, watermark, grainy"", ""gs"": 7.329106, ""steps"": 25, ""scheduler_cls"": ""FlaxDPMSolverMultistepScheduler"", ""classification"": null}",unverified,,,
30486,mouthpart,1,random_audit,pickapic:469,A gorgeous busty blonde milf walking her dog.,9c1ece999575cc53b700fb6958da9af28d192d843fb381942beeb7c96770a435,pickapic:dc7e239d-2aa7-4407-aa5b-1992c41ac9bc,pickapic:b69f0190-89a8-4d12-9f06-e1c8ad0021b0,0.27623194456100464,0.23084212839603424,0.0453898161649704,gallery_images/53ddc33afa1e75490ccf6749.jpg,gallery_images/0154324e550a5a12a7d3ca5b.jpg,"{""model_id"": ""yuvalkirstain/ProtoGen_X3.4_flax"", ""negative_prompt"": ""ugly, tiling, poorly drawn hands, poorly drawn feet, poorly drawn face, out of frame, mutation, mutated, extra limbs, extra legs, extra arms, disfigured, deformed, cross-eye, body out of frame, blurry, bad art, bad anatomy, blurred, text, watermark, grainy"", ""gs"": 7.7054462, ""steps"": 25, ""scheduler_cls"": ""FlaxDPMSolverMultistepScheduler"", ""classification"": null}","{""model_id"": ""stabilityai/stable-diffusion-2-1"", ""negative_prompt"": ""ugly, tiling, poorly drawn hands, poorly drawn feet, poorly drawn face, out of frame, mutation, mutated, extra limbs, extra legs, extra arms, disfigured, deformed, cross-eye, body out of frame, blurry, bad art, bad anatomy, blurred, text, watermark, grainy"", ""gs"": 8.526438, ""steps"": 25, ""scheduler_cls"": ""FlaxDPMSolverMultistepScheduler"", ""classification"": null}",unverified,,,
30486,mouthpart,1,random_audit,pickapic:363,a japanese girl working out in a dress,e34e72d9766a294a63019e293b382a9b69af314437a05bd7562f3995128f26e3,pickapic:85deafa4-886f-4fbf-9434-eef73ef70c8a,pickapic:b7f2672d-3f0a-4504-ba7e-bf22ca091d47,0.27872368693351746,0.2645775377750397,0.014146149158477783,gallery_images/e111bc5b56413227a18fc3b9.jpg,gallery_images/2a8eb760be4691b0f0e9b304.jpg,"{""model_id"": ""stabilityai/stable-diffusion-2-1"", ""negative_prompt"": ""ugly, tiling, poorly drawn hands, poorly drawn feet, poorly drawn face, out of frame, mutation, mutated, extra limbs, extra legs, extra arms, disfigured, deformed, cross-eye, body out of frame, blurry, bad art, bad anatomy, blurred, text, watermark, grainy"", ""gs"": 9.080837, ""steps"": 25, ""scheduler_cls"": ""FlaxDPMSolverMultistepScheduler"", ""classification"": null}","{""model_id"": ""stabilityai/stable-diffusion-2-1"", ""negative_prompt"": ""ugly, tiling, poorly drawn hands, poorly drawn feet, poorly drawn face, out of frame, mutation, mutated, extra limbs, extra legs, extra arms, disfigured, deformed, cross-eye, body out of frame, blurry, bad art, bad anatomy, blurred, text, watermark, grainy"", ""gs"": 9.080837, ""steps"": 25, ""scheduler_cls"": ""FlaxDPMSolverMultistepScheduler"", ""classification"": null}",unverified,,,
32120,nosebleed,1,supportive,pickapic:488,All you need is love,3a75529a0beaf1c83edc4c10c4203f6671092eab302ff51fdfa8edc2afb0e147,pickapic:01d7a2d8-4728-4cb2-a09e-d94f3a8caaed,pickapic:97b918af-b827-40a1-8cce-e32ddbe74263,0.2500137686729431,0.17885276675224304,0.07116100192070007,gallery_images/98a793969dfcca7486503cc9.jpg,gallery_images/c91d1152ab07b132341aa546.jpg,"{""model_id"": ""stabilityai/stable-diffusion-2-1"", ""negative_prompt"": ""ugly, tiling, poorly drawn hands, poorly drawn feet, poorly drawn face, out of frame, mutation, mutated, extra limbs, extra legs, extra arms, disfigured, deformed, cross-eye, body out of frame, blurry, bad art, bad anatomy, blurred, text, watermark, grainy"", ""gs"": 8.43674, ""steps"": 25, ""scheduler_cls"": ""FlaxDPMSolverMultistepScheduler"", ""classification"": null}","{""model_id"": ""stabilityai/stable-diffusion-2-1"", ""negative_prompt"": ""ugly, tiling, poorly drawn hands, poorly drawn feet, poorly drawn face, out of frame, mutation, mutated, extra limbs, extra legs, extra arms, disfigured, deformed, cross-eye, body out of frame, blurry, bad art, bad anatomy, blurred, text, watermark, grainy"", ""gs"": 8.43674, ""steps"": 25, ""scheduler_cls"": ""FlaxDPMSolverMultistepScheduler"", ""classification"": null}",unverified,,,
32120,nosebleed,1,supportive,pickapic:1100,A dog,cd47b231fc5feac417cbb0170fb94efdbfdb3957a2cc2fe232f6a0f31c0ddd3c,pickapic:7446cb13-ca2a-460f-9206-978c801735c1,pickapic:b799f467-30ac-4c65-9379-aae4b688a99d,0.2899062931537628,0.22481241822242737,0.06509387493133545,gallery_images/da360de8d21f0a1f27ce9b78.jpg,gallery_images/7d5641c5c3c63eaa6cc5f691.jpg,"{""model_id"": ""yuvalkirstain/ProtoGen_X3.4_flax"", ""negative_prompt"": ""ugly, tiling, poorly drawn hands, poorly drawn feet, poorly drawn face, out of frame, mutation, mutated, extra limbs, extra legs, extra arms, disfigured, deformed, cross-eye, body out of frame, blurry, bad art, bad anatomy, blurred, text, watermark, grainy"", ""gs"": 6.6927667, ""steps"": 25, ""scheduler_cls"": ""FlaxDPMSolverMultistepScheduler"", ""classification"": null}","{""model_id"": ""stabilityai/stable-diffusion-2-1"", ""negative_prompt"": ""ugly, tiling, poorly drawn hands, poorly drawn feet, poorly drawn face, out of frame, mutation, mutated, extra limbs, extra legs, extra arms, disfigured, deformed, cross-eye, body out of frame, blurry, bad art, bad anatomy, blurred, text, watermark, grainy"", ""gs"": 7.7913384, ""steps"": 25, ""scheduler_cls"": ""FlaxDPMSolverMultistepScheduler"", ""classification"": null}",unverified,,,
32120,nosebleed,1,counterexample,pickapic:1740,A deer made of fire,d84535195e97308433d4eca8cdb5896852befe3b8cededcef00cb65517ac9721,pickapic:2810c3aa-6256-47c3-8a39-4702952e922c,pickapic:f5a012ad-ea2f-48fa-a655-3eceb56429c9,0.16753774881362915,0.26864662766456604,-0.10110887885093689,gallery_images/de7e3ca5cb16dd6a5fb6332d.jpg,gallery_images/83871a6c068b911c49eb9ddd.jpg,"{""model_id"": ""stabilityai/stable-diffusion-2-1"", ""negative_prompt"": ""ugly, tiling, poorly drawn hands, poorly drawn feet, poorly drawn face, out of frame, mutation, mutated, extra limbs, extra legs, extra arms, disfigured, deformed, cross-eye, body out of frame, blurry, bad art, bad anatomy, blurred, text, watermark, grainy"", ""gs"": 8.2960005, ""steps"": 25, ""scheduler_cls"": ""FlaxDPMSolverMultistepScheduler"", ""classification"": null}","{""model_id"": ""stabilityai/stable-diffusion-2-1"", ""negative_prompt"": ""ugly, tiling, poorly drawn hands, poorly drawn feet, poorly drawn face, out of frame, mutation, mutated, extra limbs, extra legs, extra arms, disfigured, deformed, cross-eye, body out of frame, blurry, bad art, bad anatomy, blurred, text, watermark, grainy"", ""gs"": 8.2960005, ""steps"": 25, ""scheduler_cls"": ""FlaxDPMSolverMultistepScheduler"", ""classification"": null}",unverified,,,
32120,nosebleed,1,counterexample,pickapic:1568,Pancake Robot,07742870dfd8ed2e09e1b247091d4459c11461a9fff5c1545f08ab2e10b1f990,pickapic:a6cec737-bbf8-4b12-8305-faa804c0464f,pickapic:9c7c34a1-c2a0-4123-864f-9ce9896ff3fc,0.2023591250181198,0.2729336619377136,-0.07057453691959381,gallery_images/dcfad6587705eed470fe0666.jpg,gallery_images/c785d826a1ada9b42bf5bf44.jpg,"{""model_id"": ""yuvalkirstain/ProtoGen_X3.4_flax"", ""negative_prompt"": ""ugly, tiling, poorly drawn hands, poorly drawn feet, poorly drawn face, out of frame, mutation, mutated, extra limbs, extra legs, extra arms, disfigured, deformed, cross-eye, body out of frame, blurry, bad art, bad anatomy, blurred, text, watermark, grainy"", ""gs"": 8.484489, ""steps"": 25, ""scheduler_cls"": ""FlaxDPMSolverMultistepScheduler"", ""classification"": null}","{""model_id"": ""yuvalkirstain/ProtoGen_X3.4_flax"", ""negative_prompt"": ""ugly, tiling, poorly drawn hands, poorly drawn feet, poorly drawn face, out of frame, mutation, mutated, extra limbs, extra legs, extra arms, disfigured, deformed, cross-eye, body out of frame, blurry, bad art, bad anatomy, blurred, text, watermark, grainy"", ""gs"": 8.484489, ""steps"": 25, ""scheduler_cls"": ""FlaxDPMSolverMultistepScheduler"", ""classification"": null}",unverified,,,
32120,nosebleed,1,random_audit,pickapic:558,Gay man with a kangaroo,2060f3fd84916750d09701e91da3b09a9baf6b8e7114099aeed0092df80873fb,pickapic:5d7c87ac-4eda-45d7-962b-32539d4cdd7c,pickapic:afea849b-a526-4e3d-b771-3000bc8affde,0.27979329228401184,0.27487561106681824,0.0049176812171936035,gallery_images/9f0669727f7c7a033f0239e8.jpg,gallery_images/e9772e864da73f8b5830d03c.jpg,"{""model_id"": ""stabilityai/stable-diffusion-2-1"", ""negative_prompt"": ""ugly, tiling, poorly drawn hands, poorly drawn feet, poorly drawn face, out of frame, mutation, mutated, extra limbs, extra legs, extra arms, disfigured, deformed, cross-eye, body out of frame, blurry, bad art, bad anatomy, blurred, text, watermark, grainy"", ""gs"": 7.4569426, ""steps"": 25, ""scheduler_cls"": ""FlaxDPMSolverMultistepScheduler"", ""classification"": null}","{""model_id"": ""stabilityai/stable-diffusion-2-1"", ""negative_prompt"": ""ugly, tiling, poorly drawn hands, poorly drawn feet, poorly drawn face, out of frame, mutation, mutated, extra limbs, extra legs, extra arms, disfigured, deformed, cross-eye, body out of frame, blurry, bad art, bad anatomy, blurred, text, watermark, grainy"", ""gs"": 7.4569426, ""steps"": 25, ""scheduler_cls"": ""FlaxDPMSolverMultistepScheduler"", ""classification"": null}",unverified,,,
32120,nosebleed,1,random_audit,pickapic:1198,utopian future,6b196dec9bba4588cc92e55f552103cff65f5363f75a80cacfb2f75b421c6298,pickapic:bb8b7351-b421-4278-8d1c-90e4c80a2cec,pickapic:66b608e2-7f33-4b48-b565-f4e9d400c94c,0.16171538829803467,0.18805718421936035,-0.026341795921325684,gallery_images/0018e165ac81b9d2435b718e.jpg,gallery_images/2c24ce208709e0d45062f465.jpg,"{""model_id"": ""stabilityai/stable-diffusion-2-1"", ""negative_prompt"": ""ugly, tiling, poorly drawn hands, poorly drawn feet, poorly drawn face, out of frame, mutation, mutated, extra limbs, extra legs, extra arms, disfigured, deformed, cross-eye, body out of frame, blurry, bad art, bad anatomy, blurred, text, watermark, grainy"", ""gs"": 7.329106, ""steps"": 25, ""scheduler_cls"": ""FlaxDPMSolverMultistepScheduler"", ""classification"": null}","{""model_id"": ""stabilityai/stable-diffusion-2-1"", ""negative_prompt"": ""ugly, tiling, poorly drawn hands, poorly drawn feet, poorly drawn face, out of frame, mutation, mutated, extra limbs, extra legs, extra arms, disfigured, deformed, cross-eye, body out of frame, blurry, bad art, bad anatomy, blurred, text, watermark, grainy"", ""gs"": 7.329106, ""steps"": 25, ""scheduler_cls"": ""FlaxDPMSolverMultistepScheduler"", ""classification"": null}",unverified,,,
27337,lipstick,1,supportive,pickapic:1100,A dog,cd47b231fc5feac417cbb0170fb94efdbfdb3957a2cc2fe232f6a0f31c0ddd3c,pickapic:7446cb13-ca2a-460f-9206-978c801735c1,pickapic:b799f467-30ac-4c65-9379-aae4b688a99d,0.2468411922454834,0.16695156693458557,0.07988962531089783,gallery_images/da360de8d21f0a1f27ce9b78.jpg,gallery_images/7d5641c5c3c63eaa6cc5f691.jpg,"{""model_id"": ""yuvalkirstain/ProtoGen_X3.4_flax"", ""negative_prompt"": ""ugly, tiling, poorly drawn hands, poorly drawn feet, poorly drawn face, out of frame, mutation, mutated, extra limbs, extra legs, extra arms, disfigured, deformed, cross-eye, body out of frame, blurry, bad art, bad anatomy, blurred, text, watermark, grainy"", ""gs"": 6.6927667, ""steps"": 25, ""scheduler_cls"": ""FlaxDPMSolverMultistepScheduler"", ""classification"": null}","{""model_id"": ""stabilityai/stable-diffusion-2-1"", ""negative_prompt"": ""ugly, tiling, poorly drawn hands, poorly drawn feet, poorly drawn face, out of frame, mutation, mutated, extra limbs, extra legs, extra arms, disfigured, deformed, cross-eye, body out of frame, blurry, bad art, bad anatomy, blurred, text, watermark, grainy"", ""gs"": 7.7913384, ""steps"": 25, ""scheduler_cls"": ""FlaxDPMSolverMultistepScheduler"", ""classification"": null}",unverified,,,
27337,lipstick,1,supportive,pickapic:560,Gay twink with a kangaroo saying hi ,56b70eba8fd2d1a668f09d7cdd703bd8059d6f9f0e1ffa99a6c126323ac5c764,pickapic:93ca271a-a559-45e8-a476-6928cb7a31c7,pickapic:450ce7f4-1664-4b96-993b-ec3ab4e047b8,0.25358763337135315,0.18043527007102966,0.07315236330032349,gallery_images/1863acbd63a515cd40902bbf.jpg,gallery_images/d5af74a83d1049236ce8786a.jpg,"{""model_id"": ""stabilityai/stable-diffusion-2-1"", ""negative_prompt"": ""ugly, tiling, poorly drawn hands, poorly drawn feet, poorly drawn face, out of frame, mutation, mutated, extra limbs, extra legs, extra arms, disfigured, deformed, cross-eye, body out of frame, blurry, bad art, bad anatomy, blurred, text, watermark, grainy"", ""gs"": 8.389208, ""steps"": 25, ""scheduler_cls"": ""FlaxDPMSolverMultistepScheduler"", ""classification"": null}","{""model_id"": ""stabilityai/stable-diffusion-2-1"", ""negative_prompt"": ""ugly, tiling, poorly drawn hands, poorly drawn feet, poorly drawn face, out of frame, mutation, mutated, extra limbs, extra legs, extra arms, disfigured, deformed, cross-eye, body out of frame, blurry, bad art, bad anatomy, blurred, text, watermark, grainy"", ""gs"": 8.389208, ""steps"": 25, ""scheduler_cls"": ""FlaxDPMSolverMultistepScheduler"", ""classification"": null}",unverified,,,
27337,lipstick,1,counterexample,pickapic:1665,Anime characters training to become Olympic rowers,71bb36abd4d8e78bdedacf7787724bbfb242a6cdef14d9153441ce74229e65f9,pickapic:9bff8ba0-44d0-4cea-8a0c-16a966b96370,pickapic:420e54ce-5b5c-48e6-9edb-7309e95c7436,0.1876174807548523,0.2741248309612274,-0.08650735020637512,gallery_images/63805ee6cb284f6efc12e9c6.jpg,gallery_images/d036df297543e63ca5d0b20e.jpg,"{""model_id"": ""yuvalkirstain/ProtoGen_X3.4_flax"", ""negative_prompt"": ""ugly, tiling, poorly drawn hands, poorly drawn feet, poorly drawn face, out of frame, mutation, mutated, extra limbs, extra legs, extra arms, disfigured, deformed, cross-eye, body out of frame, blurry, bad art, bad anatomy, blurred, text, watermark, grainy"", ""gs"": 6.476715, ""steps"": 25, ""scheduler_cls"": ""FlaxDPMSolverMultistepScheduler"", ""classification"": null}","{""model_id"": ""yuvalkirstain/ProtoGen_X3.4_flax"", ""negative_prompt"": ""ugly, tiling, poorly drawn hands, poorly drawn feet, poorly drawn face, out of frame, mutation, mutated, extra limbs, extra legs, extra arms, disfigured, deformed, cross-eye, body out of frame, blurry, bad art, bad anatomy, blurred, text, watermark, grainy"", ""gs"": 6.476715, ""steps"": 25, ""scheduler_cls"": ""FlaxDPMSolverMultistepScheduler"", ""classification"": null}",unverified,,,
27337,lipstick,1,counterexample,pickapic:1099,A dog,cd47b231fc5feac417cbb0170fb94efdbfdb3957a2cc2fe232f6a0f31c0ddd3c,pickapic:b799f467-30ac-4c65-9379-aae4b688a99d,pickapic:65de0e6a-bd90-4808-aba8-4854cc0b39fc,0.16695156693458557,0.25177833437919617,-0.0848267674446106,gallery_images/7d5641c5c3c63eaa6cc5f691.jpg,gallery_images/11e21cf139202a91be6923f3.jpg,"{""model_id"": ""stabilityai/stable-diffusion-2-1"", ""negative_prompt"": ""ugly, tiling, poorly drawn hands, poorly drawn feet, poorly drawn face, out of frame, mutation, mutated, extra limbs, extra legs, extra arms, disfigured, deformed, cross-eye, body out of frame, blurry, bad art, bad anatomy, blurred, text, watermark, grainy"", ""gs"": 7.7913384, ""steps"": 25, ""scheduler_cls"": ""FlaxDPMSolverMultistepScheduler"", ""classification"": null}","{""model_id"": ""stabilityai/stable-diffusion-2-1"", ""negative_prompt"": ""ugly, tiling, poorly drawn hands, poorly drawn feet, poorly drawn face, out of frame, mutation, mutated, extra limbs, extra legs, extra arms, disfigured, deformed, cross-eye, body out of frame, blurry, bad art, bad anatomy, blurred, text, watermark, grainy"", ""gs"": 7.7913384, ""steps"": 25, ""scheduler_cls"": ""FlaxDPMSolverMultistepScheduler"", ""classification"": null}",unverified,,,
27337,lipstick,1,random_audit,pickapic:742,Fecal object,be9322fa543e71119437167ed65d82e276ec168783303a2e47be8df48bd141af,pickapic:b3243919-2433-4278-aeb9-3885c33f3d0e,pickapic:0020856e-9fed-4b3c-83f8-ae6ed6f31369,0.19671733677387238,0.17342372238636017,0.023293614387512207,gallery_images/766ac07a73b4b47bef41610c.jpg,gallery_images/eae78cdf3d071bce3bee82b5.jpg,"{""model_id"": ""yuvalkirstain/ProtoGen_X3.4_flax"", ""negative_prompt"": ""ugly, tiling, poorly drawn hands, poorly drawn feet, poorly drawn face, out of frame, mutation, mutated, extra limbs, extra legs, extra arms, disfigured, deformed, cross-eye, body out of frame, blurry, bad art, bad anatomy, blurred, text, watermark, grainy"", ""gs"": 6.5434303, ""steps"": 25, ""scheduler_cls"": ""FlaxDPMSolverMultistepScheduler"", ""classification"": null}","{""model_id"": ""stabilityai/stable-diffusion-2-1"", ""negative_prompt"": ""ugly, tiling, poorly drawn hands, poorly drawn feet, poorly drawn face, out of frame, mutation, mutated, extra limbs, extra legs, extra arms, disfigured, deformed, cross-eye, body out of frame, blurry, bad art, bad anatomy, blurred, text, watermark, grainy"", ""gs"": 7.0451403, ""steps"": 25, ""scheduler_cls"": ""FlaxDPMSolverMultistepScheduler"", ""classification"": null}",unverified,,,
27337,lipstick,1,random_audit,pickapic:1860,"nice young Lady portrait in night, very low Light, highly detailed, Canon d 60, 50 mm lense",2a37cf6821e4cb619cdfb0fe6f14ee1e21054d1041247b0d244821555568a309,pickapic:32ddf7c8-4a3a-4b01-8ebb-008a02f1788e,pickapic:18d1b741-f7e3-4613-963c-5305d2d8676a,0.2847208082675934,0.3034580647945404,-0.01873725652694702,gallery_images/149ffa7907e2aef797002a50.jpg,gallery_images/6ecfe5c9f408739b3c1227ac.jpg,"{""model_id"": ""stabilityai/stable-diffusion-2-1"", ""negative_prompt"": ""ugly, tiling, poorly drawn hands, poorly drawn feet, poorly drawn face, out of frame, mutation, mutated, extra limbs, extra legs, extra arms, disfigured, deformed, cross-eye, body out of frame, blurry, bad art, bad anatomy, blurred, text, watermark, grainy"", ""gs"": 8.92815, ""steps"": 25, ""scheduler_cls"": ""FlaxDPMSolverMultistepScheduler"", ""classification"": null}","{""model_id"": ""yuvalkirstain/ProtoGen_X3.4_flax"", ""negative_prompt"": ""ugly, tiling, poorly drawn hands, poorly drawn feet, poorly drawn face, out of frame, mutation, mutated, extra limbs, extra legs, extra arms, disfigured, deformed, cross-eye, body out of frame, blurry, bad art, bad anatomy, blurred, text, watermark, grainy"", ""gs"": 8.382127, ""steps"": 25, ""scheduler_cls"": ""FlaxDPMSolverMultistepScheduler"", ""classification"": null}",unverified,,,
30482,mouth-to-mouth,1,supportive,pickapic:488,All you need is love,3a75529a0beaf1c83edc4c10c4203f6671092eab302ff51fdfa8edc2afb0e147,pickapic:01d7a2d8-4728-4cb2-a09e-d94f3a8caaed,pickapic:404a1d00-bc1c-4a90-a707-37ec9c46b125,0.25926339626312256,0.2155984789133072,0.04366491734981537,gallery_images/98a793969dfcca7486503cc9.jpg,gallery_images/f4c9e2307061666ec42aeb74.jpg,"{""model_id"": ""stabilityai/stable-diffusion-2-1"", ""negative_prompt"": ""ugly, tiling, poorly drawn hands, poorly drawn feet, poorly drawn face, out of frame, mutation, mutated, extra limbs, extra legs, extra arms, disfigured, deformed, cross-eye, body out of frame, blurry, bad art, bad anatomy, blurred, text, watermark, grainy"", ""gs"": 8.43674, ""steps"": 25, ""scheduler_cls"": ""FlaxDPMSolverMultistepScheduler"", ""classification"": null}","{""model_id"": ""stabilityai/stable-diffusion-2-1"", ""negative_prompt"": ""ugly, tiling, poorly drawn hands, poorly drawn feet, poorly drawn face, out of frame, mutation, mutated, extra limbs, extra legs, extra arms, disfigured, deformed, cross-eye, body out of frame, blurry, bad art, bad anatomy, blurred, text, watermark, grainy"", ""gs"": 8.43674, ""steps"": 25, ""scheduler_cls"": ""FlaxDPMSolverMultistepScheduler"", ""classification"": null}",unverified,,,
30482,mouth-to-mouth,1,supportive,pickapic:1100,A dog,cd47b231fc5feac417cbb0170fb94efdbfdb3957a2cc2fe232f6a0f31c0ddd3c,pickapic:7446cb13-ca2a-460f-9206-978c801735c1,pickapic:b799f467-30ac-4c65-9379-aae4b688a99d,0.2825932800769806,0.24050083756446838,0.04209244251251221,gallery_images/da360de8d21f0a1f27ce9b78.jpg,gallery_images/7d5641c5c3c63eaa6cc5f691.jpg,"{""model_id"": ""yuvalkirstain/ProtoGen_X3.4_flax"", ""negative_prompt"": ""ugly, tiling, poorly drawn hands, poorly drawn feet, poorly drawn face, out of frame, mutation, mutated, extra limbs, extra legs, extra arms, disfigured, deformed, cross-eye, body out of frame, blurry, bad art, bad anatomy, blurred, text, watermark, grainy"", ""gs"": 6.6927667, ""steps"": 25, ""scheduler_cls"": ""FlaxDPMSolverMultistepScheduler"", ""classification"": null}","{""model_id"": ""stabilityai/stable-diffusion-2-1"", ""negative_prompt"": ""ugly, tiling, poorly drawn hands, poorly drawn feet, poorly drawn face, out of frame, mutation, mutated, extra limbs, extra legs, extra arms, disfigured, deformed, cross-eye, body out of frame, blurry, bad art, bad anatomy, blurred, text, watermark, grainy"", ""gs"": 7.7913384, ""steps"": 25, ""scheduler_cls"": ""FlaxDPMSolverMultistepScheduler"", ""classification"": null}",unverified,,,
30482,mouth-to-mouth,1,counterexample,pickapic:1614,car suited for a family of 2 parents and 2 small children so we need a car with a good space inside and a must to be able to diactivate the airbug in front. also i would like a bagage of at least 450 liters with the more the better. I belive a car should be less odor and fuel efficient but those are secondary. would be nice if the car is under 12 seconds to 100kmh and with max speed over 170 km/h. as i am looking for models in years 2015-2018 there is a good chance you can suggest few options. taken all of that in account i would prefer as small as possible car (width and length) and not too expensive. ideas?,3dce966edd183cabf5390cb42d9887a30dd89d8f6375fc82084cd22a244e4618,pickapic:badae263-44b7-4dcd-922b-09fa6b85faa9,pickapic:94fc4fe5-b040-46d4-84c4-39a496abf8e2,0.2126666158437729,0.31154850125312805,-0.09888188540935516,gallery_images/48a45412cf1a3ffe2b116391.jpg,gallery_images/f863d614c855cc16fb38bc79.jpg,"{""model_id"": ""stabilityai/stable-diffusion-2-1"", ""negative_prompt"": ""ugly, tiling, poorly drawn hands, poorly drawn feet, poorly drawn face, out of frame, mutation, mutated, extra limbs, extra legs, extra arms, disfigured, deformed, cross-eye, body out of frame, blurry, bad art, bad anatomy, blurred, text, watermark, grainy"", ""gs"": 7.7929707, ""steps"": 25, ""scheduler_cls"": ""FlaxDPMSolverMultistepScheduler"", ""classification"": null}","{""model_id"": ""stabilityai/stable-diffusion-2-1"", ""negative_prompt"": ""ugly, tiling, poorly drawn hands, poorly drawn feet, poorly drawn face, out of frame, mutation, mutated, extra limbs, extra legs, extra arms, disfigured, deformed, cross-eye, body out of frame, blurry, bad art, bad anatomy, blurred, text, watermark, grainy"", ""gs"": 7.7929707, ""steps"": 25, ""scheduler_cls"": ""FlaxDPMSolverMultistepScheduler"", ""classification"": null}",unverified,,,
30482,mouth-to-mouth,1,counterexample,pickapic:1665,Anime characters training to become Olympic rowers,71bb36abd4d8e78bdedacf7787724bbfb242a6cdef14d9153441ce74229e65f9,pickapic:9bff8ba0-44d0-4cea-8a0c-16a966b96370,pickapic:420e54ce-5b5c-48e6-9edb-7309e95c7436,0.24199262261390686,0.3046684265136719,-0.06267580389976501,gallery_images/63805ee6cb284f6efc12e9c6.jpg,gallery_images/d036df297543e63ca5d0b20e.jpg,"{""model_id"": ""yuvalkirstain/ProtoGen_X3.4_flax"", ""negative_prompt"": ""ugly, tiling, poorly drawn hands, poorly drawn feet, poorly drawn face, out of frame, mutation, mutated, extra limbs, extra legs, extra arms, disfigured, deformed, cross-eye, body out of frame, blurry, bad art, bad anatomy, blurred, text, watermark, grainy"", ""gs"": 6.476715, ""steps"": 25, ""scheduler_cls"": ""FlaxDPMSolverMultistepScheduler"", ""classification"": null}","{""model_id"": ""yuvalkirstain/ProtoGen_X3.4_flax"", ""negative_prompt"": ""ugly, tiling, poorly drawn hands, poorly drawn feet, poorly drawn face, out of frame, mutation, mutated, extra limbs, extra legs, extra arms, disfigured, deformed, cross-eye, body out of frame, blurry, bad art, bad anatomy, blurred, text, watermark, grainy"", ""gs"": 6.476715, ""steps"": 25, ""scheduler_cls"": ""FlaxDPMSolverMultistepScheduler"", ""classification"": null}",unverified,,,
30482,mouth-to-mouth,1,random_audit,pickapic:1100,A dog,cd47b231fc5feac417cbb0170fb94efdbfdb3957a2cc2fe232f6a0f31c0ddd3c,pickapic:7446cb13-ca2a-460f-9206-978c801735c1,pickapic:dc4d5a7b-1cdc-4f1c-88f8-8a584d38c128,0.2825932800769806,0.2486272156238556,0.033966064453125,gallery_images/da360de8d21f0a1f27ce9b78.jpg,gallery_images/725033fa75e3537a42c6d9d5.jpg,"{""model_id"": ""yuvalkirstain/ProtoGen_X3.4_flax"", ""negative_prompt"": ""ugly, tiling, poorly drawn hands, poorly drawn feet, poorly drawn face, out of frame, mutation, mutated, extra limbs, extra legs, extra arms, disfigured, deformed, cross-eye, body out of frame, blurry, bad art, bad anatomy, blurred, text, watermark, grainy"", ""gs"": 6.6927667, ""steps"": 25, ""scheduler_cls"": ""FlaxDPMSolverMultistepScheduler"", ""classification"": null}","{""model_id"": ""yuvalkirstain/ProtoGen_X3.4_flax"", ""negative_prompt"": ""ugly, tiling, poorly drawn hands, poorly drawn feet, poorly drawn face, out of frame, mutation, mutated, extra limbs, extra legs, extra arms, disfigured, deformed, cross-eye, body out of frame, blurry, bad art, bad anatomy, blurred, text, watermark, grainy"", ""gs"": 6.6927667, ""steps"": 25, ""scheduler_cls"": ""FlaxDPMSolverMultistepScheduler"", ""classification"": null}",unverified,,,
30482,mouth-to-mouth,1,random_audit,pickapic:746,Netanyahu versus Lapid in a boxing match,d8ed981fd2c32634314ff0fcbda21f703a9c71e4736f54e79f158a320d970318,pickapic:3febf95e-8553-428b-9c51-35f76595ddd0,pickapic:984a6da6-bb95-4831-a4bf-b98333f2d8d2,0.25461944937705994,0.2810702323913574,-0.026450783014297485,gallery_images/348c7ec510a9cc558a61bbb9.jpg,gallery_images/ba76f82bf3ad255429096769.jpg,"{""model_id"": ""stabilityai/stable-diffusion-2-1"", ""negative_prompt"": ""ugly, tiling, poorly drawn hands, poorly drawn feet, poorly drawn face, out of frame, mutation, mutated, extra limbs, extra legs, extra arms, disfigured, deformed, cross-eye, body out of frame, blurry, bad art, bad anatomy, blurred, text, watermark, grainy"", ""gs"": 9.014753, ""steps"": 25, ""scheduler_cls"": ""FlaxDPMSolverMultistepScheduler"", ""classification"": null}","{""model_id"": ""stabilityai/stable-diffusion-2-1"", ""negative_prompt"": ""ugly, tiling, poorly drawn hands, poorly drawn feet, poorly drawn face, out of frame, mutation, mutated, extra limbs, extra legs, extra arms, disfigured, deformed, cross-eye, body out of frame, blurry, bad art, bad anatomy, blurred, text, watermark, grainy"", ""gs"": 9.014753, ""steps"": 25, ""scheduler_cls"": ""FlaxDPMSolverMultistepScheduler"", ""classification"": null}",unverified,,,
34449,pavement,-1,supportive,pickapic:737,A lightbulb wearing sunglasses and playing the bagpipes,32f8e1bfa97e24ae46adc5983a5103d6ab823365985ed1e33d95d44b903ffbe3,pickapic:b0879576-e5fd-4abf-ba2b-773d94c91dc3,pickapic:a1fe06ec-40ce-4a81-b23e-06e9a2985f24,0.19060960412025452,0.34545421600341797,-0.15484461188316345,gallery_images/118ad7b92a332a2d8357b432.jpg,gallery_images/728ef3a001c1cb9c60acf835.jpg,"{""model_id"": ""yuvalkirstain/ProtoGen_X3.4_flax"", ""negative_prompt"": ""ugly, tiling, poorly drawn hands, poorly drawn feet, poorly drawn face, out of frame, mutation, mutated, extra limbs, extra legs, extra arms, disfigured, deformed, cross-eye, body out of frame, blurry, bad art, bad anatomy, blurred, text, watermark, grainy"", ""gs"": 6.9706764, ""steps"": 25, ""scheduler_cls"": ""FlaxDPMSolverMultistepScheduler"", ""classification"": null}","{""model_id"": ""yuvalkirstain/ProtoGen_X3.4_flax"", ""negative_prompt"": ""ugly, tiling, poorly drawn hands, poorly drawn feet, poorly drawn face, out of frame, mutation, mutated, extra limbs, extra legs, extra arms, disfigured, deformed, cross-eye, body out of frame, blurry, bad art, bad anatomy, blurred, text, watermark, grainy"", ""gs"": 6.9706764, ""steps"": 25, ""scheduler_cls"": ""FlaxDPMSolverMultistepScheduler"", ""classification"": null}",unverified,,,
34449,pavement,-1,supportive,pickapic:1665,Anime characters training to become Olympic rowers,71bb36abd4d8e78bdedacf7787724bbfb242a6cdef14d9153441ce74229e65f9,pickapic:9bff8ba0-44d0-4cea-8a0c-16a966b96370,pickapic:f18e3b1d-0ea8-4583-a9a3-b514b65f57c3,0.19696196913719177,0.33915773034095764,-0.14219576120376587,gallery_images/63805ee6cb284f6efc12e9c6.jpg,gallery_images/e47fbb1bdf4c52da164486bf.jpg,"{""model_id"": ""yuvalkirstain/ProtoGen_X3.4_flax"", ""negative_prompt"": ""ugly, tiling, poorly drawn hands, poorly drawn feet, poorly drawn face, out of frame, mutation, mutated, extra limbs, extra legs, extra arms, disfigured, deformed, cross-eye, body out of frame, blurry, bad art, bad anatomy, blurred, text, watermark, grainy"", ""gs"": 6.476715, ""steps"": 25, ""scheduler_cls"": ""FlaxDPMSolverMultistepScheduler"", ""classification"": null}","{""model_id"": ""yuvalkirstain/ProtoGen_X3.4_flax"", ""negative_prompt"": ""ugly, tiling, poorly drawn hands, poorly drawn feet, poorly drawn face, out of frame, mutation, mutated, extra limbs, extra legs, extra arms, disfigured, deformed, cross-eye, body out of frame, blurry, bad art, bad anatomy, blurred, text, watermark, grainy"", ""gs"": 6.476715, ""steps"": 25, ""scheduler_cls"": ""FlaxDPMSolverMultistepScheduler"", ""classification"": null}",unverified,,,
34449,pavement,-1,counterexample,pickapic:740,Fecal object,be9322fa543e71119437167ed65d82e276ec168783303a2e47be8df48bd141af,pickapic:b3243919-2433-4278-aeb9-3885c33f3d0e,pickapic:520fe6a3-8a51-48af-a662-56d9dce03e78,0.3553408980369568,0.23389731347560883,0.12144358456134796,gallery_images/766ac07a73b4b47bef41610c.jpg,gallery_images/42a6951d06c578d0ebc515fe.jpg,"{""model_id"": ""yuvalkirstain/ProtoGen_X3.4_flax"", ""negative_prompt"": ""ugly, tiling, poorly drawn hands, poorly drawn feet, poorly drawn face, out of frame, mutation, mutated, extra limbs, extra legs, extra arms, disfigured, deformed, cross-eye, body out of frame, blurry, bad art, bad anatomy, blurred, text, watermark, grainy"", ""gs"": 6.5434303, ""steps"": 25, ""scheduler_cls"": ""FlaxDPMSolverMultistepScheduler"", ""classification"": null}","{""model_id"": ""yuvalkirstain/ProtoGen_X3.4_flax"", ""negative_prompt"": ""ugly, tiling, poorly drawn hands, poorly drawn feet, poorly drawn face, out of frame, mutation, mutated, extra limbs, extra legs, extra arms, disfigured, deformed, cross-eye, body out of frame, blurry, bad art, bad anatomy, blurred, text, watermark, grainy"", ""gs"": 6.5434303, ""steps"": 25, ""scheduler_cls"": ""FlaxDPMSolverMultistepScheduler"", ""classification"": null}",unverified,,,
34449,pavement,-1,counterexample,pickapic:1568,Pancake Robot,07742870dfd8ed2e09e1b247091d4459c11461a9fff5c1545f08ab2e10b1f990,pickapic:a6cec737-bbf8-4b12-8305-faa804c0464f,pickapic:519071eb-be0a-4cb6-a53c-15b84f053a7c,0.27210506796836853,0.1711813360452652,0.10092373192310333,gallery_images/dcfad6587705eed470fe0666.jpg,gallery_images/b84f65b23af3a782c267acaf.jpg,"{""model_id"": ""yuvalkirstain/ProtoGen_X3.4_flax"", ""negative_prompt"": ""ugly, tiling, poorly drawn hands, poorly drawn feet, poorly drawn face, out of frame, mutation, mutated, extra limbs, extra legs, extra arms, disfigured, deformed, cross-eye, body out of frame, blurry, bad art, bad anatomy, blurred, text, watermark, grainy"", ""gs"": 8.484489, ""steps"": 25, ""scheduler_cls"": ""FlaxDPMSolverMultistepScheduler"", ""classification"": null}","{""model_id"": ""yuvalkirstain/ProtoGen_X3.4_flax"", ""negative_prompt"": ""ugly, tiling, poorly drawn hands, poorly drawn feet, poorly drawn face, out of frame, mutation, mutated, extra limbs, extra legs, extra arms, disfigured, deformed, cross-eye, body out of frame, blurry, bad art, bad anatomy, blurred, text, watermark, grainy"", ""gs"": 8.484489, ""steps"": 25, ""scheduler_cls"": ""FlaxDPMSolverMultistepScheduler"", ""classification"": null}",unverified,,,
34449,pavement,-1,random_audit,pickapic:558,Gay man with a kangaroo,2060f3fd84916750d09701e91da3b09a9baf6b8e7114099aeed0092df80873fb,pickapic:5d7c87ac-4eda-45d7-962b-32539d4cdd7c,pickapic:9d18c98c-e645-43f6-b953-440760ed2f65,0.19375914335250854,0.24005940556526184,-0.046300262212753296,gallery_images/9f0669727f7c7a033f0239e8.jpg,gallery_images/4694bc550f135b8465044ff2.jpg,"{""model_id"": ""stabilityai/stable-diffusion-2-1"", ""negative_prompt"": ""ugly, tiling, poorly drawn hands, poorly drawn feet, poorly drawn face, out of frame, mutation, mutated, extra limbs, extra legs, extra arms, disfigured, deformed, cross-eye, body out of frame, blurry, bad art, bad anatomy, blurred, text, watermark, grainy"", ""gs"": 7.4569426, ""steps"": 25, ""scheduler_cls"": ""FlaxDPMSolverMultistepScheduler"", ""classification"": null}","{""model_id"": ""yuvalkirstain/ProtoGen_X3.4_flax"", ""negative_prompt"": ""ugly, tiling, poorly drawn hands, poorly drawn feet, poorly drawn face, out of frame, mutation, mutated, extra limbs, extra legs, extra arms, disfigured, deformed, cross-eye, body out of frame, blurry, bad art, bad anatomy, blurred, text, watermark, grainy"", ""gs"": 7.7082486, ""steps"": 25, ""scheduler_cls"": ""FlaxDPMSolverMultistepScheduler"", ""classification"": null}",unverified,,,
34449,pavement,-1,random_audit,pickapic:1665,Anime characters training to become Olympic rowers,71bb36abd4d8e78bdedacf7787724bbfb242a6cdef14d9153441ce74229e65f9,pickapic:9bff8ba0-44d0-4cea-8a0c-16a966b96370,pickapic:8f62373d-0459-48a9-a262-3e06ae7b450d,0.19696196913719177,0.32704395055770874,-0.13008198142051697,gallery_images/63805ee6cb284f6efc12e9c6.jpg,gallery_images/7ab926f2356d954f2460d5de.jpg,"{""model_id"": ""yuvalkirstain/ProtoGen_X3.4_flax"", ""negative_prompt"": ""ugly, tiling, poorly drawn hands, poorly drawn feet, poorly drawn face, out of frame, mutation, mutated, extra limbs, extra legs, extra arms, disfigured, deformed, cross-eye, body out of frame, blurry, bad art, bad anatomy, blurred, text, watermark, grainy"", ""gs"": 6.476715, ""steps"": 25, ""scheduler_cls"": ""FlaxDPMSolverMultistepScheduler"", ""classification"": null}","{""model_id"": ""yuvalkirstain/ProtoGen_X3.4_flax"", ""negative_prompt"": ""ugly, tiling, poorly drawn hands, poorly drawn feet, poorly drawn face, out of frame, mutation, mutated, extra limbs, extra legs, extra arms, disfigured, deformed, cross-eye, body out of frame, blurry, bad art, bad anatomy, blurred, text, watermark, grainy"", ""gs"": 6.476715, ""steps"": 25, ""scheduler_cls"": ""FlaxDPMSolverMultistepScheduler"", ""classification"": null}",unverified,,,
26080,kickstand,-1,supportive,pickapic:1057,"soul being crushed, digital art",0938d4527298cf65ef8b428f22ab8a22cdc1f19a4d4fa47ee9f3876671286181,pickapic:7dc0f9ff-5459-4b6c-a2f4-a5fbfce6fc47,pickapic:93cd9bb8-e661-40d1-8751-e2f8b137f383,0.20631177723407745,0.31751835346221924,-0.11120657622814178,gallery_images/6eb90966fe3bcedf0d25452d.jpg,gallery_images/659eefef56eedb010286b089.jpg,"{""model_id"": ""yuvalkirstain/ProtoGen_X3.4_flax"", ""negative_prompt"": ""ugly, tiling, poorly drawn hands, poorly drawn feet, poorly drawn face, out of frame, mutation, mutated, extra limbs, extra legs, extra arms, disfigured, deformed, cross-eye, body out of frame, blurry, bad art, bad anatomy, blurred, text, watermark, grainy"", ""gs"": 7.7172422, ""steps"": 25, ""scheduler_cls"": ""FlaxDPMSolverMultistepScheduler"", ""classification"": null}","{""model_id"": ""yuvalkirstain/ProtoGen_X3.4_flax"", ""negative_prompt"": ""ugly, tiling, poorly drawn hands, poorly drawn feet, poorly drawn face, out of frame, mutation, mutated, extra limbs, extra legs, extra arms, disfigured, deformed, cross-eye, body out of frame, blurry, bad art, bad anatomy, blurred, text, watermark, grainy"", ""gs"": 7.7172422, ""steps"": 25, ""scheduler_cls"": ""FlaxDPMSolverMultistepScheduler"", ""classification"": null}",unverified,,,
26080,kickstand,-1,supportive,pickapic:560,Gay twink with a kangaroo saying hi ,56b70eba8fd2d1a668f09d7cdd703bd8059d6f9f0e1ffa99a6c126323ac5c764,pickapic:93ca271a-a559-45e8-a476-6928cb7a31c7,pickapic:507e6efb-edfb-44e0-bb26-aa83701cd549,0.22538408637046814,0.3135569095611572,-0.08817282319068909,gallery_images/1863acbd63a515cd40902bbf.jpg,gallery_images/cd261e9950958f5622870db9.jpg,"{""model_id"": ""stabilityai/stable-diffusion-2-1"", ""negative_prompt"": ""ugly, tiling, poorly drawn hands, poorly drawn feet, poorly drawn face, out of frame, mutation, mutated, extra limbs, extra legs, extra arms, disfigured, deformed, cross-eye, body out of frame, blurry, bad art, bad anatomy, blurred, text, watermark, grainy"", ""gs"": 8.389208, ""steps"": 25, ""scheduler_cls"": ""FlaxDPMSolverMultistepScheduler"", ""classification"": null}","{""model_id"": ""stabilityai/stable-diffusion-2-1"", ""negative_prompt"": ""ugly, tiling, poorly drawn hands, poorly drawn feet, poorly drawn face, out of frame, mutation, mutated, extra limbs, extra legs, extra arms, disfigured, deformed, cross-eye, body out of frame, blurry, bad art, bad anatomy, blurred, text, watermark, grainy"", ""gs"": 8.389208, ""steps"": 25, ""scheduler_cls"": ""FlaxDPMSolverMultistepScheduler"", ""classification"": null}",unverified,,,
26080,kickstand,-1,counterexample,pickapic:1614,car suited for a family of 2 parents and 2 small children so we need a car with a good space inside and a must to be able to diactivate the airbug in front. also i would like a bagage of at least 450 liters with the more the better. I belive a car should be less odor and fuel efficient but those are secondary. would be nice if the car is under 12 seconds to 100kmh and with max speed over 170 km/h. as i am looking for models in years 2015-2018 there is a good chance you can suggest few options. taken all of that in account i would prefer as small as possible car (width and length) and not too expensive. ideas?,3dce966edd183cabf5390cb42d9887a30dd89d8f6375fc82084cd22a244e4618,pickapic:badae263-44b7-4dcd-922b-09fa6b85faa9,pickapic:f1ee5672-8316-472f-9593-87b53837c0ec,0.3605250418186188,0.260437935590744,0.10008710622787476,gallery_images/48a45412cf1a3ffe2b116391.jpg,gallery_images/92f29d59ad5e3f94d54009d5.jpg,"{""model_id"": ""stabilityai/stable-diffusion-2-1"", ""negative_prompt"": ""ugly, tiling, poorly drawn hands, poorly drawn feet, poorly drawn face, out of frame, mutation, mutated, extra limbs, extra legs, extra arms, disfigured, deformed, cross-eye, body out of frame, blurry, bad art, bad anatomy, blurred, text, watermark, grainy"", ""gs"": 7.7929707, ""steps"": 25, ""scheduler_cls"": ""FlaxDPMSolverMultistepScheduler"", ""classification"": null}","{""model_id"": ""stabilityai/stable-diffusion-2-1"", ""negative_prompt"": ""ugly, tiling, poorly drawn hands, poorly drawn feet, poorly drawn face, out of frame, mutation, mutated, extra limbs, extra legs, extra arms, disfigured, deformed, cross-eye, body out of frame, blurry, bad art, bad anatomy, blurred, text, watermark, grainy"", ""gs"": 7.7929707, ""steps"": 25, ""scheduler_cls"": ""FlaxDPMSolverMultistepScheduler"", ""classification"": null}",unverified,,,
26080,kickstand,-1,counterexample,pickapic:488,All you need is love,3a75529a0beaf1c83edc4c10c4203f6671092eab302ff51fdfa8edc2afb0e147,pickapic:01d7a2d8-4728-4cb2-a09e-d94f3a8caaed,pickapic:404a1d00-bc1c-4a90-a707-37ec9c46b125,0.3266567289829254,0.2356928437948227,0.09096388518810272,gallery_images/98a793969dfcca7486503cc9.jpg,gallery_images/f4c9e2307061666ec42aeb74.jpg,"{""model_id"": ""stabilityai/stable-diffusion-2-1"", ""negative_prompt"": ""ugly, tiling, poorly drawn hands, poorly drawn feet, poorly drawn face, out of frame, mutation, mutated, extra limbs, extra legs, extra arms, disfigured, deformed, cross-eye, body out of frame, blurry, bad art, bad anatomy, blurred, text, watermark, grainy"", ""gs"": 8.43674, ""steps"": 25, ""scheduler_cls"": ""FlaxDPMSolverMultistepScheduler"", ""classification"": null}","{""model_id"": ""stabilityai/stable-diffusion-2-1"", ""negative_prompt"": ""ugly, tiling, poorly drawn hands, poorly drawn feet, poorly drawn face, out of frame, mutation, mutated, extra limbs, extra legs, extra arms, disfigured, deformed, cross-eye, body out of frame, blurry, bad art, bad anatomy, blurred, text, watermark, grainy"", ""gs"": 8.43674, ""steps"": 25, ""scheduler_cls"": ""FlaxDPMSolverMultistepScheduler"", ""classification"": null}",unverified,,,
26080,kickstand,-1,random_audit,pickapic:792,garden full of beautiful monsteras and anthuriums,371d72337dcd72e208c548a409079dac9565e5531b4ad3051c1bae48bc23328b,pickapic:ee008411-3884-4477-8cc2-6d9c4933061a,pickapic:cf96efc2-3c67-4709-ab16-9d0b89a81080,0.26112300157546997,0.2578127086162567,0.003310292959213257,gallery_images/e329d95958871fed5c39c631.jpg,gallery_images/00dec94dcd6048f22e33c3a9.jpg,"{""model_id"": ""stabilityai/stable-diffusion-2-1"", ""negative_prompt"": ""ugly, tiling, poorly drawn hands, poorly drawn feet, poorly drawn face, out of frame, mutation, mutated, extra limbs, extra legs, extra arms, disfigured, deformed, cross-eye, body out of frame, blurry, bad art, bad anatomy, blurred, text, watermark, grainy"", ""gs"": 8.984902, ""steps"": 25, ""scheduler_cls"": ""FlaxDPMSolverMultistepScheduler"", ""classification"": null}","{""model_id"": ""stabilityai/stable-diffusion-2-1"", ""negative_prompt"": ""ugly, tiling, poorly drawn hands, poorly drawn feet, poorly drawn face, out of frame, mutation, mutated, extra limbs, extra legs, extra arms, disfigured, deformed, cross-eye, body out of frame, blurry, bad art, bad anatomy, blurred, text, watermark, grainy"", ""gs"": 8.984902, ""steps"": 25, ""scheduler_cls"": ""FlaxDPMSolverMultistepScheduler"", ""classification"": null}",unverified,,,
26080,kickstand,-1,random_audit,pickapic:1763,"""Etched in the fading walls of ancient Pompeii, the graffiti stands as a testament to the vibrant life that once pulsed through the streets. Each stroke of the chisel tells a story, a message, a fleeting moment in time, forever captured in the stone. The art may be worn by the sands of time, yet its spirit endures, offering a glimpse into the past and a reminder that, even in the face of destruction, the human spirit can persevere.""",f183e63a9bbfbe627bd60b163f436c43c541d93c4e3e69f1986334b5aaa6b051,pickapic:e82bb3fb-c387-4228-91de-7d8cb3661fe2,pickapic:2014b070-b0ca-41e3-ade4-46f6a496ac2f,0.28521960973739624,0.342801958322525,-0.057582348585128784,gallery_images/cfb98847ba2c67896819038c.jpg,gallery_images/4e131283244895db65fcbf47.jpg,"{""model_id"": ""yuvalkirstain/ProtoGen_X3.4_flax"", ""negative_prompt"": ""ugly, tiling, poorly drawn hands, poorly drawn feet, poorly drawn face, out of frame, mutation, mutated, extra limbs, extra legs, extra arms, disfigured, deformed, cross-eye, body out of frame, blurry, bad art, bad anatomy, blurred, text, watermark, grainy"", ""gs"": 7.1684217, ""steps"": 25, ""scheduler_cls"": ""FlaxDPMSolverMultistepScheduler"", ""classification"": null}","{""model_id"": ""yuvalkirstain/ProtoGen_X3.4_flax"", ""negative_prompt"": ""ugly, tiling, poorly drawn hands, poorly drawn feet, poorly drawn face, out of frame, mutation, mutated, extra limbs, extra legs, extra arms, disfigured, deformed, cross-eye, body out of frame, blurry, bad art, bad anatomy, blurred, text, watermark, grainy"", ""gs"": 7.1684217, ""steps"": 25, ""scheduler_cls"": ""FlaxDPMSolverMultistepScheduler"", ""classification"": null}",unverified,,,
14442,driveway,-1,supportive,pickapic:558,Gay man with a kangaroo,2060f3fd84916750d09701e91da3b09a9baf6b8e7114099aeed0092df80873fb,pickapic:5d7c87ac-4eda-45d7-962b-32539d4cdd7c,pickapic:a122fc61-b84b-404f-a206-948f8932f844,0.19441449642181396,0.3397822976112366,-0.1453678011894226,gallery_images/9f0669727f7c7a033f0239e8.jpg,gallery_images/0119fcabdca38372882bfab5.jpg,"{""model_id"": ""stabilityai/stable-diffusion-2-1"", ""negative_prompt"": ""ugly, tiling, poorly drawn hands, poorly drawn feet, poorly drawn face, out of frame, mutation, mutated, extra limbs, extra legs, extra arms, disfigured, deformed, cross-eye, body out of frame, blurry, bad art, bad anatomy, blurred, text, watermark, grainy"", ""gs"": 7.4569426, ""steps"": 25, ""scheduler_cls"": ""FlaxDPMSolverMultistepScheduler"", ""classification"": null}","{""model_id"": ""stabilityai/stable-diffusion-2-1"", ""negative_prompt"": ""ugly, tiling, poorly drawn hands, poorly drawn feet, poorly drawn face, out of frame, mutation, mutated, extra limbs, extra legs, extra arms, disfigured, deformed, cross-eye, body out of frame, blurry, bad art, bad anatomy, blurred, text, watermark, grainy"", ""gs"": 7.4569426, ""steps"": 25, ""scheduler_cls"": ""FlaxDPMSolverMultistepScheduler"", ""classification"": null}",unverified,,,
14442,driveway,-1,supportive,pickapic:1665,Anime characters training to become Olympic rowers,71bb36abd4d8e78bdedacf7787724bbfb242a6cdef14d9153441ce74229e65f9,pickapic:9bff8ba0-44d0-4cea-8a0c-16a966b96370,pickapic:8f62373d-0459-48a9-a262-3e06ae7b450d,0.1737590730190277,0.3102738559246063,-0.1365147829055786,gallery_images/63805ee6cb284f6efc12e9c6.jpg,gallery_images/7ab926f2356d954f2460d5de.jpg,"{""model_id"": ""yuvalkirstain/ProtoGen_X3.4_flax"", ""negative_prompt"": ""ugly, tiling, poorly drawn hands, poorly drawn feet, poorly drawn face, out of frame, mutation, mutated, extra limbs, extra legs, extra arms, disfigured, deformed, cross-eye, body out of frame, blurry, bad art, bad anatomy, blurred, text, watermark, grainy"", ""gs"": 6.476715, ""steps"": 25, ""scheduler_cls"": ""FlaxDPMSolverMultistepScheduler"", ""classification"": null}","{""model_id"": ""yuvalkirstain/ProtoGen_X3.4_flax"", ""negative_prompt"": ""ugly, tiling, poorly drawn hands, poorly drawn feet, poorly drawn face, out of frame, mutation, mutated, extra limbs, extra legs, extra arms, disfigured, deformed, cross-eye, body out of frame, blurry, bad art, bad anatomy, blurred, text, watermark, grainy"", ""gs"": 6.476715, ""steps"": 25, ""scheduler_cls"": ""FlaxDPMSolverMultistepScheduler"", ""classification"": null}",unverified,,,
14442,driveway,-1,counterexample,pickapic:740,Fecal object,be9322fa543e71119437167ed65d82e276ec168783303a2e47be8df48bd141af,pickapic:b3243919-2433-4278-aeb9-3885c33f3d0e,pickapic:71f81a3b-a08f-49c8-a9bb-239f54faa6d3,0.3318028450012207,0.17805135250091553,0.15375149250030518,gallery_images/766ac07a73b4b47bef41610c.jpg,gallery_images/f4e0d479f5faba71ff8625bd.jpg,"{""model_id"": ""yuvalkirstain/ProtoGen_X3.4_flax"", ""negative_prompt"": ""ugly, tiling, poorly drawn hands, poorly drawn feet, poorly drawn face, out of frame, mutation, mutated, extra limbs, extra legs, extra arms, disfigured, deformed, cross-eye, body out of frame, blurry, bad art, bad anatomy, blurred, text, watermark, grainy"", ""gs"": 6.5434303, ""steps"": 25, ""scheduler_cls"": ""FlaxDPMSolverMultistepScheduler"", ""classification"": null}","{""model_id"": ""yuvalkirstain/ProtoGen_X3.4_flax"", ""negative_prompt"": ""ugly, tiling, poorly drawn hands, poorly drawn feet, poorly drawn face, out of frame, mutation, mutated, extra limbs, extra legs, extra arms, disfigured, deformed, cross-eye, body out of frame, blurry, bad art, bad anatomy, blurred, text, watermark, grainy"", ""gs"": 6.5434303, ""steps"": 25, ""scheduler_cls"": ""FlaxDPMSolverMultistepScheduler"", ""classification"": null}",unverified,,,
14442,driveway,-1,counterexample,pickapic:1740,A deer made of fire,d84535195e97308433d4eca8cdb5896852befe3b8cededcef00cb65517ac9721,pickapic:2810c3aa-6256-47c3-8a39-4702952e922c,pickapic:52909c23-f218-4790-b4ef-a78c29bb8829,0.31628093123435974,0.20946426689624786,0.10681666433811188,gallery_images/de7e3ca5cb16dd6a5fb6332d.jpg,gallery_images/200e428e3047bc536fc95b9a.jpg,"{""model_id"": ""stabilityai/stable-diffusion-2-1"", ""negative_prompt"": ""ugly, tiling, poorly drawn hands, poorly drawn feet, poorly drawn face, out of frame, mutation, mutated, extra limbs, extra legs, extra arms, disfigured, deformed, cross-eye, body out of frame, blurry, bad art, bad anatomy, blurred, text, watermark, grainy"", ""gs"": 8.2960005, ""steps"": 25, ""scheduler_cls"": ""FlaxDPMSolverMultistepScheduler"", ""classification"": null}","{""model_id"": ""stabilityai/stable-diffusion-2-1"", ""negative_prompt"": ""ugly, tiling, poorly drawn hands, poorly drawn feet, poorly drawn face, out of frame, mutation, mutated, extra limbs, extra legs, extra arms, disfigured, deformed, cross-eye, body out of frame, blurry, bad art, bad anatomy, blurred, text, watermark, grainy"", ""gs"": 8.2960005, ""steps"": 25, ""scheduler_cls"": ""FlaxDPMSolverMultistepScheduler"", ""classification"": null}",unverified,,,
14442,driveway,-1,random_audit,pickapic:740,Fecal object,be9322fa543e71119437167ed65d82e276ec168783303a2e47be8df48bd141af,pickapic:b3243919-2433-4278-aeb9-3885c33f3d0e,pickapic:71f81a3b-a08f-49c8-a9bb-239f54faa6d3,0.3318028450012207,0.17805135250091553,0.15375149250030518,gallery_images/766ac07a73b4b47bef41610c.jpg,gallery_images/f4e0d479f5faba71ff8625bd.jpg,"{""model_id"": ""yuvalkirstain/ProtoGen_X3.4_flax"", ""negative_prompt"": ""ugly, tiling, poorly drawn hands, poorly drawn feet, poorly drawn face, out of frame, mutation, mutated, extra limbs, extra legs, extra arms, disfigured, deformed, cross-eye, body out of frame, blurry, bad art, bad anatomy, blurred, text, watermark, grainy"", ""gs"": 6.5434303, ""steps"": 25, ""scheduler_cls"": ""FlaxDPMSolverMultistepScheduler"", ""classification"": null}","{""model_id"": ""yuvalkirstain/ProtoGen_X3.4_flax"", ""negative_prompt"": ""ugly, tiling, poorly drawn hands, poorly drawn feet, poorly drawn face, out of frame, mutation, mutated, extra limbs, extra legs, extra arms, disfigured, deformed, cross-eye, body out of frame, blurry, bad art, bad anatomy, blurred, text, watermark, grainy"", ""gs"": 6.5434303, ""steps"": 25, ""scheduler_cls"": ""FlaxDPMSolverMultistepScheduler"", ""classification"": null}",unverified,,,
14442,driveway,-1,random_audit,pickapic:756,Putin kissing Zelensky,c044b0a4851a87b339f7bab7e495ae997ea460abaef0d41ee2d5f938bce2f614,pickapic:06faf71b-1e8b-4acb-b011-68a44decf497,pickapic:5b7cc3d2-a21d-4115-9a57-24ce1da52efd,0.18849898874759674,0.3096052408218384,-0.12110625207424164,gallery_images/172b20935784bdf2c70c106e.jpg,gallery_images/95e05614ab44933de39a9272.jpg,"{""model_id"": ""stabilityai/stable-diffusion-2-1"", ""negative_prompt"": ""ugly, tiling, poorly drawn hands, poorly drawn feet, poorly drawn face, out of frame, mutation, mutated, extra limbs, extra legs, extra arms, disfigured, deformed, cross-eye, body out of frame, blurry, bad art, bad anatomy, blurred, text, watermark, grainy"", ""gs"": 8.349569, ""steps"": 25, ""scheduler_cls"": ""FlaxDPMSolverMultistepScheduler"", ""classification"": null}","{""model_id"": ""stabilityai/stable-diffusion-2-1"", ""negative_prompt"": ""ugly, tiling, poorly drawn hands, poorly drawn feet, poorly drawn face, out of frame, mutation, mutated, extra limbs, extra legs, extra arms, disfigured, deformed, cross-eye, body out of frame, blurry, bad art, bad anatomy, blurred, text, watermark, grainy"", ""gs"": 8.349569, ""steps"": 25, ""scheduler_cls"": ""FlaxDPMSolverMultistepScheduler"", ""classification"": null}",unverified,,,
43084,sidewalk,-1,supportive,pickapic:558,Gay man with a kangaroo,2060f3fd84916750d09701e91da3b09a9baf6b8e7114099aeed0092df80873fb,pickapic:5d7c87ac-4eda-45d7-962b-32539d4cdd7c,pickapic:a122fc61-b84b-404f-a206-948f8932f844,0.185641810297966,0.3452437222003937,-0.15960191190242767,gallery_images/9f0669727f7c7a033f0239e8.jpg,gallery_images/0119fcabdca38372882bfab5.jpg,"{""model_id"": ""stabilityai/stable-diffusion-2-1"", ""negative_prompt"": ""ugly, tiling, poorly drawn hands, poorly drawn feet, poorly drawn face, out of frame, mutation, mutated, extra limbs, extra legs, extra arms, disfigured, deformed, cross-eye, body out of frame, blurry, bad art, bad anatomy, blurred, text, watermark, grainy"", ""gs"": 7.4569426, ""steps"": 25, ""scheduler_cls"": ""FlaxDPMSolverMultistepScheduler"", ""classification"": null}","{""model_id"": ""stabilityai/stable-diffusion-2-1"", ""negative_prompt"": ""ugly, tiling, poorly drawn hands, poorly drawn feet, poorly drawn face, out of frame, mutation, mutated, extra limbs, extra legs, extra arms, disfigured, deformed, cross-eye, body out of frame, blurry, bad art, bad anatomy, blurred, text, watermark, grainy"", ""gs"": 7.4569426, ""steps"": 25, ""scheduler_cls"": ""FlaxDPMSolverMultistepScheduler"", ""classification"": null}",unverified,,,
43084,sidewalk,-1,supportive,pickapic:1057,"soul being crushed, digital art",0938d4527298cf65ef8b428f22ab8a22cdc1f19a4d4fa47ee9f3876671286181,pickapic:7dc0f9ff-5459-4b6c-a2f4-a5fbfce6fc47,pickapic:de4918e6-bce2-4bb0-b7d8-537f38d7ff86,0.18268586695194244,0.29278165102005005,-0.1100957840681076,gallery_images/6eb90966fe3bcedf0d25452d.jpg,gallery_images/50ce9b87e85aa7749c7941cb.jpg,"{""model_id"": ""yuvalkirstain/ProtoGen_X3.4_flax"", ""negative_prompt"": ""ugly, tiling, poorly drawn hands, poorly drawn feet, poorly drawn face, out of frame, mutation, mutated, extra limbs, extra legs, extra arms, disfigured, deformed, cross-eye, body out of frame, blurry, bad art, bad anatomy, blurred, text, watermark, grainy"", ""gs"": 7.7172422, ""steps"": 25, ""scheduler_cls"": ""FlaxDPMSolverMultistepScheduler"", ""classification"": null}","{""model_id"": ""yuvalkirstain/ProtoGen_X3.4_flax"", ""negative_prompt"": ""ugly, tiling, poorly drawn hands, poorly drawn feet, poorly drawn face, out of frame, mutation, mutated, extra limbs, extra legs, extra arms, disfigured, deformed, cross-eye, body out of frame, blurry, bad art, bad anatomy, blurred, text, watermark, grainy"", ""gs"": 7.7172422, ""steps"": 25, ""scheduler_cls"": ""FlaxDPMSolverMultistepScheduler"", ""classification"": null}",unverified,,,
43084,sidewalk,-1,counterexample,pickapic:363,a japanese girl working out in a dress,e34e72d9766a294a63019e293b382a9b69af314437a05bd7562f3995128f26e3,pickapic:85deafa4-886f-4fbf-9434-eef73ef70c8a,pickapic:5a291ca1-b882-4967-867b-ea5bae72d417,0.3445122539997101,0.2261141836643219,0.11839807033538818,gallery_images/e111bc5b56413227a18fc3b9.jpg,gallery_images/270aba20ff38850c7abff9df.jpg,"{""model_id"": ""stabilityai/stable-diffusion-2-1"", ""negative_prompt"": ""ugly, tiling, poorly drawn hands, poorly drawn feet, poorly drawn face, out of frame, mutation, mutated, extra limbs, extra legs, extra arms, disfigured, deformed, cross-eye, body out of frame, blurry, bad art, bad anatomy, blurred, text, watermark, grainy"", ""gs"": 9.080837, ""steps"": 25, ""scheduler_cls"": ""FlaxDPMSolverMultistepScheduler"", ""classification"": null}","{""model_id"": ""stabilityai/stable-diffusion-2-1"", ""negative_prompt"": ""ugly, tiling, poorly drawn hands, poorly drawn feet, poorly drawn face, out of frame, mutation, mutated, extra limbs, extra legs, extra arms, disfigured, deformed, cross-eye, body out of frame, blurry, bad art, bad anatomy, blurred, text, watermark, grainy"", ""gs"": 9.080837, ""steps"": 25, ""scheduler_cls"": ""FlaxDPMSolverMultistepScheduler"", ""classification"": null}",unverified,,,
43084,sidewalk,-1,counterexample,pickapic:1763,"""Etched in the fading walls of ancient Pompeii, the graffiti stands as a testament to the vibrant life that once pulsed through the streets. Each stroke of the chisel tells a story, a message, a fleeting moment in time, forever captured in the stone. The art may be worn by the sands of time, yet its spirit endures, offering a glimpse into the past and a reminder that, even in the face of destruction, the human spirit can persevere.""",f183e63a9bbfbe627bd60b163f436c43c541d93c4e3e69f1986334b5aaa6b051,pickapic:e82bb3fb-c387-4228-91de-7d8cb3661fe2,pickapic:5c3b1923-906e-4178-bae5-eef09032939f,0.3845256268978119,0.2717771828174591,0.11274844408035278,gallery_images/cfb98847ba2c67896819038c.jpg,gallery_images/7bf6547c09b3c08368eccb7d.jpg,"{""model_id"": ""yuvalkirstain/ProtoGen_X3.4_flax"", ""negative_prompt"": ""ugly, tiling, poorly drawn hands, poorly drawn feet, poorly drawn face, out of frame, mutation, mutated, extra limbs, extra legs, extra arms, disfigured, deformed, cross-eye, body out of frame, blurry, bad art, bad anatomy, blurred, text, watermark, grainy"", ""gs"": 7.1684217, ""steps"": 25, ""scheduler_cls"": ""FlaxDPMSolverMultistepScheduler"", ""classification"": null}","{""model_id"": ""yuvalkirstain/ProtoGen_X3.4_flax"", ""negative_prompt"": ""ugly, tiling, poorly drawn hands, poorly drawn feet, poorly drawn face, out of frame, mutation, mutated, extra limbs, extra legs, extra arms, disfigured, deformed, cross-eye, body out of frame, blurry, bad art, bad anatomy, blurred, text, watermark, grainy"", ""gs"": 7.1684217, ""steps"": 25, ""scheduler_cls"": ""FlaxDPMSolverMultistepScheduler"", ""classification"": null}",unverified,,,
43084,sidewalk,-1,random_audit,pickapic:1198,utopian future,6b196dec9bba4588cc92e55f552103cff65f5363f75a80cacfb2f75b421c6298,pickapic:bb8b7351-b421-4278-8d1c-90e4c80a2cec,pickapic:4780050f-1a5d-488f-9c01-1ca27941ecf5,0.26293689012527466,0.2672090232372284,-0.004272133111953735,gallery_images/0018e165ac81b9d2435b718e.jpg,gallery_images/8a716f4e21d5bca4203acf18.jpg,"{""model_id"": ""stabilityai/stable-diffusion-2-1"", ""negative_prompt"": ""ugly, tiling, poorly drawn hands, poorly drawn feet, poorly drawn face, out of frame, mutation, mutated, extra limbs, extra legs, extra arms, disfigured, deformed, cross-eye, body out of frame, blurry, bad art, bad anatomy, blurred, text, watermark, grainy"", ""gs"": 7.329106, ""steps"": 25, ""scheduler_cls"": ""FlaxDPMSolverMultistepScheduler"", ""classification"": null}","{""model_id"": ""stabilityai/stable-diffusion-2-1"", ""negative_prompt"": ""ugly, tiling, poorly drawn hands, poorly drawn feet, poorly drawn face, out of frame, mutation, mutated, extra limbs, extra legs, extra arms, disfigured, deformed, cross-eye, body out of frame, blurry, bad art, bad anatomy, blurred, text, watermark, grainy"", ""gs"": 7.329106, ""steps"": 25, ""scheduler_cls"": ""FlaxDPMSolverMultistepScheduler"", ""classification"": null}",unverified,,,
43084,sidewalk,-1,random_audit,pickapic:792,garden full of beautiful monsteras and anthuriums,371d72337dcd72e208c548a409079dac9565e5531b4ad3051c1bae48bc23328b,pickapic:ee008411-3884-4477-8cc2-6d9c4933061a,pickapic:5b770b08-5138-44f3-9473-c792d5e6fc5f,0.2838037312030792,0.32278770208358765,-0.03898397088050842,gallery_images/e329d95958871fed5c39c631.jpg,gallery_images/0c1565f0baaf185d3b9e0b39.jpg,"{""model_id"": ""stabilityai/stable-diffusion-2-1"", ""negative_prompt"": ""ugly, tiling, poorly drawn hands, poorly drawn feet, poorly drawn face, out of frame, mutation, mutated, extra limbs, extra legs, extra arms, disfigured, deformed, cross-eye, body out of frame, blurry, bad art, bad anatomy, blurred, text, watermark, grainy"", ""gs"": 8.984902, ""steps"": 25, ""scheduler_cls"": ""FlaxDPMSolverMultistepScheduler"", ""classification"": null}","{""model_id"": ""stabilityai/stable-diffusion-2-1"", ""negative_prompt"": ""ugly, tiling, poorly drawn hands, poorly drawn feet, poorly drawn face, out of frame, mutation, mutated, extra limbs, extra legs, extra arms, disfigured, deformed, cross-eye, body out of frame, blurry, bad art, bad anatomy, blurred, text, watermark, grainy"", ""gs"": 8.984902, ""steps"": 25, ""scheduler_cls"": ""FlaxDPMSolverMultistepScheduler"", ""classification"": null}",unverified,,,
14096,doormat,-1,supportive,pickapic:1100,A dog,cd47b231fc5feac417cbb0170fb94efdbfdb3957a2cc2fe232f6a0f31c0ddd3c,pickapic:7446cb13-ca2a-460f-9206-978c801735c1,pickapic:d83005a6-358f-4cc2-94d5-18e02fbb714c,0.22363735735416412,0.30693307518959045,-0.08329571783542633,gallery_images/da360de8d21f0a1f27ce9b78.jpg,gallery_images/a0c83e776205182117bcb4e3.jpg,"{""model_id"": ""yuvalkirstain/ProtoGen_X3.4_flax"", ""negative_prompt"": ""ugly, tiling, poorly drawn hands, poorly drawn feet, poorly drawn face, out of frame, mutation, mutated, extra limbs, extra legs, extra arms, disfigured, deformed, cross-eye, body out of frame, blurry, bad art, bad anatomy, blurred, text, watermark, grainy"", ""gs"": 6.6927667, ""steps"": 25, ""scheduler_cls"": ""FlaxDPMSolverMultistepScheduler"", ""classification"": null}","{""model_id"": ""yuvalkirstain/ProtoGen_X3.4_flax"", ""negative_prompt"": ""ugly, tiling, poorly drawn hands, poorly drawn feet, poorly drawn face, out of frame, mutation, mutated, extra limbs, extra legs, extra arms, disfigured, deformed, cross-eye, body out of frame, blurry, bad art, bad anatomy, blurred, text, watermark, grainy"", ""gs"": 6.6927667, ""steps"": 25, ""scheduler_cls"": ""FlaxDPMSolverMultistepScheduler"", ""classification"": null}",unverified,,,
14096,doormat,-1,supportive,pickapic:737,A lightbulb wearing sunglasses and playing the bagpipes,32f8e1bfa97e24ae46adc5983a5103d6ab823365985ed1e33d95d44b903ffbe3,pickapic:b0879576-e5fd-4abf-ba2b-773d94c91dc3,pickapic:a1fe06ec-40ce-4a81-b23e-06e9a2985f24,0.18948513269424438,0.2562457323074341,-0.0667605996131897,gallery_images/118ad7b92a332a2d8357b432.jpg,gallery_images/728ef3a001c1cb9c60acf835.jpg,"{""model_id"": ""yuvalkirstain/ProtoGen_X3.4_flax"", ""negative_prompt"": ""ugly, tiling, poorly drawn hands, poorly drawn feet, poorly drawn face, out of frame, mutation, mutated, extra limbs, extra legs, extra arms, disfigured, deformed, cross-eye, body out of frame, blurry, bad art, bad anatomy, blurred, text, watermark, grainy"", ""gs"": 6.9706764, ""steps"": 25, ""scheduler_cls"": ""FlaxDPMSolverMultistepScheduler"", ""classification"": null}","{""model_id"": ""yuvalkirstain/ProtoGen_X3.4_flax"", ""negative_prompt"": ""ugly, tiling, poorly drawn hands, poorly drawn feet, poorly drawn face, out of frame, mutation, mutated, extra limbs, extra legs, extra arms, disfigured, deformed, cross-eye, body out of frame, blurry, bad art, bad anatomy, blurred, text, watermark, grainy"", ""gs"": 6.9706764, ""steps"": 25, ""scheduler_cls"": ""FlaxDPMSolverMultistepScheduler"", ""classification"": null}",unverified,,,
14096,doormat,-1,counterexample,pickapic:1614,car suited for a family of 2 parents and 2 small children so we need a car with a good space inside and a must to be able to diactivate the airbug in front. also i would like a bagage of at least 450 liters with the more the better. I belive a car should be less odor and fuel efficient but those are secondary. would be nice if the car is under 12 seconds to 100kmh and with max speed over 170 km/h. as i am looking for models in years 2015-2018 there is a good chance you can suggest few options. taken all of that in account i would prefer as small as possible car (width and length) and not too expensive. ideas?,3dce966edd183cabf5390cb42d9887a30dd89d8f6375fc82084cd22a244e4618,pickapic:badae263-44b7-4dcd-922b-09fa6b85faa9,pickapic:f1ee5672-8316-472f-9593-87b53837c0ec,0.29081887006759644,0.21261994540691376,0.07819892466068268,gallery_images/48a45412cf1a3ffe2b116391.jpg,gallery_images/92f29d59ad5e3f94d54009d5.jpg,"{""model_id"": ""stabilityai/stable-diffusion-2-1"", ""negative_prompt"": ""ugly, tiling, poorly drawn hands, poorly drawn feet, poorly drawn face, out of frame, mutation, mutated, extra limbs, extra legs, extra arms, disfigured, deformed, cross-eye, body out of frame, blurry, bad art, bad anatomy, blurred, text, watermark, grainy"", ""gs"": 7.7929707, ""steps"": 25, ""scheduler_cls"": ""FlaxDPMSolverMultistepScheduler"", ""classification"": null}","{""model_id"": ""stabilityai/stable-diffusion-2-1"", ""negative_prompt"": ""ugly, tiling, poorly drawn hands, poorly drawn feet, poorly drawn face, out of frame, mutation, mutated, extra limbs, extra legs, extra arms, disfigured, deformed, cross-eye, body out of frame, blurry, bad art, bad anatomy, blurred, text, watermark, grainy"", ""gs"": 7.7929707, ""steps"": 25, ""scheduler_cls"": ""FlaxDPMSolverMultistepScheduler"", ""classification"": null}",unverified,,,
14096,doormat,-1,counterexample,pickapic:467,A gorgeous busty blonde milf walking her dog.,9c1ece999575cc53b700fb6958da9af28d192d843fb381942beeb7c96770a435,pickapic:dc7e239d-2aa7-4407-aa5b-1992c41ac9bc,pickapic:cbd8c681-bdd8-4529-bd4f-8076c3cb2f6b,0.2504400610923767,0.18489137291908264,0.06554868817329407,gallery_images/53ddc33afa1e75490ccf6749.jpg,gallery_images/e1c688ee093fb8f0b60e3119.jpg,"{""model_id"": ""yuvalkirstain/ProtoGen_X3.4_flax"", ""negative_prompt"": ""ugly, tiling, poorly drawn hands, poorly drawn feet, poorly drawn face, out of frame, mutation, mutated, extra limbs, extra legs, extra arms, disfigured, deformed, cross-eye, body out of frame, blurry, bad art, bad anatomy, blurred, text, watermark, grainy"", ""gs"": 7.7054462, ""steps"": 25, ""scheduler_cls"": ""FlaxDPMSolverMultistepScheduler"", ""classification"": null}","{""model_id"": ""yuvalkirstain/ProtoGen_X3.4_flax"", ""negative_prompt"": ""ugly, tiling, poorly drawn hands, poorly drawn feet, poorly drawn face, out of frame, mutation, mutated, extra limbs, extra legs, extra arms, disfigured, deformed, cross-eye, body out of frame, blurry, bad art, bad anatomy, blurred, text, watermark, grainy"", ""gs"": 7.7054462, ""steps"": 25, ""scheduler_cls"": ""FlaxDPMSolverMultistepScheduler"", ""classification"": null}",unverified,,,
14096,doormat,-1,random_audit,pickapic:685,Barack Obama drinking a beer on the moon,e4f3356e6e6735182ac64fdeb2adeae73b36e572b6bf01e6767455079e9e76c6,pickapic:c6bfe8b3-8887-46a3-8a96-a9046506af54,pickapic:3c7da180-047b-4abd-a2ac-2ddc42717670,0.24158670008182526,0.20596101880073547,0.03562568128108978,gallery_images/4cb68229501adbda17dbe47b.jpg,gallery_images/6a509ca6c683b08ef7520e6e.jpg,"{""model_id"": ""yuvalkirstain/ProtoGen_X3.4_flax"", ""negative_prompt"": ""ugly, tiling, poorly drawn hands, poorly drawn feet, poorly drawn face, out of frame, mutation, mutated, extra limbs, extra legs, extra arms, disfigured, deformed, cross-eye, body out of frame, blurry, bad art, bad anatomy, blurred, text, watermark, grainy"", ""gs"": 8.428913, ""steps"": 25, ""scheduler_cls"": ""FlaxDPMSolverMultistepScheduler"", ""classification"": null}","{""model_id"": ""stabilityai/stable-diffusion-2-1"", ""negative_prompt"": ""ugly, tiling, poorly drawn hands, poorly drawn feet, poorly drawn face, out of frame, mutation, mutated, extra limbs, extra legs, extra arms, disfigured, deformed, cross-eye, body out of frame, blurry, bad art, bad anatomy, blurred, text, watermark, grainy"", ""gs"": 7.347082, ""steps"": 25, ""scheduler_cls"": ""FlaxDPMSolverMultistepScheduler"", ""classification"": null}",unverified,,,
14096,doormat,-1,random_audit,pickapic:1665,Anime characters training to become Olympic rowers,71bb36abd4d8e78bdedacf7787724bbfb242a6cdef14d9153441ce74229e65f9,pickapic:9bff8ba0-44d0-4cea-8a0c-16a966b96370,pickapic:8f62373d-0459-48a9-a262-3e06ae7b450d,0.17907537519931793,0.22494487464427948,-0.04586949944496155,gallery_images/63805ee6cb284f6efc12e9c6.jpg,gallery_images/7ab926f2356d954f2460d5de.jpg,"{""model_id"": ""yuvalkirstain/ProtoGen_X3.4_flax"", ""negative_prompt"": ""ugly, tiling, poorly drawn hands, poorly drawn feet, poorly drawn face, out of frame, mutation, mutated, extra limbs, extra legs, extra arms, disfigured, deformed, cross-eye, body out of frame, blurry, bad art, bad anatomy, blurred, text, watermark, grainy"", ""gs"": 6.476715, ""steps"": 25, ""scheduler_cls"": ""FlaxDPMSolverMultistepScheduler"", ""classification"": null}","{""model_id"": ""yuvalkirstain/ProtoGen_X3.4_flax"", ""negative_prompt"": ""ugly, tiling, poorly drawn hands, poorly drawn feet, poorly drawn face, out of frame, mutation, mutated, extra limbs, extra legs, extra arms, disfigured, deformed, cross-eye, body out of frame, blurry, bad art, bad anatomy, blurred, text, watermark, grainy"", ""gs"": 6.476715, ""steps"": 25, ""scheduler_cls"": ""FlaxDPMSolverMultistepScheduler"", ""classification"": null}",unverified,,,
7638,carpeting,-1,supportive,pickapic:488,All you need is love,3a75529a0beaf1c83edc4c10c4203f6671092eab302ff51fdfa8edc2afb0e147,pickapic:01d7a2d8-4728-4cb2-a09e-d94f3a8caaed,pickapic:bdcda6bd-f5f6-4464-88be-1783035fceba,0.20795217156410217,0.3037974238395691,-0.09584525227546692,gallery_images/98a793969dfcca7486503cc9.jpg,gallery_images/5ffb7e04cd2b0f5947e446e3.jpg,"{""model_id"": ""stabilityai/stable-diffusion-2-1"", ""negative_prompt"": ""ugly, tiling, poorly drawn hands, poorly drawn feet, poorly drawn face, out of frame, mutation, mutated, extra limbs, extra legs, extra arms, disfigured, deformed, cross-eye, body out of frame, blurry, bad art, bad anatomy, blurred, text, watermark, grainy"", ""gs"": 8.43674, ""steps"": 25, ""scheduler_cls"": ""FlaxDPMSolverMultistepScheduler"", ""classification"": null}","{""model_id"": ""stabilityai/stable-diffusion-2-1"", ""negative_prompt"": ""ugly, tiling, poorly drawn hands, poorly drawn feet, poorly drawn face, out of frame, mutation, mutated, extra limbs, extra legs, extra arms, disfigured, deformed, cross-eye, body out of frame, blurry, bad art, bad anatomy, blurred, text, watermark, grainy"", ""gs"": 8.43674, ""steps"": 25, ""scheduler_cls"": ""FlaxDPMSolverMultistepScheduler"", ""classification"": null}",unverified,,,
7638,carpeting,-1,supportive,pickapic:1569,Pancake Robot,07742870dfd8ed2e09e1b247091d4459c11461a9fff5c1545f08ab2e10b1f990,pickapic:a6cec737-bbf8-4b12-8305-faa804c0464f,pickapic:c88afe75-0add-47fe-b146-b69dfeef107e,0.25243300199508667,0.3259645402431488,-0.07353153824806213,gallery_images/dcfad6587705eed470fe0666.jpg,gallery_images/a6b4cda75ff0f0e5897483ea.jpg,"{""model_id"": ""yuvalkirstain/ProtoGen_X3.4_flax"", ""negative_prompt"": ""ugly, tiling, poorly drawn hands, poorly drawn feet, poorly drawn face, out of frame, mutation, mutated, extra limbs, extra legs, extra arms, disfigured, deformed, cross-eye, body out of frame, blurry, bad art, bad anatomy, blurred, text, watermark, grainy"", ""gs"": 8.484489, ""steps"": 25, ""scheduler_cls"": ""FlaxDPMSolverMultistepScheduler"", ""classification"": null}","{""model_id"": ""stabilityai/stable-diffusion-2-1"", ""negative_prompt"": ""ugly, tiling, poorly drawn hands, poorly drawn feet, poorly drawn face, out of frame, mutation, mutated, extra limbs, extra legs, extra arms, disfigured, deformed, cross-eye, body out of frame, blurry, bad art, bad anatomy, blurred, text, watermark, grainy"", ""gs"": 8.903546, ""steps"": 25, ""scheduler_cls"": ""FlaxDPMSolverMultistepScheduler"", ""classification"": null}",unverified,,,
7638,carpeting,-1,counterexample,pickapic:1568,Pancake Robot,07742870dfd8ed2e09e1b247091d4459c11461a9fff5c1545f08ab2e10b1f990,pickapic:a6cec737-bbf8-4b12-8305-faa804c0464f,pickapic:519071eb-be0a-4cb6-a53c-15b84f053a7c,0.25243300199508667,0.15624365210533142,0.09618934988975525,gallery_images/dcfad6587705eed470fe0666.jpg,gallery_images/b84f65b23af3a782c267acaf.jpg,"{""model_id"": ""yuvalkirstain/ProtoGen_X3.4_flax"", ""negative_prompt"": ""ugly, tiling, poorly drawn hands, poorly drawn feet, poorly drawn face, out of frame, mutation, mutated, extra limbs, extra legs, extra arms, disfigured, deformed, cross-eye, body out of frame, blurry, bad art, bad anatomy, blurred, text, watermark, grainy"", ""gs"": 8.484489, ""steps"": 25, ""scheduler_cls"": ""FlaxDPMSolverMultistepScheduler"", ""classification"": null}","{""model_id"": ""yuvalkirstain/ProtoGen_X3.4_flax"", ""negative_prompt"": ""ugly, tiling, poorly drawn hands, poorly drawn feet, poorly drawn face, out of frame, mutation, mutated, extra limbs, extra legs, extra arms, disfigured, deformed, cross-eye, body out of frame, blurry, bad art, bad anatomy, blurred, text, watermark, grainy"", ""gs"": 8.484489, ""steps"": 25, ""scheduler_cls"": ""FlaxDPMSolverMultistepScheduler"", ""classification"": null}",unverified,,,
7638,carpeting,-1,counterexample,pickapic:249,diorama of a futuristic house made from a nautilus shell,72cfc5f65f8fedb1cd07d951355a476e82f2d3c6d419845dacbde0d08a610ad9,pickapic:d27784b0-3df5-4689-825e-80a9b9592395,pickapic:94af8553-2aba-4ce5-9108-64015ef118b5,0.28616344928741455,0.21596908569335938,0.07019436359405518,gallery_images/99c9d6925c9d387bf4eb2324.jpg,gallery_images/c583fd0e7491a41b2cf6e212.jpg,"{""model_id"": ""stabilityai/stable-diffusion-2-1"", ""negative_prompt"": ""ugly, tiling, poorly drawn hands, poorly drawn feet, poorly drawn face, out of frame, mutation, mutated, extra limbs, extra legs, extra arms, disfigured, deformed, cross-eye, body out of frame, blurry, bad art, bad anatomy, blurred, text, watermark, grainy"", ""gs"": 7.723139, ""steps"": 25, ""scheduler_cls"": ""FlaxDPMSolverMultistepScheduler"", ""classification"": null}","{""model_id"": ""stabilityai/stable-diffusion-2-1"", ""negative_prompt"": ""ugly, tiling, poorly drawn hands, poorly drawn feet, poorly drawn face, out of frame, mutation, mutated, extra limbs, extra legs, extra arms, disfigured, deformed, cross-eye, body out of frame, blurry, bad art, bad anatomy, blurred, text, watermark, grainy"", ""gs"": 7.723139, ""steps"": 25, ""scheduler_cls"": ""FlaxDPMSolverMultistepScheduler"", ""classification"": null}",unverified,,,
7638,carpeting,-1,random_audit,pickapic:445,"decadent chocolate whipped cream strawberry jello unearthly dessert by artist ""Judson Huss"",by artist ""Yerka"",by artist  ""Daniela Uhlig""",50ee4f35e76e30b294b9c7b49b00f6d4f96f2c40d7976c31bf504a89e75c4391,pickapic:9e95a8a6-6c56-4114-afa0-ff088717f6b7,pickapic:591bca5f-29f9-47e4-9bfd-1b7c1cf11221,0.24853886663913727,0.22010581195354462,0.02843305468559265,gallery_images/79be4e65e99dd4c48a2ce667.jpg,gallery_images/bff640535910c43ffc531245.jpg,"{""model_id"": ""yuvalkirstain/ProtoGen_X3.4_flax"", ""negative_prompt"": ""ugly, tiling, poorly drawn hands, poorly drawn feet, poorly drawn face, out of frame, mutation, mutated, extra limbs, extra legs, extra arms, disfigured, deformed, cross-eye, body out of frame, blurry, bad art, bad anatomy, blurred, text, watermark, grainy"", ""gs"": 8.20422, ""steps"": 25, ""scheduler_cls"": ""FlaxDPMSolverMultistepScheduler"", ""classification"": null}","{""model_id"": ""yuvalkirstain/ProtoGen_X3.4_flax"", ""negative_prompt"": ""ugly, tiling, poorly drawn hands, poorly drawn feet, poorly drawn face, out of frame, mutation, mutated, extra limbs, extra legs, extra arms, disfigured, deformed, cross-eye, body out of frame, blurry, bad art, bad anatomy, blurred, text, watermark, grainy"", ""gs"": 8.20422, ""steps"": 25, ""scheduler_cls"": ""FlaxDPMSolverMultistepScheduler"", ""classification"": null}",unverified,,,
7638,carpeting,-1,random_audit,pickapic:252,diorama of a futuristic house made from a nautilus shell,72cfc5f65f8fedb1cd07d951355a476e82f2d3c6d419845dacbde0d08a610ad9,pickapic:3a103be0-8956-4600-a178-907b63cadda2,pickapic:7770779d-542e-47eb-b4a4-80c8e7c95533,0.28187569975852966,0.28242844343185425,-0.000552743673324585,gallery_images/21e557e488ff0388d9af9889.jpg,gallery_images/828a29a92b31120cc1c7af97.jpg,"{""model_id"": ""yuvalkirstain/ProtoGen_X3.4_flax"", ""negative_prompt"": ""ugly, tiling, poorly drawn hands, poorly drawn feet, poorly drawn face, out of frame, mutation, mutated, extra limbs, extra legs, extra arms, disfigured, deformed, cross-eye, body out of frame, blurry, bad art, bad anatomy, blurred, text, watermark, grainy"", ""gs"": 6.1459365, ""steps"": 25, ""scheduler_cls"": ""FlaxDPMSolverMultistepScheduler"", ""classification"": null}","{""model_id"": ""yuvalkirstain/ProtoGen_X3.4_flax"", ""negative_prompt"": ""ugly, tiling, poorly drawn hands, poorly drawn feet, poorly drawn face, out of frame, mutation, mutated, extra limbs, extra legs, extra arms, disfigured, deformed, cross-eye, body out of frame, blurry, bad art, bad anatomy, blurred, text, watermark, grainy"", ""gs"": 6.1459365, ""steps"": 25, ""scheduler_cls"": ""FlaxDPMSolverMultistepScheduler"", ""classification"": null}",unverified,,,
7634,carpet,-1,supportive,pickapic:488,All you need is love,3a75529a0beaf1c83edc4c10c4203f6671092eab302ff51fdfa8edc2afb0e147,pickapic:01d7a2d8-4728-4cb2-a09e-d94f3a8caaed,pickapic:bdcda6bd-f5f6-4464-88be-1783035fceba,0.2299010455608368,0.32721415162086487,-0.09731310606002808,gallery_images/98a793969dfcca7486503cc9.jpg,gallery_images/5ffb7e04cd2b0f5947e446e3.jpg,"{""model_id"": ""stabilityai/stable-diffusion-2-1"", ""negative_prompt"": ""ugly, tiling, poorly drawn hands, poorly drawn feet, poorly drawn face, out of frame, mutation, mutated, extra limbs, extra legs, extra arms, disfigured, deformed, cross-eye, body out of frame, blurry, bad art, bad anatomy, blurred, text, watermark, grainy"", ""gs"": 8.43674, ""steps"": 25, ""scheduler_cls"": ""FlaxDPMSolverMultistepScheduler"", ""classification"": null}","{""model_id"": ""stabilityai/stable-diffusion-2-1"", ""negative_prompt"": ""ugly, tiling, poorly drawn hands, poorly drawn feet, poorly drawn face, out of frame, mutation, mutated, extra limbs, extra legs, extra arms, disfigured, deformed, cross-eye, body out of frame, blurry, bad art, bad anatomy, blurred, text, watermark, grainy"", ""gs"": 8.43674, ""steps"": 25, ""scheduler_cls"": ""FlaxDPMSolverMultistepScheduler"", ""classification"": null}",unverified,,,
7634,carpet,-1,supportive,pickapic:1589,"an impressive scene from the broadway stage production of ""The Bad Touch"" by Bloodhound Gang",888bbacc6f431e0f19b749a0b395c4459475273e98ef9a0053ceda8ec4d877cd,pickapic:16afbe21-edc9-496c-b281-9e7401f49e73,pickapic:934737e8-43e0-4afa-b15a-c3eb97edbd1b,0.22324448823928833,0.309542715549469,-0.08629822731018066,gallery_images/361dcda245e520c96a7971ae.jpg,gallery_images/f0abefaf4cf726637b5b66e2.jpg,"{""model_id"": ""stabilityai/stable-diffusion-2-1"", ""negative_prompt"": ""ugly, tiling, poorly drawn hands, poorly drawn feet, poorly drawn face, out of frame, mutation, mutated, extra limbs, extra legs, extra arms, disfigured, deformed, cross-eye, body out of frame, blurry, bad art, bad anatomy, blurred, text, watermark, grainy"", ""gs"": 7.63484, ""steps"": 25, ""scheduler_cls"": ""FlaxDPMSolverMultistepScheduler"", ""classification"": null}","{""model_id"": ""stabilityai/stable-diffusion-2-1"", ""negative_prompt"": ""ugly, tiling, poorly drawn hands, poorly drawn feet, poorly drawn face, out of frame, mutation, mutated, extra limbs, extra legs, extra arms, disfigured, deformed, cross-eye, body out of frame, blurry, bad art, bad anatomy, blurred, text, watermark, grainy"", ""gs"": 7.63484, ""steps"": 25, ""scheduler_cls"": ""FlaxDPMSolverMultistepScheduler"", ""classification"": null}",unverified,,,
7634,carpet,-1,counterexample,pickapic:1568,Pancake Robot,07742870dfd8ed2e09e1b247091d4459c11461a9fff5c1545f08ab2e10b1f990,pickapic:a6cec737-bbf8-4b12-8305-faa804c0464f,pickapic:519071eb-be0a-4cb6-a53c-15b84f053a7c,0.26378992199897766,0.17695125937461853,0.08683866262435913,gallery_images/dcfad6587705eed470fe0666.jpg,gallery_images/b84f65b23af3a782c267acaf.jpg,"{""model_id"": ""yuvalkirstain/ProtoGen_X3.4_flax"", ""negative_prompt"": ""ugly, tiling, poorly drawn hands, poorly drawn feet, poorly drawn face, out of frame, mutation, mutated, extra limbs, extra legs, extra arms, disfigured, deformed, cross-eye, body out of frame, blurry, bad art, bad anatomy, blurred, text, watermark, grainy"", ""gs"": 8.484489, ""steps"": 25, ""scheduler_cls"": ""FlaxDPMSolverMultistepScheduler"", ""classification"": null}","{""model_id"": ""yuvalkirstain/ProtoGen_X3.4_flax"", ""negative_prompt"": ""ugly, tiling, poorly drawn hands, poorly drawn feet, poorly drawn face, out of frame, mutation, mutated, extra limbs, extra legs, extra arms, disfigured, deformed, cross-eye, body out of frame, blurry, bad art, bad anatomy, blurred, text, watermark, grainy"", ""gs"": 8.484489, ""steps"": 25, ""scheduler_cls"": ""FlaxDPMSolverMultistepScheduler"", ""classification"": null}",unverified,,,
7634,carpet,-1,counterexample,pickapic:1712,"Stunning Lavish apartment interior design, marble floor, High ceilings, High glass windows, art deco, photorealistic, cinematic lighting",673c27c763de8ef8ce64aafb17bfe8407605589ecc85bbfdae27a819ad9d7c91,pickapic:4c098433-aa10-4233-be1b-d3a89165a8a2,pickapic:ad4ea0c2-6a68-4f69-b13f-9597713187b3,0.3199310600757599,0.2374061942100525,0.0825248658657074,gallery_images/18aee584d35940f47624313f.jpg,gallery_images/bf0fa6be677ddbca62cc6a3d.jpg,"{""model_id"": ""yuvalkirstain/ProtoGen_X3.4_flax"", ""negative_prompt"": ""ugly, tiling, poorly drawn hands, poorly drawn feet, poorly drawn face, out of frame, mutation, mutated, extra limbs, extra legs, extra arms, disfigured, deformed, cross-eye, body out of frame, blurry, bad art, bad anatomy, blurred, text, watermark, grainy"", ""gs"": 6.609539, ""steps"": 25, ""scheduler_cls"": ""FlaxDPMSolverMultistepScheduler"", ""classification"": null}","{""model_id"": ""yuvalkirstain/ProtoGen_X3.4_flax"", ""negative_prompt"": ""ugly, tiling, poorly drawn hands, poorly drawn feet, poorly drawn face, out of frame, mutation, mutated, extra limbs, extra legs, extra arms, disfigured, deformed, cross-eye, body out of frame, blurry, bad art, bad anatomy, blurred, text, watermark, grainy"", ""gs"": 6.609539, ""steps"": 25, ""scheduler_cls"": ""FlaxDPMSolverMultistepScheduler"", ""classification"": null}",unverified,,,
7634,carpet,-1,random_audit,pickapic:1187,Sunset looking over Arctic tundra grassland ,cfd61b0e9215978738c0d039acac972267101c0789cbc3128f1c9a2465e8beea,pickapic:8fc16a5b-7a05-4e9f-927a-55c718daee9d,pickapic:c900b9c4-248e-46f5-bd3e-2896fd5fd5a6,0.22023119032382965,0.2048463076353073,0.015384882688522339,gallery_images/030cc9f77737fcc63206c495.jpg,gallery_images/fdf7ed4f5a4f1bdc3ec95865.jpg,"{""model_id"": ""stabilityai/stable-diffusion-2-1"", ""negative_prompt"": ""ugly, tiling, poorly drawn hands, poorly drawn feet, poorly drawn face, out of frame, mutation, mutated, extra limbs, extra legs, extra arms, disfigured, deformed, cross-eye, body out of frame, blurry, bad art, bad anatomy, blurred, text, watermark, grainy"", ""gs"": 7.223281, ""steps"": 25, ""scheduler_cls"": ""FlaxDPMSolverMultistepScheduler"", ""classification"": null}","{""model_id"": ""stabilityai/stable-diffusion-2-1"", ""negative_prompt"": ""ugly, tiling, poorly drawn hands, poorly drawn feet, poorly drawn face, out of frame, mutation, mutated, extra limbs, extra legs, extra arms, disfigured, deformed, cross-eye, body out of frame, blurry, bad art, bad anatomy, blurred, text, watermark, grainy"", ""gs"": 7.223281, ""steps"": 25, ""scheduler_cls"": ""FlaxDPMSolverMultistepScheduler"", ""classification"": null}",unverified,,,
7634,carpet,-1,random_audit,pickapic:756,Putin kissing Zelensky,c044b0a4851a87b339f7bab7e495ae997ea460abaef0d41ee2d5f938bce2f614,pickapic:06faf71b-1e8b-4acb-b011-68a44decf497,pickapic:5b7cc3d2-a21d-4115-9a57-24ce1da52efd,0.2016458660364151,0.22040387988090515,-0.01875801384449005,gallery_images/172b20935784bdf2c70c106e.jpg,gallery_images/95e05614ab44933de39a9272.jpg,"{""model_id"": ""stabilityai/stable-diffusion-2-1"", ""negative_prompt"": ""ugly, tiling, poorly drawn hands, poorly drawn feet, poorly drawn face, out of frame, mutation, mutated, extra limbs, extra legs, extra arms, disfigured, deformed, cross-eye, body out of frame, blurry, bad art, bad anatomy, blurred, text, watermark, grainy"", ""gs"": 8.349569, ""steps"": 25, ""scheduler_cls"": ""FlaxDPMSolverMultistepScheduler"", ""classification"": null}","{""model_id"": ""stabilityai/stable-diffusion-2-1"", ""negative_prompt"": ""ugly, tiling, poorly drawn hands, poorly drawn feet, poorly drawn face, out of frame, mutation, mutated, extra limbs, extra legs, extra arms, disfigured, deformed, cross-eye, body out of frame, blurry, bad art, bad anatomy, blurred, text, watermark, grainy"", ""gs"": 8.349569, ""steps"": 25, ""scheduler_cls"": ""FlaxDPMSolverMultistepScheduler"", ""classification"": null}",unverified,,,
7637,carpeted,-1,supportive,pickapic:488,All you need is love,3a75529a0beaf1c83edc4c10c4203f6671092eab302ff51fdfa8edc2afb0e147,pickapic:01d7a2d8-4728-4cb2-a09e-d94f3a8caaed,pickapic:bdcda6bd-f5f6-4464-88be-1783035fceba,0.21862183511257172,0.3120279014110565,-0.0934060662984848,gallery_images/98a793969dfcca7486503cc9.jpg,gallery_images/5ffb7e04cd2b0f5947e446e3.jpg,"{""model_id"": ""stabilityai/stable-diffusion-2-1"", ""negative_prompt"": ""ugly, tiling, poorly drawn hands, poorly drawn feet, poorly drawn face, out of frame, mutation, mutated, extra limbs, extra legs, extra arms, disfigured, deformed, cross-eye, body out of frame, blurry, bad art, bad anatomy, blurred, text, watermark, grainy"", ""gs"": 8.43674, ""steps"": 25, ""scheduler_cls"": ""FlaxDPMSolverMultistepScheduler"", ""classification"": null}","{""model_id"": ""stabilityai/stable-diffusion-2-1"", ""negative_prompt"": ""ugly, tiling, poorly drawn hands, poorly drawn feet, poorly drawn face, out of frame, mutation, mutated, extra limbs, extra legs, extra arms, disfigured, deformed, cross-eye, body out of frame, blurry, bad art, bad anatomy, blurred, text, watermark, grainy"", ""gs"": 8.43674, ""steps"": 25, ""scheduler_cls"": ""FlaxDPMSolverMultistepScheduler"", ""classification"": null}",unverified,,,
7637,carpeted,-1,supportive,pickapic:756,Putin kissing Zelensky,c044b0a4851a87b339f7bab7e495ae997ea460abaef0d41ee2d5f938bce2f614,pickapic:06faf71b-1e8b-4acb-b011-68a44decf497,pickapic:1ba2cada-8554-41d2-813c-972bdbee90d2,0.19513995945453644,0.2722075283527374,-0.07706756889820099,gallery_images/172b20935784bdf2c70c106e.jpg,gallery_images/dd3469c7090bcb7af74ea7c5.jpg,"{""model_id"": ""stabilityai/stable-diffusion-2-1"", ""negative_prompt"": ""ugly, tiling, poorly drawn hands, poorly drawn feet, poorly drawn face, out of frame, mutation, mutated, extra limbs, extra legs, extra arms, disfigured, deformed, cross-eye, body out of frame, blurry, bad art, bad anatomy, blurred, text, watermark, grainy"", ""gs"": 8.349569, ""steps"": 25, ""scheduler_cls"": ""FlaxDPMSolverMultistepScheduler"", ""classification"": null}","{""model_id"": ""stabilityai/stable-diffusion-2-1"", ""negative_prompt"": ""ugly, tiling, poorly drawn hands, poorly drawn feet, poorly drawn face, out of frame, mutation, mutated, extra limbs, extra legs, extra arms, disfigured, deformed, cross-eye, body out of frame, blurry, bad art, bad anatomy, blurred, text, watermark, grainy"", ""gs"": 8.349569, ""steps"": 25, ""scheduler_cls"": ""FlaxDPMSolverMultistepScheduler"", ""classification"": null}",unverified,,,
7637,carpeted,-1,counterexample,pickapic:1568,Pancake Robot,07742870dfd8ed2e09e1b247091d4459c11461a9fff5c1545f08ab2e10b1f990,pickapic:a6cec737-bbf8-4b12-8305-faa804c0464f,pickapic:519071eb-be0a-4cb6-a53c-15b84f053a7c,0.2716713845729828,0.18131373822689056,0.09035764634609222,gallery_images/dcfad6587705eed470fe0666.jpg,gallery_images/b84f65b23af3a782c267acaf.jpg,"{""model_id"": ""yuvalkirstain/ProtoGen_X3.4_flax"", ""negative_prompt"": ""ugly, tiling, poorly drawn hands, poorly drawn feet, poorly drawn face, out of frame, mutation, mutated, extra limbs, extra legs, extra arms, disfigured, deformed, cross-eye, body out of frame, blurry, bad art, bad anatomy, blurred, text, watermark, grainy"", ""gs"": 8.484489, ""steps"": 25, ""scheduler_cls"": ""FlaxDPMSolverMultistepScheduler"", ""classification"": null}","{""model_id"": ""yuvalkirstain/ProtoGen_X3.4_flax"", ""negative_prompt"": ""ugly, tiling, poorly drawn hands, poorly drawn feet, poorly drawn face, out of frame, mutation, mutated, extra limbs, extra legs, extra arms, disfigured, deformed, cross-eye, body out of frame, blurry, bad art, bad anatomy, blurred, text, watermark, grainy"", ""gs"": 8.484489, ""steps"": 25, ""scheduler_cls"": ""FlaxDPMSolverMultistepScheduler"", ""classification"": null}",unverified,,,
7637,carpeted,-1,counterexample,pickapic:1712,"Stunning Lavish apartment interior design, marble floor, High ceilings, High glass windows, art deco, photorealistic, cinematic lighting",673c27c763de8ef8ce64aafb17bfe8407605589ecc85bbfdae27a819ad9d7c91,pickapic:4c098433-aa10-4233-be1b-d3a89165a8a2,pickapic:ad4ea0c2-6a68-4f69-b13f-9597713187b3,0.30912458896636963,0.2221299409866333,0.08699464797973633,gallery_images/18aee584d35940f47624313f.jpg,gallery_images/bf0fa6be677ddbca62cc6a3d.jpg,"{""model_id"": ""yuvalkirstain/ProtoGen_X3.4_flax"", ""negative_prompt"": ""ugly, tiling, poorly drawn hands, poorly drawn feet, poorly drawn face, out of frame, mutation, mutated, extra limbs, extra legs, extra arms, disfigured, deformed, cross-eye, body out of frame, blurry, bad art, bad anatomy, blurred, text, watermark, grainy"", ""gs"": 6.609539, ""steps"": 25, ""scheduler_cls"": ""FlaxDPMSolverMultistepScheduler"", ""classification"": null}","{""model_id"": ""yuvalkirstain/ProtoGen_X3.4_flax"", ""negative_prompt"": ""ugly, tiling, poorly drawn hands, poorly drawn feet, poorly drawn face, out of frame, mutation, mutated, extra limbs, extra legs, extra arms, disfigured, deformed, cross-eye, body out of frame, blurry, bad art, bad anatomy, blurred, text, watermark, grainy"", ""gs"": 6.609539, ""steps"": 25, ""scheduler_cls"": ""FlaxDPMSolverMultistepScheduler"", ""classification"": null}",unverified,,,
7637,carpeted,-1,random_audit,pickapic:1665,Anime characters training to become Olympic rowers,71bb36abd4d8e78bdedacf7787724bbfb242a6cdef14d9153441ce74229e65f9,pickapic:9bff8ba0-44d0-4cea-8a0c-16a966b96370,pickapic:420e54ce-5b5c-48e6-9edb-7309e95c7436,0.20023766160011292,0.18887917697429657,0.011358484625816345,gallery_images/63805ee6cb284f6efc12e9c6.jpg,gallery_images/d036df297543e63ca5d0b20e.jpg,"{""model_id"": ""yuvalkirstain/ProtoGen_X3.4_flax"", ""negative_prompt"": ""ugly, tiling, poorly drawn hands, poorly drawn feet, poorly drawn face, out of frame, mutation, mutated, extra limbs, extra legs, extra arms, disfigured, deformed, cross-eye, body out of frame, blurry, bad art, bad anatomy, blurred, text, watermark, grainy"", ""gs"": 6.476715, ""steps"": 25, ""scheduler_cls"": ""FlaxDPMSolverMultistepScheduler"", ""classification"": null}","{""model_id"": ""yuvalkirstain/ProtoGen_X3.4_flax"", ""negative_prompt"": ""ugly, tiling, poorly drawn hands, poorly drawn feet, poorly drawn face, out of frame, mutation, mutated, extra limbs, extra legs, extra arms, disfigured, deformed, cross-eye, body out of frame, blurry, bad art, bad anatomy, blurred, text, watermark, grainy"", ""gs"": 6.476715, ""steps"": 25, ""scheduler_cls"": ""FlaxDPMSolverMultistepScheduler"", ""classification"": null}",unverified,,,
7637,carpeted,-1,random_audit,pickapic:252,diorama of a futuristic house made from a nautilus shell,72cfc5f65f8fedb1cd07d951355a476e82f2d3c6d419845dacbde0d08a610ad9,pickapic:3a103be0-8956-4600-a178-907b63cadda2,pickapic:7770779d-542e-47eb-b4a4-80c8e7c95533,0.30013445019721985,0.31479698419570923,-0.01466253399848938,gallery_images/21e557e488ff0388d9af9889.jpg,gallery_images/828a29a92b31120cc1c7af97.jpg,"{""model_id"": ""yuvalkirstain/ProtoGen_X3.4_flax"", ""negative_prompt"": ""ugly, tiling, poorly drawn hands, poorly drawn feet, poorly drawn face, out of frame, mutation, mutated, extra limbs, extra legs, extra arms, disfigured, deformed, cross-eye, body out of frame, blurry, bad art, bad anatomy, blurred, text, watermark, grainy"", ""gs"": 6.1459365, ""steps"": 25, ""scheduler_cls"": ""FlaxDPMSolverMultistepScheduler"", ""classification"": null}","{""model_id"": ""yuvalkirstain/ProtoGen_X3.4_flax"", ""negative_prompt"": ""ugly, tiling, poorly drawn hands, poorly drawn feet, poorly drawn face, out of frame, mutation, mutated, extra limbs, extra legs, extra arms, disfigured, deformed, cross-eye, body out of frame, blurry, bad art, bad anatomy, blurred, text, watermark, grainy"", ""gs"": 6.1459365, ""steps"": 25, ""scheduler_cls"": ""FlaxDPMSolverMultistepScheduler"", ""classification"": null}",unverified,,,
6046,bollard,-1,supportive,pickapic:749,Netanyahu versus Lapid in a boxing match,d8ed981fd2c32634314ff0fcbda21f703a9c71e4736f54e79f158a320d970318,pickapic:0c0ad010-0995-4d17-ae83-82f001fd5e38,pickapic:03fabafb-c0bf-4ec0-80fe-5227ca9d7a90,0.22920501232147217,0.3286495506763458,-0.09944453835487366,gallery_images/1d4d10315b71e0a91b60645d.jpg,gallery_images/c4a86f80b5f1b4149c73a4b4.jpg,"{""model_id"": ""stabilityai/stable-diffusion-2-1"", ""negative_prompt"": ""ugly, tiling, poorly drawn hands, poorly drawn feet, poorly drawn face, out of frame, mutation, mutated, extra limbs, extra legs, extra arms, disfigured, deformed, cross-eye, body out of frame, blurry, bad art, bad anatomy, blurred, text, watermark, grainy"", ""gs"": 9.078085, ""steps"": 25, ""scheduler_cls"": ""FlaxDPMSolverMultistepScheduler"", ""classification"": null}","{""model_id"": ""stabilityai/stable-diffusion-2-1"", ""negative_prompt"": ""ugly, tiling, poorly drawn hands, poorly drawn feet, poorly drawn face, out of frame, mutation, mutated, extra limbs, extra legs, extra arms, disfigured, deformed, cross-eye, body out of frame, blurry, bad art, bad anatomy, blurred, text, watermark, grainy"", ""gs"": 9.078085, ""steps"": 25, ""scheduler_cls"": ""FlaxDPMSolverMultistepScheduler"", ""classification"": null}",unverified,,,
6046,bollard,-1,supportive,pickapic:1057,"soul being crushed, digital art",0938d4527298cf65ef8b428f22ab8a22cdc1f19a4d4fa47ee9f3876671286181,pickapic:7dc0f9ff-5459-4b6c-a2f4-a5fbfce6fc47,pickapic:de4918e6-bce2-4bb0-b7d8-537f38d7ff86,0.19262754917144775,0.28969240188598633,-0.09706485271453857,gallery_images/6eb90966fe3bcedf0d25452d.jpg,gallery_images/50ce9b87e85aa7749c7941cb.jpg,"{""model_id"": ""yuvalkirstain/ProtoGen_X3.4_flax"", ""negative_prompt"": ""ugly, tiling, poorly drawn hands, poorly drawn feet, poorly drawn face, out of frame, mutation, mutated, extra limbs, extra legs, extra arms, disfigured, deformed, cross-eye, body out of frame, blurry, bad art, bad anatomy, blurred, text, watermark, grainy"", ""gs"": 7.7172422, ""steps"": 25, ""scheduler_cls"": ""FlaxDPMSolverMultistepScheduler"", ""classification"": null}","{""model_id"": ""yuvalkirstain/ProtoGen_X3.4_flax"", ""negative_prompt"": ""ugly, tiling, poorly drawn hands, poorly drawn feet, poorly drawn face, out of frame, mutation, mutated, extra limbs, extra legs, extra arms, disfigured, deformed, cross-eye, body out of frame, blurry, bad art, bad anatomy, blurred, text, watermark, grainy"", ""gs"": 7.7172422, ""steps"": 25, ""scheduler_cls"": ""FlaxDPMSolverMultistepScheduler"", ""classification"": null}",unverified,,,
6046,bollard,-1,counterexample,pickapic:1687,A cursed soldier. Greg rutkowski,2b3c1748134d59e80d178095c5760d55d518c0a8d8bcda039d3bedcbc8a4e14a,pickapic:d9dc2a82-d3e1-467a-8388-7d64ac4a5110,pickapic:efc0251e-8ac0-46f5-b75d-bf2336a8cc9e,0.3930422067642212,0.24339111149311066,0.14965109527111053,gallery_images/0e589c2d75c705a76babfe98.jpg,gallery_images/07d0fc25d5cff8c944a7f38d.jpg,"{""model_id"": ""yuvalkirstain/ProtoGen_X3.4_flax"", ""negative_prompt"": ""ugly, tiling, poorly drawn hands, poorly drawn feet, poorly drawn face, out of frame, mutation, mutated, extra limbs, extra legs, extra arms, disfigured, deformed, cross-eye, body out of frame, blurry, bad art, bad anatomy, blurred, text, watermark, grainy"", ""gs"": 8.020355, ""steps"": 25, ""scheduler_cls"": ""FlaxDPMSolverMultistepScheduler"", ""classification"": null}","{""model_id"": ""yuvalkirstain/ProtoGen_X3.4_flax"", ""negative_prompt"": ""ugly, tiling, poorly drawn hands, poorly drawn feet, poorly drawn face, out of frame, mutation, mutated, extra limbs, extra legs, extra arms, disfigured, deformed, cross-eye, body out of frame, blurry, bad art, bad anatomy, blurred, text, watermark, grainy"", ""gs"": 8.020355, ""steps"": 25, ""scheduler_cls"": ""FlaxDPMSolverMultistepScheduler"", ""classification"": null}",unverified,,,
6046,bollard,-1,counterexample,pickapic:469,A gorgeous busty blonde milf walking her dog.,9c1ece999575cc53b700fb6958da9af28d192d843fb381942beeb7c96770a435,pickapic:dc7e239d-2aa7-4407-aa5b-1992c41ac9bc,pickapic:8ffd0b4b-95ce-464e-8cf7-407f5d0c67be,0.33468514680862427,0.23150454461574554,0.10318060219287872,gallery_images/53ddc33afa1e75490ccf6749.jpg,gallery_images/cb1061c815aaca6d34251481.jpg,"{""model_id"": ""yuvalkirstain/ProtoGen_X3.4_flax"", ""negative_prompt"": ""ugly, tiling, poorly drawn hands, poorly drawn feet, poorly drawn face, out of frame, mutation, mutated, extra limbs, extra legs, extra arms, disfigured, deformed, cross-eye, body out of frame, blurry, bad art, bad anatomy, blurred, text, watermark, grainy"", ""gs"": 7.7054462, ""steps"": 25, ""scheduler_cls"": ""FlaxDPMSolverMultistepScheduler"", ""classification"": null}","{""model_id"": ""stabilityai/stable-diffusion-2-1"", ""negative_prompt"": ""ugly, tiling, poorly drawn hands, poorly drawn feet, poorly drawn face, out of frame, mutation, mutated, extra limbs, extra legs, extra arms, disfigured, deformed, cross-eye, body out of frame, blurry, bad art, bad anatomy, blurred, text, watermark, grainy"", ""gs"": 8.526438, ""steps"": 25, ""scheduler_cls"": ""FlaxDPMSolverMultistepScheduler"", ""classification"": null}",unverified,,,
6046,bollard,-1,random_audit,pickapic:1189,Sunset looking over Arctic tundra grassland ,cfd61b0e9215978738c0d039acac972267101c0789cbc3128f1c9a2465e8beea,pickapic:a77606dd-eddb-42d1-bab0-6071540873cc,pickapic:d1dc640d-ea27-4f79-a52e-b7bffe0a28da,0.24906817078590393,0.2545020282268524,-0.005433857440948486,gallery_images/6464ddfda3418d015dc127e4.jpg,gallery_images/f1efe03784e96bc4e11a7a61.jpg,"{""model_id"": ""stabilityai/stable-diffusion-2-1"", ""negative_prompt"": ""ugly, tiling, poorly drawn hands, poorly drawn feet, poorly drawn face, out of frame, mutation, mutated, extra limbs, extra legs, extra arms, disfigured, deformed, cross-eye, body out of frame, blurry, bad art, bad anatomy, blurred, text, watermark, grainy"", ""gs"": 7.1427674, ""steps"": 25, ""scheduler_cls"": ""FlaxDPMSolverMultistepScheduler"", ""classification"": null}","{""model_id"": ""stabilityai/stable-diffusion-2-1"", ""negative_prompt"": ""ugly, tiling, poorly drawn hands, poorly drawn feet, poorly drawn face, out of frame, mutation, mutated, extra limbs, extra legs, extra arms, disfigured, deformed, cross-eye, body out of frame, blurry, bad art, bad anatomy, blurred, text, watermark, grainy"", ""gs"": 7.1427674, ""steps"": 25, ""scheduler_cls"": ""FlaxDPMSolverMultistepScheduler"", ""classification"": null}",unverified,,,
6046,bollard,-1,random_audit,pickapic:1277,"A perfect young woman, inspired by ghibli studio, eating instant noodles in a restaurant.",ce4d837373b8470a2185c14ebcfbf007299a0bec26b93f25960a3d7e0467bf9a,pickapic:d26ec977-cce5-44fd-ab53-28ebd756f835,pickapic:e6d3d29f-32e8-4d56-88bf-177fd8e24190,0.2734872102737427,0.23721502721309662,0.03627218306064606,gallery_images/39a921731c70f4c13395c56e.jpg,gallery_images/3300861f3758131a7f41a946.jpg,"{""model_id"": ""yuvalkirstain/ProtoGen_X3.4_flax"", ""negative_prompt"": ""ugly, tiling, poorly drawn hands, poorly drawn feet, poorly drawn face, out of frame, mutation, mutated, extra limbs, extra legs, extra arms, disfigured, deformed, cross-eye, body out of frame, blurry, bad art, bad anatomy, blurred, text, watermark, grainy"", ""gs"": 6.680944, ""steps"": 25, ""scheduler_cls"": ""FlaxDPMSolverMultistepScheduler"", ""classification"": null}","{""model_id"": ""yuvalkirstain/ProtoGen_X3.4_flax"", ""negative_prompt"": ""ugly, tiling, poorly drawn hands, poorly drawn feet, poorly drawn face, out of frame, mutation, mutated, extra limbs, extra legs, extra arms, disfigured, deformed, cross-eye, body out of frame, blurry, bad art, bad anatomy, blurred, text, watermark, grainy"", ""gs"": 6.680944, ""steps"": 25, ""scheduler_cls"": ""FlaxDPMSolverMultistepScheduler"", ""classification"": null}",unverified,,,
34448,paved,-1,supportive,pickapic:756,Putin kissing Zelensky,c044b0a4851a87b339f7bab7e495ae997ea460abaef0d41ee2d5f938bce2f614,pickapic:06faf71b-1e8b-4acb-b011-68a44decf497,pickapic:5b7cc3d2-a21d-4115-9a57-24ce1da52efd,0.2031170278787613,0.3394262492656708,-0.13630922138690948,gallery_images/172b20935784bdf2c70c106e.jpg,gallery_images/95e05614ab44933de39a9272.jpg,"{""model_id"": ""stabilityai/stable-diffusion-2-1"", ""negative_prompt"": ""ugly, tiling, poorly drawn hands, poorly drawn feet, poorly drawn face, out of frame, mutation, mutated, extra limbs, extra legs, extra arms, disfigured, deformed, cross-eye, body out of frame, blurry, bad art, bad anatomy, blurred, text, watermark, grainy"", ""gs"": 8.349569, ""steps"": 25, ""scheduler_cls"": ""FlaxDPMSolverMultistepScheduler"", ""classification"": null}","{""model_id"": ""stabilityai/stable-diffusion-2-1"", ""negative_prompt"": ""ugly, tiling, poorly drawn hands, poorly drawn feet, poorly drawn face, out of frame, mutation, mutated, extra limbs, extra legs, extra arms, disfigured, deformed, cross-eye, body out of frame, blurry, bad art, bad anatomy, blurred, text, watermark, grainy"", ""gs"": 8.349569, ""steps"": 25, ""scheduler_cls"": ""FlaxDPMSolverMultistepScheduler"", ""classification"": null}",unverified,,,
34448,paved,-1,supportive,pickapic:737,A lightbulb wearing sunglasses and playing the bagpipes,32f8e1bfa97e24ae46adc5983a5103d6ab823365985ed1e33d95d44b903ffbe3,pickapic:b0879576-e5fd-4abf-ba2b-773d94c91dc3,pickapic:a1fe06ec-40ce-4a81-b23e-06e9a2985f24,0.18875154852867126,0.319391131401062,-0.13063958287239075,gallery_images/118ad7b92a332a2d8357b432.jpg,gallery_images/728ef3a001c1cb9c60acf835.jpg,"{""model_id"": ""yuvalkirstain/ProtoGen_X3.4_flax"", ""negative_prompt"": ""ugly, tiling, poorly drawn hands, poorly drawn feet, poorly drawn face, out of frame, mutation, mutated, extra limbs, extra legs, extra arms, disfigured, deformed, cross-eye, body out of frame, blurry, bad art, bad anatomy, blurred, text, watermark, grainy"", ""gs"": 6.9706764, ""steps"": 25, ""scheduler_cls"": ""FlaxDPMSolverMultistepScheduler"", ""classification"": null}","{""model_id"": ""yuvalkirstain/ProtoGen_X3.4_flax"", ""negative_prompt"": ""ugly, tiling, poorly drawn hands, poorly drawn feet, poorly drawn face, out of frame, mutation, mutated, extra limbs, extra legs, extra arms, disfigured, deformed, cross-eye, body out of frame, blurry, bad art, bad anatomy, blurred, text, watermark, grainy"", ""gs"": 6.9706764, ""steps"": 25, ""scheduler_cls"": ""FlaxDPMSolverMultistepScheduler"", ""classification"": null}",unverified,,,
34448,paved,-1,counterexample,pickapic:740,Fecal object,be9322fa543e71119437167ed65d82e276ec168783303a2e47be8df48bd141af,pickapic:b3243919-2433-4278-aeb9-3885c33f3d0e,pickapic:520fe6a3-8a51-48af-a662-56d9dce03e78,0.3395443260669708,0.2229960858821869,0.11654824018478394,gallery_images/766ac07a73b4b47bef41610c.jpg,gallery_images/42a6951d06c578d0ebc515fe.jpg,"{""model_id"": ""yuvalkirstain/ProtoGen_X3.4_flax"", ""negative_prompt"": ""ugly, tiling, poorly drawn hands, poorly drawn feet, poorly drawn face, out of frame, mutation, mutated, extra limbs, extra legs, extra arms, disfigured, deformed, cross-eye, body out of frame, blurry, bad art, bad anatomy, blurred, text, watermark, grainy"", ""gs"": 6.5434303, ""steps"": 25, ""scheduler_cls"": ""FlaxDPMSolverMultistepScheduler"", ""classification"": null}","{""model_id"": ""yuvalkirstain/ProtoGen_X3.4_flax"", ""negative_prompt"": ""ugly, tiling, poorly drawn hands, poorly drawn feet, poorly drawn face, out of frame, mutation, mutated, extra limbs, extra legs, extra arms, disfigured, deformed, cross-eye, body out of frame, blurry, bad art, bad anatomy, blurred, text, watermark, grainy"", ""gs"": 6.5434303, ""steps"": 25, ""scheduler_cls"": ""FlaxDPMSolverMultistepScheduler"", ""classification"": null}",unverified,,,
34448,paved,-1,counterexample,pickapic:1186,Seattle in the year 2100,56570c323456a8f0a156c9e82feb80c93088f04a8eef6447bc52757b699b425c,pickapic:34de5e60-fead-430a-aebc-550560481f28,pickapic:763a8375-b39e-4773-b36f-253a58c70ee5,0.3515613377094269,0.23827984929084778,0.1132814884185791,gallery_images/9186e90b2c9bb54b645816b6.jpg,gallery_images/236251683177bc1a0c525346.jpg,"{""model_id"": ""stabilityai/stable-diffusion-2-1"", ""negative_prompt"": ""ugly, tiling, poorly drawn hands, poorly drawn feet, poorly drawn face, out of frame, mutation, mutated, extra limbs, extra legs, extra arms, disfigured, deformed, cross-eye, body out of frame, blurry, bad art, bad anatomy, blurred, text, watermark, grainy"", ""gs"": 7.947634, ""steps"": 25, ""scheduler_cls"": ""FlaxDPMSolverMultistepScheduler"", ""classification"": null}","{""model_id"": ""stabilityai/stable-diffusion-2-1"", ""negative_prompt"": ""ugly, tiling, poorly drawn hands, poorly drawn feet, poorly drawn face, out of frame, mutation, mutated, extra limbs, extra legs, extra arms, disfigured, deformed, cross-eye, body out of frame, blurry, bad art, bad anatomy, blurred, text, watermark, grainy"", ""gs"": 7.947634, ""steps"": 25, ""scheduler_cls"": ""FlaxDPMSolverMultistepScheduler"", ""classification"": null}",unverified,,,
34448,paved,-1,random_audit,pickapic:1568,Pancake Robot,07742870dfd8ed2e09e1b247091d4459c11461a9fff5c1545f08ab2e10b1f990,pickapic:a6cec737-bbf8-4b12-8305-faa804c0464f,pickapic:519071eb-be0a-4cb6-a53c-15b84f053a7c,0.26312345266342163,0.17974284291267395,0.08338060975074768,gallery_images/dcfad6587705eed470fe0666.jpg,gallery_images/b84f65b23af3a782c267acaf.jpg,"{""model_id"": ""yuvalkirstain/ProtoGen_X3.4_flax"", ""negative_prompt"": ""ugly, tiling, poorly drawn hands, poorly drawn feet, poorly drawn face, out of frame, mutation, mutated, extra limbs, extra legs, extra arms, disfigured, deformed, cross-eye, body out of frame, blurry, bad art, bad anatomy, blurred, text, watermark, grainy"", ""gs"": 8.484489, ""steps"": 25, ""scheduler_cls"": ""FlaxDPMSolverMultistepScheduler"", ""classification"": null}","{""model_id"": ""yuvalkirstain/ProtoGen_X3.4_flax"", ""negative_prompt"": ""ugly, tiling, poorly drawn hands, poorly drawn feet, poorly drawn face, out of frame, mutation, mutated, extra limbs, extra legs, extra arms, disfigured, deformed, cross-eye, body out of frame, blurry, bad art, bad anatomy, blurred, text, watermark, grainy"", ""gs"": 8.484489, ""steps"": 25, ""scheduler_cls"": ""FlaxDPMSolverMultistepScheduler"", ""classification"": null}",unverified,,,
34448,paved,-1,random_audit,pickapic:1100,A dog,cd47b231fc5feac417cbb0170fb94efdbfdb3957a2cc2fe232f6a0f31c0ddd3c,pickapic:7446cb13-ca2a-460f-9206-978c801735c1,pickapic:b799f467-30ac-4c65-9379-aae4b688a99d,0.3567765951156616,0.29802072048187256,0.05875587463378906,gallery_images/da360de8d21f0a1f27ce9b78.jpg,gallery_images/7d5641c5c3c63eaa6cc5f691.jpg,"{""model_id"": ""yuvalkirstain/ProtoGen_X3.4_flax"", ""negative_prompt"": ""ugly, tiling, poorly drawn hands, poorly drawn feet, poorly drawn face, out of frame, mutation, mutated, extra limbs, extra legs, extra arms, disfigured, deformed, cross-eye, body out of frame, blurry, bad art, bad anatomy, blurred, text, watermark, grainy"", ""gs"": 6.6927667, ""steps"": 25, ""scheduler_cls"": ""FlaxDPMSolverMultistepScheduler"", ""classification"": null}","{""model_id"": ""stabilityai/stable-diffusion-2-1"", ""negative_prompt"": ""ugly, tiling, poorly drawn hands, poorly drawn feet, poorly drawn face, out of frame, mutation, mutated, extra limbs, extra legs, extra arms, disfigured, deformed, cross-eye, body out of frame, blurry, bad art, bad anatomy, blurred, text, watermark, grainy"", ""gs"": 7.7913384, ""steps"": 25, ""scheduler_cls"": ""FlaxDPMSolverMultistepScheduler"", ""classification"": null}",unverified,,,
