concept_id,concept,direction,selection,event_id,prompt,prompt_group_id,preferred_image_id,rejected_image_id,preferred_score,rejected_score,difference,preferred_thumbnail,rejected_thumbnail,preferred_metadata,rejected_metadata,human_review_status,concept_present_preferred,concept_present_rejected,reviewer_notes
34276,party-building,1,supportive,imagereward:test:007713-0046,Boris Johnson and Eminen on a stage having an epic rap battle together,b0d04d7cbc27aada61a2a2c88184bd2d92ab094fb3d6dff2db24cef0f2bfee54,imagereward:images/test/test_1/047841df-97f9-4a15-b607-09277e3b1b95.webp,imagereward:images/test/test_1/234f6195-5526-4d08-80a0-166943089bb9.webp,0.3251820206642151,0.22524026036262512,0.09994176030158997,gallery_images/2802ffe76385d498d3c98a7f.jpg,gallery_images/30e47bf7fcbfd5aa97ac686b.jpg,"{""model_id"": null, ""negative_prompt"": null, ""gs"": null, ""steps"": null, ""scheduler_cls"": null, ""classification"": ""People""}","{""model_id"": null, ""negative_prompt"": null, ""gs"": null, ""steps"": null, ""scheduler_cls"": null, ""classification"": ""People""}",unverified,,,
34276,party-building,1,supportive,imagereward:test:007223-0095,"movie still of a man and a robot in a moment of horror, movie still, cinematic composition, cinematic light, by edgar wright and david lynch ",7b1a3a2d747f29cf98ce5df43b3c627d9e7e7b46abc06de1cee720cd6536b561,imagereward:images/test/test_1/6514baaf-3172-4249-9d83-242b2ba9ba98.webp,imagereward:images/test/test_1/4617fab5-3eeb-4fe5-b59b-6b4917ca34db.webp,0.30340439081192017,0.20393607020378113,0.09946832060813904,gallery_images/a95c332022d07da836ab19e1.jpg,gallery_images/5beb51d142a760cca7b3f03a.jpg,"{""model_id"": null, ""negative_prompt"": null, ""gs"": null, ""steps"": null, ""scheduler_cls"": null, ""classification"": ""Arts""}","{""model_id"": null, ""negative_prompt"": null, ""gs"": null, ""steps"": null, ""scheduler_cls"": null, ""classification"": ""Arts""}",unverified,,,
34276,party-building,1,counterexample,imagereward:test:001286-0047,"psychedelic multicolor clouds, god rays, volumetric lighting, dynamic intricate ornate ",ef44d54a860ba33bf805487638711eca37f7aef6462684596d0766c9686d2e67,imagereward:images/test/test_2/ec272a8d-fad4-40aa-a390-598972e9e031.webp,imagereward:images/test/test_2/12b897e8-a3c4-49f2-989c-43f9d2f57131.webp,0.194350928068161,0.3443530797958374,-0.1500021517276764,gallery_images/8056e9c401f4208a1cad92b4.jpg,gallery_images/6dbfe5d73a7fe332ea4ced17.jpg,"{""model_id"": null, ""negative_prompt"": null, ""gs"": null, ""steps"": null, ""scheduler_cls"": null, ""classification"": ""Outdoor Scenes""}","{""model_id"": null, ""negative_prompt"": null, ""gs"": null, ""steps"": null, ""scheduler_cls"": null, ""classification"": ""Outdoor Scenes""}",unverified,,,
34276,party-building,1,counterexample,imagereward:test:008711-0012,spanish mauricio colmenero ,d1618101d7e65a6a00fb1c5473fcb3bd4c15c804a643a4ea8781779513d9603f,imagereward:images/test/test_1/3959448c-2756-41d5-9869-3e2c802acf6c.webp,imagereward:images/test/test_1/d2bc1498-10e0-4b96-82ad-f4b588a30628.webp,0.1975373923778534,0.32598596811294556,-0.12844857573509216,gallery_images/85ef7558086c98160e3761a1.jpg,gallery_images/c9b5dcf541e8e3543a448df0.jpg,"{""model_id"": null, ""negative_prompt"": null, ""gs"": null, ""steps"": null, ""scheduler_cls"": null, ""classification"": ""People""}","{""model_id"": null, ""negative_prompt"": null, ""gs"": null, ""steps"": null, ""scheduler_cls"": null, ""classification"": ""People""}",unverified,,,
34276,party-building,1,random_audit,imagereward:test:001151-0006,if woody and buzz from toy story had a kid pixar animation hd ,4ccbad501cbfb5dfe1c19daa4e7636a31e7ca8afdafd02312ce7531d13cf9fb2,imagereward:images/test/test_2/774539e6-7354-4d1d-9c26-b97d16d8a9aa.webp,imagereward:images/test/test_2/dde76970-481d-43df-a245-42f27096ea3f.webp,0.3208988606929779,0.2657611072063446,0.0551377534866333,gallery_images/0530f80d65049fa0549ad09d.jpg,gallery_images/be1b77cf79fe8a64877d6754.jpg,"{""model_id"": null, ""negative_prompt"": null, ""gs"": null, ""steps"": null, ""scheduler_cls"": null, ""classification"": ""Arts""}","{""model_id"": null, ""negative_prompt"": null, ""gs"": null, ""steps"": null, ""scheduler_cls"": null, ""classification"": ""Arts""}",unverified,,,
34276,party-building,1,random_audit,imagereward:test:001366-0019,"futuristic hall, crisp, artstation, luxury, beautiful, dim painterly lighting volumetric aquatic, 3 d concept art ",e3a542c2cbe701465611c2c84ea4691e2075ea645aa376611d45103a59d70789,imagereward:images/test/test_2/dcc69d99-20fa-4f27-b6bb-0edb740b39aa.webp,imagereward:images/test/test_2/62a1d17b-36b4-4c11-b6e4-5e880c6a3fce.webp,0.2763683795928955,0.26996439695358276,0.006403982639312744,gallery_images/689ad1bcb12532e425194eb3.jpg,gallery_images/871fa61eccc6fd56facbe94f.jpg,"{""model_id"": null, ""negative_prompt"": null, ""gs"": null, ""steps"": null, ""scheduler_cls"": null, ""classification"": ""Indoor Scenes""}","{""model_id"": null, ""negative_prompt"": null, ""gs"": null, ""steps"": null, ""scheduler_cls"": null, ""classification"": ""Indoor Scenes""}",unverified,,,
6830,building,1,supportive,imagereward:test:001151-0006,if woody and buzz from toy story had a kid pixar animation hd ,4ccbad501cbfb5dfe1c19daa4e7636a31e7ca8afdafd02312ce7531d13cf9fb2,imagereward:images/test/test_2/774539e6-7354-4d1d-9c26-b97d16d8a9aa.webp,imagereward:images/test/test_2/761693ef-64ba-49b3-af40-76c0d6d8531b.webp,0.3220995366573334,0.19422858953475952,0.12787094712257385,gallery_images/0530f80d65049fa0549ad09d.jpg,gallery_images/9af1a2ee13df21cc3fd1f454.jpg,"{""model_id"": null, ""negative_prompt"": null, ""gs"": null, ""steps"": null, ""scheduler_cls"": null, ""classification"": ""Arts""}","{""model_id"": null, ""negative_prompt"": null, ""gs"": null, ""steps"": null, ""scheduler_cls"": null, ""classification"": ""Arts""}",unverified,,,
6830,building,1,supportive,imagereward:test:007223-0095,"movie still of a man and a robot in a moment of horror, movie still, cinematic composition, cinematic light, by edgar wright and david lynch ",7b1a3a2d747f29cf98ce5df43b3c627d9e7e7b46abc06de1cee720cd6536b561,imagereward:images/test/test_1/6514baaf-3172-4249-9d83-242b2ba9ba98.webp,imagereward:images/test/test_1/4617fab5-3eeb-4fe5-b59b-6b4917ca34db.webp,0.30628547072410583,0.185686856508255,0.12059861421585083,gallery_images/a95c332022d07da836ab19e1.jpg,gallery_images/5beb51d142a760cca7b3f03a.jpg,"{""model_id"": null, ""negative_prompt"": null, ""gs"": null, ""steps"": null, ""scheduler_cls"": null, ""classification"": ""Arts""}","{""model_id"": null, ""negative_prompt"": null, ""gs"": null, ""steps"": null, ""scheduler_cls"": null, ""classification"": ""Arts""}",unverified,,,
6830,building,1,counterexample,imagereward:test:007153-0089,porsche 911 in back 2 the future. trail of fire on street. 88mph. lightning strike,d038503c1ac2e846acec02007e14ea5106e92f0ff6a8ee20c34f692327c1fde9,imagereward:images/test/test_1/f50b7583-e032-4d0b-8de8-2d5b8f8a3be6.webp,imagereward:images/test/test_1/9dce491c-3bd6-4ae1-8d44-7e557edadbdc.webp,0.22084951400756836,0.36552271246910095,-0.1446731984615326,gallery_images/1543e7cfdeac49cad10ce672.jpg,gallery_images/7f71c7d2ec135a903c973e2e.jpg,"{""model_id"": null, ""negative_prompt"": null, ""gs"": null, ""steps"": null, ""scheduler_cls"": null, ""classification"": ""Vehicles""}","{""model_id"": null, ""negative_prompt"": null, ""gs"": null, ""steps"": null, ""scheduler_cls"": null, ""classification"": ""Vehicles""}",unverified,,,
6830,building,1,counterexample,imagereward:test:008711-0012,spanish mauricio colmenero ,d1618101d7e65a6a00fb1c5473fcb3bd4c15c804a643a4ea8781779513d9603f,imagereward:images/test/test_1/3959448c-2756-41d5-9869-3e2c802acf6c.webp,imagereward:images/test/test_1/d2bc1498-10e0-4b96-82ad-f4b588a30628.webp,0.20952138304710388,0.35329341888427734,-0.14377203583717346,gallery_images/85ef7558086c98160e3761a1.jpg,gallery_images/c9b5dcf541e8e3543a448df0.jpg,"{""model_id"": null, ""negative_prompt"": null, ""gs"": null, ""steps"": null, ""scheduler_cls"": null, ""classification"": ""People""}","{""model_id"": null, ""negative_prompt"": null, ""gs"": null, ""steps"": null, ""scheduler_cls"": null, ""classification"": ""People""}",unverified,,,
6830,building,1,random_audit,imagereward:test:010795-0050,"a portrait oil painting of a smart man in his mid - 4 0 s, brown hair, blue eyes, salt and pepper beard, full beard, red skin, big eye brows, highly detailed, artistic composition, sharp focus, intricate concept, subtle lighting ",8fac2ab92adcede36375648afff165ea7d2c48ff578ab1dd1b786835609eb323,imagereward:images/test/test_2/5ecfd836-66b4-41a7-a0c5-b8535155d55a.webp,imagereward:images/test/test_2/a0c79f14-ad59-4ad5-8b08-83ab8fc49b99.webp,0.20477598905563354,0.18995192646980286,0.014824062585830688,gallery_images/43ee96287272083d5a29a092.jpg,gallery_images/bc5affe91fe23969edfbcb40.jpg,"{""model_id"": null, ""negative_prompt"": null, ""gs"": null, ""steps"": null, ""scheduler_cls"": null, ""classification"": ""People""}","{""model_id"": null, ""negative_prompt"": null, ""gs"": null, ""steps"": null, ""scheduler_cls"": null, ""classification"": ""People""}",unverified,,,
6830,building,1,random_audit,imagereward:test:009006-0102,"Horrifying creature, haunted, horror",6ee1b52c63caf60d8db23751287681018dfce76c98cca49820b5a1a91db4b14a,imagereward:images/test/test_1/0429a07f-659e-4c73-8fc3-10ea678df8f2.webp,imagereward:images/test/test_1/7e16e446-e95e-4027-961b-8a39b1c3062b.webp,0.21665847301483154,0.2051689624786377,0.011489510536193848,gallery_images/5d8ffcc7dd08aa671265fe08.jpg,gallery_images/328ebdde62d8881017f094fa.jpg,"{""model_id"": null, ""negative_prompt"": null, ""gs"": null, ""steps"": null, ""scheduler_cls"": null, ""classification"": ""Arts""}","{""model_id"": null, ""negative_prompt"": null, ""gs"": null, ""steps"": null, ""scheduler_cls"": null, ""classification"": ""Arts""}",unverified,,,
36110,portico,1,supportive,imagereward:test:001333-0052,"attractive bradley james as king arthur pendragon, sat in his throne, big arches in the back, very detailed face, by gaston bussiere, j. c. leyendecker ",8819b851edefdc4b7a051624fadb52481c06767c1c77f6e6a79a4c43a74b6520,imagereward:images/test/test_2/55eaba18-47c5-414f-bbdf-489396e214b7.webp,imagereward:images/test/test_2/82bfc1a8-24dd-4cd9-82a0-50589f02099a.webp,0.36757659912109375,0.24031798541545868,0.12725861370563507,gallery_images/f4cc46ba7190a89c88a9cb0c.jpg,gallery_images/072af9f9bc360ae0070fae24.jpg,"{""model_id"": null, ""negative_prompt"": null, ""gs"": null, ""steps"": null, ""scheduler_cls"": null, ""classification"": ""People""}","{""model_id"": null, ""negative_prompt"": null, ""gs"": null, ""steps"": null, ""scheduler_cls"": null, ""classification"": ""People""}",unverified,,,
36110,portico,1,supportive,imagereward:test:010921-0064,"a bright fantasy city built between cliffs, sleek glass buildings, elegant bridges between stalactites, illustration, raining, dark and moody lighting, at night, digital art, oil painting, cold blue tones, fantasy, 8 k, trending on artstation, detailed ",665c1a33f8f1af344f90fa208a200d26840e5d698cb7054b07fa9ce4364938a1,imagereward:images/test/test_2/2a99d448-fa70-4bf2-bfd0-a6c30191a849.webp,imagereward:images/test/test_2/526a66a5-f58c-49d7-a36e-4ab2f85631aa.webp,0.3289061188697815,0.20501503348350525,0.12389108538627625,gallery_images/ffa92187f93bb9140d50d08b.jpg,gallery_images/f0007ac692902def48712601.jpg,"{""model_id"": null, ""negative_prompt"": null, ""gs"": null, ""steps"": null, ""scheduler_cls"": null, ""classification"": ""Outdoor Scenes""}","{""model_id"": null, ""negative_prompt"": null, ""gs"": null, ""steps"": null, ""scheduler_cls"": null, ""classification"": ""Outdoor Scenes""}",unverified,,,
36110,portico,1,counterexample,imagereward:test:007153-0089,porsche 911 in back 2 the future. trail of fire on street. 88mph. lightning strike,d038503c1ac2e846acec02007e14ea5106e92f0ff6a8ee20c34f692327c1fde9,imagereward:images/test/test_1/f50b7583-e032-4d0b-8de8-2d5b8f8a3be6.webp,imagereward:images/test/test_1/dfee14da-e909-44e2-9eba-97bb8ebe2925.webp,0.20109158754348755,0.319215327501297,-0.11812373995780945,gallery_images/1543e7cfdeac49cad10ce672.jpg,gallery_images/ee5e9663eca1af7eb7be377f.jpg,"{""model_id"": null, ""negative_prompt"": null, ""gs"": null, ""steps"": null, ""scheduler_cls"": null, ""classification"": ""Vehicles""}","{""model_id"": null, ""negative_prompt"": null, ""gs"": null, ""steps"": null, ""scheduler_cls"": null, ""classification"": ""Vehicles""}",unverified,,,
36110,portico,1,counterexample,imagereward:test:001286-0047,"psychedelic multicolor clouds, god rays, volumetric lighting, dynamic intricate ornate ",ef44d54a860ba33bf805487638711eca37f7aef6462684596d0766c9686d2e67,imagereward:images/test/test_2/ec272a8d-fad4-40aa-a390-598972e9e031.webp,imagereward:images/test/test_2/12b897e8-a3c4-49f2-989c-43f9d2f57131.webp,0.19503232836723328,0.30795854330062866,-0.11292621493339539,gallery_images/8056e9c401f4208a1cad92b4.jpg,gallery_images/6dbfe5d73a7fe332ea4ced17.jpg,"{""model_id"": null, ""negative_prompt"": null, ""gs"": null, ""steps"": null, ""scheduler_cls"": null, ""classification"": ""Outdoor Scenes""}","{""model_id"": null, ""negative_prompt"": null, ""gs"": null, ""steps"": null, ""scheduler_cls"": null, ""classification"": ""Outdoor Scenes""}",unverified,,,
36110,portico,1,random_audit,imagereward:test:009006-0102,"Horrifying creature, haunted, horror",6ee1b52c63caf60d8db23751287681018dfce76c98cca49820b5a1a91db4b14a,imagereward:images/test/test_1/0429a07f-659e-4c73-8fc3-10ea678df8f2.webp,imagereward:images/test/test_1/feea7bc0-7b65-4553-b3f5-5b10d9b240ed.webp,0.21227823197841644,0.20062482357025146,0.011653408408164978,gallery_images/5d8ffcc7dd08aa671265fe08.jpg,gallery_images/7d6690b49db9c43500b02060.jpg,"{""model_id"": null, ""negative_prompt"": null, ""gs"": null, ""steps"": null, ""scheduler_cls"": null, ""classification"": ""Arts""}","{""model_id"": null, ""negative_prompt"": null, ""gs"": null, ""steps"": null, ""scheduler_cls"": null, ""classification"": ""Arts""}",unverified,,,
36110,portico,1,random_audit,imagereward:test:008328-0024,"a portrait of a red - skinned dragonborn monk in a plain white cloak white cloak, holding a spear with a black tip, fantasy art by greg rutkowski ",e375c383a8fb1f82436cddd04ae6107fa1cb1c5ad9080ca9bcf9e4f755414fb3,imagereward:images/test/test_1/cb831716-5734-40f0-b0e4-c3518d5ab540.webp,imagereward:images/test/test_1/2368f177-8821-41ea-9e28-cf6f3da5b3b0.webp,0.302079439163208,0.22300007939338684,0.07907935976982117,gallery_images/172c0241a45704cf9614e711.jpg,gallery_images/c1ff33df92076151eec03da2.jpg,"{""model_id"": null, ""negative_prompt"": null, ""gs"": null, ""steps"": null, ""scheduler_cls"": null, ""classification"": ""People""}","{""model_id"": null, ""negative_prompt"": null, ""gs"": null, ""steps"": null, ""scheduler_cls"": null, ""classification"": ""People""}",unverified,,,
7119,cabin,1,supportive,imagereward:test:001192-0041,a cat combined with a chinchilla,30b2f656c6818003200de918c665ee71d748f8f86fba340b30f41c088fc4ce4f,imagereward:images/test/test_2/2cad0d77-51b8-4360-99fa-6f06a017a555.webp,imagereward:images/test/test_2/79367c9c-1cab-48d5-a678-499e56678e80.webp,0.27939730882644653,0.1983036994934082,0.08109360933303833,gallery_images/53fd47f9776b3a7947d7b9f4.jpg,gallery_images/f15dc433f37da5ebb54abf9d.jpg,"{""model_id"": null, ""negative_prompt"": null, ""gs"": null, ""steps"": null, ""scheduler_cls"": null, ""classification"": ""Arts""}","{""model_id"": null, ""negative_prompt"": null, ""gs"": null, ""steps"": null, ""scheduler_cls"": null, ""classification"": ""Arts""}",unverified,,,
7119,cabin,1,supportive,imagereward:test:007019-0095,"astronaut drifting afloat in space, in the darkness away from anyone else, alone, digital render, detailed illustration, black background dotted with stars, concept art, realistic, 8 k ",1cc69dd90585fe53b316368e8bec20b67a8c2abe627e4c2c13fb492b5775f876,imagereward:images/test/test_1/2d047220-c2f9-4dcc-b4c4-96496276f3fd.webp,imagereward:images/test/test_1/866fa2de-dab0-4f9d-bbbf-f6572dadb2f2.webp,0.25561851263046265,0.18542449176311493,0.07019402086734772,gallery_images/033d5b9651fcf749d627459e.jpg,gallery_images/b9b07a436bb436e9b5cc5949.jpg,"{""model_id"": null, ""negative_prompt"": null, ""gs"": null, ""steps"": null, ""scheduler_cls"": null, ""classification"": ""People""}","{""model_id"": null, ""negative_prompt"": null, ""gs"": null, ""steps"": null, ""scheduler_cls"": null, ""classification"": ""People""}",unverified,,,
7119,cabin,1,counterexample,imagereward:test:001376-0050,"handsome gaunt man with receding hair, in a smoking jacket, holding a pipe, warm colors, hard angles, painting by gaston bussiere, craig mullins, j. c. leyendecker ",da4b44e08ada9a8256a634d07dec9f9e011754978fa3dc8fc9ff8cfdb99ec00a,imagereward:images/test/test_2/e9bae89f-d8ca-4c5c-a58b-7fbd7fbc7389.webp,imagereward:images/test/test_2/156d47cb-90eb-4ca6-ac67-967eeeddfe67.webp,0.18715688586235046,0.3000795543193817,-0.11292266845703125,gallery_images/3ef8bbf8913ddfef013bdd3b.jpg,gallery_images/0659d46b56d6de9246483b00.jpg,"{""model_id"": null, ""negative_prompt"": null, ""gs"": null, ""steps"": null, ""scheduler_cls"": null, ""classification"": ""People""}","{""model_id"": null, ""negative_prompt"": null, ""gs"": null, ""steps"": null, ""scheduler_cls"": null, ""classification"": ""People""}",unverified,,,
7119,cabin,1,counterexample,imagereward:test:009475-0037,film still from frightening horror movie. cinematic. 8 k. ,38a0610767e6cc9c0356505e23ba4222fbc8d42f195099e5e226c087606379a2,imagereward:images/test/test_1/f90a0fbc-ae2a-485e-bbbd-c66436f8e8bb.webp,imagereward:images/test/test_1/881a226a-49ae-4702-9438-95371e61b12c.webp,0.20356860756874084,0.3031630516052246,-0.09959444403648376,gallery_images/f2e1b71751c5d47ba39c6fb2.jpg,gallery_images/33630cba41a315c42dd3fc77.jpg,"{""model_id"": null, ""negative_prompt"": null, ""gs"": null, ""steps"": null, ""scheduler_cls"": null, ""classification"": ""Arts""}","{""model_id"": null, ""negative_prompt"": null, ""gs"": null, ""steps"": null, ""scheduler_cls"": null, ""classification"": ""Arts""}",unverified,,,
7119,cabin,1,random_audit,imagereward:test:001333-0052,"attractive bradley james as king arthur pendragon, sat in his throne, big arches in the back, very detailed face, by gaston bussiere, j. c. leyendecker ",8819b851edefdc4b7a051624fadb52481c06767c1c77f6e6a79a4c43a74b6520,imagereward:images/test/test_2/55eaba18-47c5-414f-bbdf-489396e214b7.webp,imagereward:images/test/test_2/79f93e9e-3d36-4622-b6f1-fd9e3f9e7556.webp,0.2504928708076477,0.24352958798408508,0.006963282823562622,gallery_images/f4cc46ba7190a89c88a9cb0c.jpg,gallery_images/d73efe61eca9dd924b1b8104.jpg,"{""model_id"": null, ""negative_prompt"": null, ""gs"": null, ""steps"": null, ""scheduler_cls"": null, ""classification"": ""People""}","{""model_id"": null, ""negative_prompt"": null, ""gs"": null, ""steps"": null, ""scheduler_cls"": null, ""classification"": ""People""}",unverified,,,
7119,cabin,1,random_audit,imagereward:test:007592-0020,scene from a 2 0 1 0 film by artemisia gentileschi showing a woman ,c7cb14d66e30e4345815e88e73aade80d37c97feefc78cb0dc9a6de4a43b57ff,imagereward:images/test/test_1/ab9d23bb-d9c4-48dd-9d7d-dfe8d761faf4.webp,imagereward:images/test/test_1/ce94f233-0138-4420-8d36-4259dd61fafc.webp,0.24465090036392212,0.24888023734092712,-0.004229336977005005,gallery_images/88237082ba2a81ca37ef232d.jpg,gallery_images/2b9f4735dd0d27c009d51260.jpg,"{""model_id"": null, ""negative_prompt"": null, ""gs"": null, ""steps"": null, ""scheduler_cls"": null, ""classification"": ""People""}","{""model_id"": null, ""negative_prompt"": null, ""gs"": null, ""steps"": null, ""scheduler_cls"": null, ""classification"": ""People""}",unverified,,,
21007,guesthouse,1,supportive,imagereward:test:007223-0095,"movie still of a man and a robot in a moment of horror, movie still, cinematic composition, cinematic light, by edgar wright and david lynch ",7b1a3a2d747f29cf98ce5df43b3c627d9e7e7b46abc06de1cee720cd6536b561,imagereward:images/test/test_1/6514baaf-3172-4249-9d83-242b2ba9ba98.webp,imagereward:images/test/test_1/4617fab5-3eeb-4fe5-b59b-6b4917ca34db.webp,0.30133479833602905,0.18916338682174683,0.11217141151428223,gallery_images/a95c332022d07da836ab19e1.jpg,gallery_images/5beb51d142a760cca7b3f03a.jpg,"{""model_id"": null, ""negative_prompt"": null, ""gs"": null, ""steps"": null, ""scheduler_cls"": null, ""classification"": ""Arts""}","{""model_id"": null, ""negative_prompt"": null, ""gs"": null, ""steps"": null, ""scheduler_cls"": null, ""classification"": ""Arts""}",unverified,,,
21007,guesthouse,1,supportive,imagereward:test:008252-0002,seascape with big waves and sunset painted with oil paints in Kuindzhi style,bb6caa25468e2366a1c1affa444f2caabe9f68d1883f411e795c643acc750df8,imagereward:images/test/test_1/9c6a9eae-c8e9-4cd2-b141-11b438f540f7.webp,imagereward:images/test/test_1/65a66210-1add-463d-8cab-925c3249271c.webp,0.28227707743644714,0.19913190603256226,0.08314517140388489,gallery_images/b65d20b89bb5d0c83868f4e0.jpg,gallery_images/12d5a97bc701430fedc4d8dc.jpg,"{""model_id"": null, ""negative_prompt"": null, ""gs"": null, ""steps"": null, ""scheduler_cls"": null, ""classification"": ""Outdoor Scenes""}","{""model_id"": null, ""negative_prompt"": null, ""gs"": null, ""steps"": null, ""scheduler_cls"": null, ""classification"": ""Outdoor Scenes""}",unverified,,,
21007,guesthouse,1,counterexample,imagereward:test:009475-0037,film still from frightening horror movie. cinematic. 8 k. ,38a0610767e6cc9c0356505e23ba4222fbc8d42f195099e5e226c087606379a2,imagereward:images/test/test_1/f90a0fbc-ae2a-485e-bbbd-c66436f8e8bb.webp,imagereward:images/test/test_1/881a226a-49ae-4702-9438-95371e61b12c.webp,0.1993531584739685,0.3019546866416931,-0.10260152816772461,gallery_images/f2e1b71751c5d47ba39c6fb2.jpg,gallery_images/33630cba41a315c42dd3fc77.jpg,"{""model_id"": null, ""negative_prompt"": null, ""gs"": null, ""steps"": null, ""scheduler_cls"": null, ""classification"": ""Arts""}","{""model_id"": null, ""negative_prompt"": null, ""gs"": null, ""steps"": null, ""scheduler_cls"": null, ""classification"": ""Arts""}",unverified,,,
21007,guesthouse,1,counterexample,imagereward:test:007153-0089,porsche 911 in back 2 the future. trail of fire on street. 88mph. lightning strike,d038503c1ac2e846acec02007e14ea5106e92f0ff6a8ee20c34f692327c1fde9,imagereward:images/test/test_1/f50b7583-e032-4d0b-8de8-2d5b8f8a3be6.webp,imagereward:images/test/test_1/dfee14da-e909-44e2-9eba-97bb8ebe2925.webp,0.21882203221321106,0.31381818652153015,-0.09499615430831909,gallery_images/1543e7cfdeac49cad10ce672.jpg,gallery_images/ee5e9663eca1af7eb7be377f.jpg,"{""model_id"": null, ""negative_prompt"": null, ""gs"": null, ""steps"": null, ""scheduler_cls"": null, ""classification"": ""Vehicles""}","{""model_id"": null, ""negative_prompt"": null, ""gs"": null, ""steps"": null, ""scheduler_cls"": null, ""classification"": ""Vehicles""}",unverified,,,
21007,guesthouse,1,random_audit,imagereward:test:001383-0079,"a half - masked rugged laboratory engineer man with cybernetic enhancements as seen from a distance, scifi character portrait by greg rutkowski, esuthio, craig mullins, 1 / 4 headshot, cinematic lighting, dystopian scifi gear, gloomy, profile picture, mechanical, half robot, implants, dieselpunk ",cc38ca0a6b2822cffd5316d1419eadfc45299c84a251d33f4718e87812642263,imagereward:images/test/test_2/2cccb2fc-f4da-41cb-97be-29fb61a58d7f.webp,imagereward:images/test/test_2/ba85e4bf-1662-46eb-a9fe-5fd88b0bf8e2.webp,0.19113081693649292,0.21623943746089935,-0.025108620524406433,gallery_images/5d65385d6c3a0a8bdf41aac4.jpg,gallery_images/fbc6932395d433026fb9eb74.jpg,"{""model_id"": null, ""negative_prompt"": null, ""gs"": null, ""steps"": null, ""scheduler_cls"": null, ""classification"": ""People""}","{""model_id"": null, ""negative_prompt"": null, ""gs"": null, ""steps"": null, ""scheduler_cls"": null, ""classification"": ""People""}",unverified,,,
21007,guesthouse,1,random_audit,imagereward:test:010862-0025,"artgerm, psychedelic ben kweller, rocking out, headphones dj rave, digital artwork, r. crumb, svg vector ",4b6d109a9f1919376ce05c3b36a992317cde8bdd250a6fdb7c882cfa35435bd7,imagereward:images/test/test_2/35e61cd0-5853-418a-91aa-ec86b8cb548e.webp,imagereward:images/test/test_2/7696a256-5028-4a37-b61a-e0c1faa14f60.webp,0.19742730259895325,0.204313725233078,-0.006886422634124756,gallery_images/7a24fcc092f581e9b696bcee.jpg,gallery_images/d577c857a13f142503951002.jpg,"{""model_id"": null, ""negative_prompt"": null, ""gs"": null, ""steps"": null, ""scheduler_cls"": null, ""classification"": ""Arts""}","{""model_id"": null, ""negative_prompt"": null, ""gs"": null, ""steps"": null, ""scheduler_cls"": null, ""classification"": ""Arts""}",unverified,,,
33388,outbuilding,1,supportive,imagereward:test:007223-0095,"movie still of a man and a robot in a moment of horror, movie still, cinematic composition, cinematic light, by edgar wright and david lynch ",7b1a3a2d747f29cf98ce5df43b3c627d9e7e7b46abc06de1cee720cd6536b561,imagereward:images/test/test_1/6514baaf-3172-4249-9d83-242b2ba9ba98.webp,imagereward:images/test/test_1/4617fab5-3eeb-4fe5-b59b-6b4917ca34db.webp,0.28257691860198975,0.1858932077884674,0.09668371081352234,gallery_images/a95c332022d07da836ab19e1.jpg,gallery_images/5beb51d142a760cca7b3f03a.jpg,"{""model_id"": null, ""negative_prompt"": null, ""gs"": null, ""steps"": null, ""scheduler_cls"": null, ""classification"": ""Arts""}","{""model_id"": null, ""negative_prompt"": null, ""gs"": null, ""steps"": null, ""scheduler_cls"": null, ""classification"": ""Arts""}",unverified,,,
33388,outbuilding,1,supportive,imagereward:test:001151-0006,if woody and buzz from toy story had a kid pixar animation hd ,4ccbad501cbfb5dfe1c19daa4e7636a31e7ca8afdafd02312ce7531d13cf9fb2,imagereward:images/test/test_2/774539e6-7354-4d1d-9c26-b97d16d8a9aa.webp,imagereward:images/test/test_2/761693ef-64ba-49b3-af40-76c0d6d8531b.webp,0.272890567779541,0.19356290996074677,0.07932765781879425,gallery_images/0530f80d65049fa0549ad09d.jpg,gallery_images/9af1a2ee13df21cc3fd1f454.jpg,"{""model_id"": null, ""negative_prompt"": null, ""gs"": null, ""steps"": null, ""scheduler_cls"": null, ""classification"": ""Arts""}","{""model_id"": null, ""negative_prompt"": null, ""gs"": null, ""steps"": null, ""scheduler_cls"": null, ""classification"": ""Arts""}",unverified,,,
33388,outbuilding,1,counterexample,imagereward:test:007153-0089,porsche 911 in back 2 the future. trail of fire on street. 88mph. lightning strike,d038503c1ac2e846acec02007e14ea5106e92f0ff6a8ee20c34f692327c1fde9,imagereward:images/test/test_1/f50b7583-e032-4d0b-8de8-2d5b8f8a3be6.webp,imagereward:images/test/test_1/9dce491c-3bd6-4ae1-8d44-7e557edadbdc.webp,0.21230798959732056,0.33090656995773315,-0.1185985803604126,gallery_images/1543e7cfdeac49cad10ce672.jpg,gallery_images/7f71c7d2ec135a903c973e2e.jpg,"{""model_id"": null, ""negative_prompt"": null, ""gs"": null, ""steps"": null, ""scheduler_cls"": null, ""classification"": ""Vehicles""}","{""model_id"": null, ""negative_prompt"": null, ""gs"": null, ""steps"": null, ""scheduler_cls"": null, ""classification"": ""Vehicles""}",unverified,,,
33388,outbuilding,1,counterexample,imagereward:test:001151-0006,if woody and buzz from toy story had a kid pixar animation hd ,4ccbad501cbfb5dfe1c19daa4e7636a31e7ca8afdafd02312ce7531d13cf9fb2,imagereward:images/test/test_2/824e1107-99cf-4249-9b53-92f04417f4c5.webp,imagereward:images/test/test_2/21a8bff4-b37a-49c5-87a2-feaa6bb1e123.webp,0.22997772693634033,0.34358376264572144,-0.1136060357093811,gallery_images/23e048cdff8d655d02266781.jpg,gallery_images/60aaa1d428ebd82d14ea5be4.jpg,"{""model_id"": null, ""negative_prompt"": null, ""gs"": null, ""steps"": null, ""scheduler_cls"": null, ""classification"": ""Arts""}","{""model_id"": null, ""negative_prompt"": null, ""gs"": null, ""steps"": null, ""scheduler_cls"": null, ""classification"": ""Arts""}",unverified,,,
33388,outbuilding,1,random_audit,imagereward:test:007592-0020,scene from a 2 0 1 0 film by artemisia gentileschi showing a woman ,c7cb14d66e30e4345815e88e73aade80d37c97feefc78cb0dc9a6de4a43b57ff,imagereward:images/test/test_1/95a6a74a-e455-4097-8cc0-40603554f4f2.webp,imagereward:images/test/test_1/ce94f233-0138-4420-8d36-4259dd61fafc.webp,0.23956632614135742,0.24380013346672058,-0.004233807325363159,gallery_images/305e902583d08d471895ef30.jpg,gallery_images/2b9f4735dd0d27c009d51260.jpg,"{""model_id"": null, ""negative_prompt"": null, ""gs"": null, ""steps"": null, ""scheduler_cls"": null, ""classification"": ""People""}","{""model_id"": null, ""negative_prompt"": null, ""gs"": null, ""steps"": null, ""scheduler_cls"": null, ""classification"": ""People""}",unverified,,,
33388,outbuilding,1,random_audit,imagereward:test:009582-0143,"portrait of a red color wolf with yellow horns in a suit, D&D, fantasy, elegant, badass, highly detailed, slim, digital painting, artstation, concept art, sharp focus, illustration",8ea781d00677cf883c3c6f138136aab330b585adcfc44bf47bb0ef16ec08bc4b,imagereward:images/test/test_1/8142de65-17fd-46f5-a0c1-b9a9fe9eb189.webp,imagereward:images/test/test_1/45d45d8f-13d6-4eba-8f13-05b686e3d88f.webp,0.2145080864429474,0.19846758246421814,0.016040503978729248,gallery_images/25dfc8616d6ec3096a293b37.jpg,gallery_images/17ce6acf7d78f52d6a93e9a7.jpg,"{""model_id"": null, ""negative_prompt"": null, ""gs"": null, ""steps"": null, ""scheduler_cls"": null, ""classification"": ""Animals""}","{""model_id"": null, ""negative_prompt"": null, ""gs"": null, ""steps"": null, ""scheduler_cls"": null, ""classification"": ""Animals""}",unverified,,,
27554,log-cabin,1,supportive,imagereward:test:010366-0012,a photo of a very fat green parrot. ,e0f2360d116462f2784d425324fa3f2db8b12ba7dc05c68549c8510df09bbb60,imagereward:images/test/test_2/2903528d-33d0-4550-b44a-8c64a6b66b62.webp,imagereward:images/test/test_2/8616dc88-be54-4c2d-9060-8a4a411c38cf.webp,0.2582637667655945,0.1827113926410675,0.07555237412452698,gallery_images/12f571c6addcbbbe40918c4d.jpg,gallery_images/0db1491d576657218d4c1d56.jpg,"{""model_id"": null, ""negative_prompt"": null, ""gs"": null, ""steps"": null, ""scheduler_cls"": null, ""classification"": ""Animals""}","{""model_id"": null, ""negative_prompt"": null, ""gs"": null, ""steps"": null, ""scheduler_cls"": null, ""classification"": ""Animals""}",unverified,,,
27554,log-cabin,1,supportive,imagereward:test:001151-0006,if woody and buzz from toy story had a kid pixar animation hd ,4ccbad501cbfb5dfe1c19daa4e7636a31e7ca8afdafd02312ce7531d13cf9fb2,imagereward:images/test/test_2/824e1107-99cf-4249-9b53-92f04417f4c5.webp,imagereward:images/test/test_2/761693ef-64ba-49b3-af40-76c0d6d8531b.webp,0.26023000478744507,0.18841484189033508,0.07181516289710999,gallery_images/23e048cdff8d655d02266781.jpg,gallery_images/9af1a2ee13df21cc3fd1f454.jpg,"{""model_id"": null, ""negative_prompt"": null, ""gs"": null, ""steps"": null, ""scheduler_cls"": null, ""classification"": ""Arts""}","{""model_id"": null, ""negative_prompt"": null, ""gs"": null, ""steps"": null, ""scheduler_cls"": null, ""classification"": ""Arts""}",unverified,,,
27554,log-cabin,1,counterexample,imagereward:test:001376-0050,"handsome gaunt man with receding hair, in a smoking jacket, holding a pipe, warm colors, hard angles, painting by gaston bussiere, craig mullins, j. c. leyendecker ",da4b44e08ada9a8256a634d07dec9f9e011754978fa3dc8fc9ff8cfdb99ec00a,imagereward:images/test/test_2/f7e84e1e-3bb3-494a-9b71-fde4e616d2c3.webp,imagereward:images/test/test_2/156d47cb-90eb-4ca6-ac67-967eeeddfe67.webp,0.17139044404029846,0.30967146158218384,-0.13828101754188538,gallery_images/a840a001102e6a2cd60b0329.jpg,gallery_images/0659d46b56d6de9246483b00.jpg,"{""model_id"": null, ""negative_prompt"": null, ""gs"": null, ""steps"": null, ""scheduler_cls"": null, ""classification"": ""People""}","{""model_id"": null, ""negative_prompt"": null, ""gs"": null, ""steps"": null, ""scheduler_cls"": null, ""classification"": ""People""}",unverified,,,
27554,log-cabin,1,counterexample,imagereward:test:008711-0012,spanish mauricio colmenero ,d1618101d7e65a6a00fb1c5473fcb3bd4c15c804a643a4ea8781779513d9603f,imagereward:images/test/test_1/3959448c-2756-41d5-9869-3e2c802acf6c.webp,imagereward:images/test/test_1/bc9dae09-aec3-4032-bc8a-434c7d505313.webp,0.15518707036972046,0.24465742707252502,-0.08947035670280457,gallery_images/85ef7558086c98160e3761a1.jpg,gallery_images/797b5c0aa5147959fd1e101c.jpg,"{""model_id"": null, ""negative_prompt"": null, ""gs"": null, ""steps"": null, ""scheduler_cls"": null, ""classification"": ""People""}","{""model_id"": null, ""negative_prompt"": null, ""gs"": null, ""steps"": null, ""scheduler_cls"": null, ""classification"": ""People""}",unverified,,,
27554,log-cabin,1,random_audit,imagereward:test:001376-0050,"handsome gaunt man with receding hair, in a smoking jacket, holding a pipe, warm colors, hard angles, painting by gaston bussiere, craig mullins, j. c. leyendecker ",da4b44e08ada9a8256a634d07dec9f9e011754978fa3dc8fc9ff8cfdb99ec00a,imagereward:images/test/test_2/e9bae89f-d8ca-4c5c-a58b-7fbd7fbc7389.webp,imagereward:images/test/test_2/3da4a65f-8b2e-42ac-9e6a-851421391e14.webp,0.17657166719436646,0.2393157184123993,-0.06274405121803284,gallery_images/3ef8bbf8913ddfef013bdd3b.jpg,gallery_images/0b2a0e08790d5648abe57125.jpg,"{""model_id"": null, ""negative_prompt"": null, ""gs"": null, ""steps"": null, ""scheduler_cls"": null, ""classification"": ""People""}","{""model_id"": null, ""negative_prompt"": null, ""gs"": null, ""steps"": null, ""scheduler_cls"": null, ""classification"": ""People""}",unverified,,,
27554,log-cabin,1,random_audit,imagereward:test:007153-0089,porsche 911 in back 2 the future. trail of fire on street. 88mph. lightning strike,d038503c1ac2e846acec02007e14ea5106e92f0ff6a8ee20c34f692327c1fde9,imagereward:images/test/test_1/f50b7583-e032-4d0b-8de8-2d5b8f8a3be6.webp,imagereward:images/test/test_1/9083286e-41fe-4f7b-a7c3-03c8d5e6083a.webp,0.18349437415599823,0.23657801747322083,-0.053083643317222595,gallery_images/1543e7cfdeac49cad10ce672.jpg,gallery_images/904d7d2969d3f3f90da668e1.jpg,"{""model_id"": null, ""negative_prompt"": null, ""gs"": null, ""steps"": null, ""scheduler_cls"": null, ""classification"": ""Vehicles""}","{""model_id"": null, ""negative_prompt"": null, ""gs"": null, ""steps"": null, ""scheduler_cls"": null, ""classification"": ""Vehicles""}",unverified,,,
8751,city-dwelling,1,supportive,imagereward:test:007223-0095,"movie still of a man and a robot in a moment of horror, movie still, cinematic composition, cinematic light, by edgar wright and david lynch ",7b1a3a2d747f29cf98ce5df43b3c627d9e7e7b46abc06de1cee720cd6536b561,imagereward:images/test/test_1/6514baaf-3172-4249-9d83-242b2ba9ba98.webp,imagereward:images/test/test_1/4617fab5-3eeb-4fe5-b59b-6b4917ca34db.webp,0.2801195979118347,0.17027944326400757,0.10984015464782715,gallery_images/a95c332022d07da836ab19e1.jpg,gallery_images/5beb51d142a760cca7b3f03a.jpg,"{""model_id"": null, ""negative_prompt"": null, ""gs"": null, ""steps"": null, ""scheduler_cls"": null, ""classification"": ""Arts""}","{""model_id"": null, ""negative_prompt"": null, ""gs"": null, ""steps"": null, ""scheduler_cls"": null, ""classification"": ""Arts""}",unverified,,,
8751,city-dwelling,1,supportive,imagereward:test:010264-0028,"a realistic detailed cinematic painting of a beautiful clear glass vibrant consciousness of human evolution, strange miraculous entity reflecting light prism, spiritual enlightenment, manifestation, peace, reincarnation, memories of past lives, triumph, beauty, perfection, opal statues adorned in jewels, by david a. hardy, kinkade, lisa frank, wpa, public works mural, socialist ",1550579cbf3a97ece6f276255c6670470e7256cdddaebab43c247817f10a00b1,imagereward:images/test/test_2/3f8b9b50-f4c7-4b33-8436-1618f8730e94.webp,imagereward:images/test/test_2/692ba100-1fd4-4c3a-8652-aa1f7f4e757b.webp,0.2570398449897766,0.1717698872089386,0.08526995778083801,gallery_images/5b52ca7d36aecabfc551e338.jpg,gallery_images/c25b28045ba5f0567830b38a.jpg,"{""model_id"": null, ""negative_prompt"": null, ""gs"": null, ""steps"": null, ""scheduler_cls"": null, ""classification"": ""Arts""}","{""model_id"": null, ""negative_prompt"": null, ""gs"": null, ""steps"": null, ""scheduler_cls"": null, ""classification"": ""Arts""}",unverified,,,
8751,city-dwelling,1,counterexample,imagereward:test:007153-0089,porsche 911 in back 2 the future. trail of fire on street. 88mph. lightning strike,d038503c1ac2e846acec02007e14ea5106e92f0ff6a8ee20c34f692327c1fde9,imagereward:images/test/test_1/f50b7583-e032-4d0b-8de8-2d5b8f8a3be6.webp,imagereward:images/test/test_1/9083286e-41fe-4f7b-a7c3-03c8d5e6083a.webp,0.2321983426809311,0.35661423206329346,-0.12441588938236237,gallery_images/1543e7cfdeac49cad10ce672.jpg,gallery_images/904d7d2969d3f3f90da668e1.jpg,"{""model_id"": null, ""negative_prompt"": null, ""gs"": null, ""steps"": null, ""scheduler_cls"": null, ""classification"": ""Vehicles""}","{""model_id"": null, ""negative_prompt"": null, ""gs"": null, ""steps"": null, ""scheduler_cls"": null, ""classification"": ""Vehicles""}",unverified,,,
8751,city-dwelling,1,counterexample,imagereward:test:001383-0079,"a half - masked rugged laboratory engineer man with cybernetic enhancements as seen from a distance, scifi character portrait by greg rutkowski, esuthio, craig mullins, 1 / 4 headshot, cinematic lighting, dystopian scifi gear, gloomy, profile picture, mechanical, half robot, implants, dieselpunk ",cc38ca0a6b2822cffd5316d1419eadfc45299c84a251d33f4718e87812642263,imagereward:images/test/test_2/2cccb2fc-f4da-41cb-97be-29fb61a58d7f.webp,imagereward:images/test/test_2/81d122ac-7404-4b65-99f5-c520b923bc23.webp,0.2086622714996338,0.32668399810791016,-0.11802172660827637,gallery_images/5d65385d6c3a0a8bdf41aac4.jpg,gallery_images/f3918368d7d0c3751d137389.jpg,"{""model_id"": null, ""negative_prompt"": null, ""gs"": null, ""steps"": null, ""scheduler_cls"": null, ""classification"": ""People""}","{""model_id"": null, ""negative_prompt"": null, ""gs"": null, ""steps"": null, ""scheduler_cls"": null, ""classification"": ""People""}",unverified,,,
8751,city-dwelling,1,random_audit,imagereward:test:007713-0046,Boris Johnson and Eminen on a stage having an epic rap battle together,b0d04d7cbc27aada61a2a2c88184bd2d92ab094fb3d6dff2db24cef0f2bfee54,imagereward:images/test/test_1/48b9bead-0909-496a-8e65-c4b79d66506f.webp,imagereward:images/test/test_1/234f6195-5526-4d08-80a0-166943089bb9.webp,0.1727508306503296,0.1690407544374466,0.0037100762128829956,gallery_images/69a6e82e6be1dbe6ecfd6773.jpg,gallery_images/30e47bf7fcbfd5aa97ac686b.jpg,"{""model_id"": null, ""negative_prompt"": null, ""gs"": null, ""steps"": null, ""scheduler_cls"": null, ""classification"": ""People""}","{""model_id"": null, ""negative_prompt"": null, ""gs"": null, ""steps"": null, ""scheduler_cls"": null, ""classification"": ""People""}",unverified,,,
8751,city-dwelling,1,random_audit,imagereward:test:008615-0007,"a group of artists creating a masterpiece, glorious, in the style of artgerm and charlie bowater and atey ghailan and mike mignola, epic lighting, vibrant colors and hard shadows and strong rim light, very coherent, comic cover art, plain background, trending on artstation ",133343abee5ab23e2f72742014e087d34fcc6ed1ed4cac5948a1e45fca0b2a3c,imagereward:images/test/test_1/a9933af1-1d8b-4298-bdf3-00bea8548222.webp,imagereward:images/test/test_1/41af2cb8-3028-422a-afdb-c4bb2edb14c4.webp,0.2092718780040741,0.1992698609828949,0.0100020170211792,gallery_images/501f053ee9b680d94916607c.jpg,gallery_images/28ef7fd9656742307c6a2316.jpg,"{""model_id"": null, ""negative_prompt"": null, ""gs"": null, ""steps"": null, ""scheduler_cls"": null, ""classification"": ""Arts""}","{""model_id"": null, ""negative_prompt"": null, ""gs"": null, ""steps"": null, ""scheduler_cls"": null, ""classification"": ""Arts""}",unverified,,,
9710,community-building,1,supportive,imagereward:test:007223-0095,"movie still of a man and a robot in a moment of horror, movie still, cinematic composition, cinematic light, by edgar wright and david lynch ",7b1a3a2d747f29cf98ce5df43b3c627d9e7e7b46abc06de1cee720cd6536b561,imagereward:images/test/test_1/6514baaf-3172-4249-9d83-242b2ba9ba98.webp,imagereward:images/test/test_1/4617fab5-3eeb-4fe5-b59b-6b4917ca34db.webp,0.2949000597000122,0.1879597306251526,0.10694032907485962,gallery_images/a95c332022d07da836ab19e1.jpg,gallery_images/5beb51d142a760cca7b3f03a.jpg,"{""model_id"": null, ""negative_prompt"": null, ""gs"": null, ""steps"": null, ""scheduler_cls"": null, ""classification"": ""Arts""}","{""model_id"": null, ""negative_prompt"": null, ""gs"": null, ""steps"": null, ""scheduler_cls"": null, ""classification"": ""Arts""}",unverified,,,
9710,community-building,1,supportive,imagereward:test:007153-0089,porsche 911 in back 2 the future. trail of fire on street. 88mph. lightning strike,d038503c1ac2e846acec02007e14ea5106e92f0ff6a8ee20c34f692327c1fde9,imagereward:images/test/test_1/44ee09f2-69c6-454b-bb64-4cc99f821729.webp,imagereward:images/test/test_1/c1ecffcc-65f0-43b5-baf1-a9438fc06e07.webp,0.35603633522987366,0.26382482051849365,0.09221151471138,gallery_images/22051f376a24c1e5e5356109.jpg,gallery_images/3415ddba4c7971e2aa9e3935.jpg,"{""model_id"": null, ""negative_prompt"": null, ""gs"": null, ""steps"": null, ""scheduler_cls"": null, ""classification"": ""Vehicles""}","{""model_id"": null, ""negative_prompt"": null, ""gs"": null, ""steps"": null, ""scheduler_cls"": null, ""classification"": ""Vehicles""}",unverified,,,
9710,community-building,1,counterexample,imagereward:test:007153-0089,porsche 911 in back 2 the future. trail of fire on street. 88mph. lightning strike,d038503c1ac2e846acec02007e14ea5106e92f0ff6a8ee20c34f692327c1fde9,imagereward:images/test/test_1/f50b7583-e032-4d0b-8de8-2d5b8f8a3be6.webp,imagereward:images/test/test_1/dfee14da-e909-44e2-9eba-97bb8ebe2925.webp,0.2386070340871811,0.3579859435558319,-0.11937890946865082,gallery_images/1543e7cfdeac49cad10ce672.jpg,gallery_images/ee5e9663eca1af7eb7be377f.jpg,"{""model_id"": null, ""negative_prompt"": null, ""gs"": null, ""steps"": null, ""scheduler_cls"": null, ""classification"": ""Vehicles""}","{""model_id"": null, ""negative_prompt"": null, ""gs"": null, ""steps"": null, ""scheduler_cls"": null, ""classification"": ""Vehicles""}",unverified,,,
9710,community-building,1,counterexample,imagereward:test:009475-0037,film still from frightening horror movie. cinematic. 8 k. ,38a0610767e6cc9c0356505e23ba4222fbc8d42f195099e5e226c087606379a2,imagereward:images/test/test_1/f90a0fbc-ae2a-485e-bbbd-c66436f8e8bb.webp,imagereward:images/test/test_1/881a226a-49ae-4702-9438-95371e61b12c.webp,0.19391092658042908,0.31314894556999207,-0.11923801898956299,gallery_images/f2e1b71751c5d47ba39c6fb2.jpg,gallery_images/33630cba41a315c42dd3fc77.jpg,"{""model_id"": null, ""negative_prompt"": null, ""gs"": null, ""steps"": null, ""scheduler_cls"": null, ""classification"": ""Arts""}","{""model_id"": null, ""negative_prompt"": null, ""gs"": null, ""steps"": null, ""scheduler_cls"": null, ""classification"": ""Arts""}",unverified,,,
9710,community-building,1,random_audit,imagereward:test:001383-0079,"a half - masked rugged laboratory engineer man with cybernetic enhancements as seen from a distance, scifi character portrait by greg rutkowski, esuthio, craig mullins, 1 / 4 headshot, cinematic lighting, dystopian scifi gear, gloomy, profile picture, mechanical, half robot, implants, dieselpunk ",cc38ca0a6b2822cffd5316d1419eadfc45299c84a251d33f4718e87812642263,imagereward:images/test/test_2/13b75cb0-d1c7-49b6-8c75-25fd43b4fe53.webp,imagereward:images/test/test_2/f869657d-a155-464c-9a65-3ed903f8d206.webp,0.264888197183609,0.2695164978504181,-0.004628300666809082,gallery_images/c14e0c410d27dc5d15ecb79c.jpg,gallery_images/b1082f33fbe7a45cf8f621b6.jpg,"{""model_id"": null, ""negative_prompt"": null, ""gs"": null, ""steps"": null, ""scheduler_cls"": null, ""classification"": ""People""}","{""model_id"": null, ""negative_prompt"": null, ""gs"": null, ""steps"": null, ""scheduler_cls"": null, ""classification"": ""People""}",unverified,,,
9710,community-building,1,random_audit,imagereward:test:008772-0049, promotional vogue studio portrait photo of Alanis Morissette  ,7ecbda88bff98754b9e4aff46de0002c19a6c176848cc1714105fa7c6a6d7f02,imagereward:images/test/test_1/20838822-5acd-4735-bb7d-5f59a79ca5ff.webp,imagereward:images/test/test_1/e99dfb90-66f7-451e-bd52-daad740efb9c.webp,0.21721462905406952,0.2244972437620163,-0.007282614707946777,gallery_images/1854aae8ada040197398f216.jpg,gallery_images/ecfa8256ac636f331575b44e.jpg,"{""model_id"": null, ""negative_prompt"": null, ""gs"": null, ""steps"": null, ""scheduler_cls"": null, ""classification"": ""People""}","{""model_id"": null, ""negative_prompt"": null, ""gs"": null, ""steps"": null, ""scheduler_cls"": null, ""classification"": ""People""}",unverified,,,
22989,house,1,supportive,imagereward:test:007223-0095,"movie still of a man and a robot in a moment of horror, movie still, cinematic composition, cinematic light, by edgar wright and david lynch ",7b1a3a2d747f29cf98ce5df43b3c627d9e7e7b46abc06de1cee720cd6536b561,imagereward:images/test/test_1/6514baaf-3172-4249-9d83-242b2ba9ba98.webp,imagereward:images/test/test_1/4617fab5-3eeb-4fe5-b59b-6b4917ca34db.webp,0.28868186473846436,0.19854912161827087,0.09013274312019348,gallery_images/a95c332022d07da836ab19e1.jpg,gallery_images/5beb51d142a760cca7b3f03a.jpg,"{""model_id"": null, ""negative_prompt"": null, ""gs"": null, ""steps"": null, ""scheduler_cls"": null, ""classification"": ""Arts""}","{""model_id"": null, ""negative_prompt"": null, ""gs"": null, ""steps"": null, ""scheduler_cls"": null, ""classification"": ""Arts""}",unverified,,,
22989,house,1,supportive,imagereward:test:007153-0089,porsche 911 in back 2 the future. trail of fire on street. 88mph. lightning strike,d038503c1ac2e846acec02007e14ea5106e92f0ff6a8ee20c34f692327c1fde9,imagereward:images/test/test_1/44ee09f2-69c6-454b-bb64-4cc99f821729.webp,imagereward:images/test/test_1/befb4ecd-f1ce-4ad3-8593-616693f17fe1.webp,0.340553879737854,0.254009872674942,0.08654400706291199,gallery_images/22051f376a24c1e5e5356109.jpg,gallery_images/6a580a3fdf9f94539226007b.jpg,"{""model_id"": null, ""negative_prompt"": null, ""gs"": null, ""steps"": null, ""scheduler_cls"": null, ""classification"": ""Vehicles""}","{""model_id"": null, ""negative_prompt"": null, ""gs"": null, ""steps"": null, ""scheduler_cls"": null, ""classification"": ""Vehicles""}",unverified,,,
22989,house,1,counterexample,imagereward:test:007153-0089,porsche 911 in back 2 the future. trail of fire on street. 88mph. lightning strike,d038503c1ac2e846acec02007e14ea5106e92f0ff6a8ee20c34f692327c1fde9,imagereward:images/test/test_1/f50b7583-e032-4d0b-8de8-2d5b8f8a3be6.webp,imagereward:images/test/test_1/dfee14da-e909-44e2-9eba-97bb8ebe2925.webp,0.20875029265880585,0.3616286516189575,-0.15287835896015167,gallery_images/1543e7cfdeac49cad10ce672.jpg,gallery_images/ee5e9663eca1af7eb7be377f.jpg,"{""model_id"": null, ""negative_prompt"": null, ""gs"": null, ""steps"": null, ""scheduler_cls"": null, ""classification"": ""Vehicles""}","{""model_id"": null, ""negative_prompt"": null, ""gs"": null, ""steps"": null, ""scheduler_cls"": null, ""classification"": ""Vehicles""}",unverified,,,
22989,house,1,counterexample,imagereward:test:001151-0006,if woody and buzz from toy story had a kid pixar animation hd ,4ccbad501cbfb5dfe1c19daa4e7636a31e7ca8afdafd02312ce7531d13cf9fb2,imagereward:images/test/test_2/824e1107-99cf-4249-9b53-92f04417f4c5.webp,imagereward:images/test/test_2/ab11aae6-6c87-4045-9e56-de464555629e.webp,0.22754284739494324,0.3391863703727722,-0.11164352297782898,gallery_images/23e048cdff8d655d02266781.jpg,gallery_images/8a3024e13612ad03c0f74166.jpg,"{""model_id"": null, ""negative_prompt"": null, ""gs"": null, ""steps"": null, ""scheduler_cls"": null, ""classification"": ""Arts""}","{""model_id"": null, ""negative_prompt"": null, ""gs"": null, ""steps"": null, ""scheduler_cls"": null, ""classification"": ""Arts""}",unverified,,,
22989,house,1,random_audit,imagereward:test:009500-0056,"beautiful human witch with blonde short curtly hair in intricate ornate witch robe, haughty evil look, witch hat. in style of yoji shinkawa and hyung - tae kim, trending on artstation, dark fantasy, great composition, concept art, highly detailed, dynamic pose. ",f925a691bb620a9bac06dd31c86df8afd61b6b0c630e5480ff7e6fe00d0552cb,imagereward:images/test/test_1/e429701a-b6c8-40e6-b709-99684b100281.webp,imagereward:images/test/test_1/e2cd6d2f-deb8-4d07-a4fc-bf45eac9438a.webp,0.20558318495750427,0.20907855033874512,-0.0034953653812408447,gallery_images/76f66083cdf48490d89239b9.jpg,gallery_images/42b7de3ced634207ddffbaea.jpg,"{""model_id"": null, ""negative_prompt"": null, ""gs"": null, ""steps"": null, ""scheduler_cls"": null, ""classification"": ""People""}","{""model_id"": null, ""negative_prompt"": null, ""gs"": null, ""steps"": null, ""scheduler_cls"": null, ""classification"": ""People""}",unverified,,,
22989,house,1,random_audit,imagereward:test:007133-0110,"3D render of a cute tribal anime boy in a loincloth, fantasy artwork, fluffy hair, mid-shot, award winning, ray tracing, hyper detailed, very very very beautiful, studio lighting, artstation, unreal engine, unreal 5, 4k, octane renderer",781e18ca23d43f1e12187a74595585b6c00f57c3adacc9e8e960d0bb807c815c,imagereward:images/test/test_1/714dd2d4-7802-40e1-9696-c2a8f227b3a3.webp,imagereward:images/test/test_1/8479b965-378c-4e84-8cbe-80973b345f83.webp,0.17854736745357513,0.18990901112556458,-0.011361643671989441,gallery_images/01ca6cf1edd60726077e64f7.jpg,gallery_images/c2789d26f1e5690917217d30.jpg,"{""model_id"": null, ""negative_prompt"": null, ""gs"": null, ""steps"": null, ""scheduler_cls"": null, ""classification"": ""People""}","{""model_id"": null, ""negative_prompt"": null, ""gs"": null, ""steps"": null, ""scheduler_cls"": null, ""classification"": ""People""}",unverified,,,
21422,hand-shaped,-1,supportive,imagereward:test:007367-0101,"retro scifi spaceport with a spaceship about to take off, concept art, hyper detailed, ultra realistic, octane, artstation trending, unreal engine, dramatic lighting, reflections",bbc5181d0f1aa87c0bc57fb7825263ef0db706f351c945714fe2d53fcd0445ff,imagereward:images/test/test_1/39b0f4e1-8737-4168-9d56-98a7fca26475.webp,imagereward:images/test/test_1/7e4ea7c2-b6e0-41d7-9493-9b57fcbda2a9.webp,0.2018098384141922,0.32114243507385254,-0.11933259665966034,gallery_images/a0605172e971f23a60564aa1.jpg,gallery_images/7e7d9d403ce5f5725d6112fc.jpg,"{""model_id"": null, ""negative_prompt"": null, ""gs"": null, ""steps"": null, ""scheduler_cls"": null, ""classification"": ""Arts""}","{""model_id"": null, ""negative_prompt"": null, ""gs"": null, ""steps"": null, ""scheduler_cls"": null, ""classification"": ""Arts""}",unverified,,,
21422,hand-shaped,-1,supportive,imagereward:test:010918-0030,the pope in saving private james ryan ,9ed63beff86d5e18e4048901428ee78733de38893029c7c73093da1301c7baa5,imagereward:images/test/test_2/cbc83c67-d5cb-4872-95c7-f46ca0cdcd6c.webp,imagereward:images/test/test_2/3967a17c-407b-4b0a-945b-33fa4de64faa.webp,0.20375043153762817,0.3009380102157593,-0.0971875786781311,gallery_images/d664aa5be8f6b3d7166b32c7.jpg,gallery_images/83472d02a58f9f0ef06a8458.jpg,"{""model_id"": null, ""negative_prompt"": null, ""gs"": null, ""steps"": null, ""scheduler_cls"": null, ""classification"": ""People""}","{""model_id"": null, ""negative_prompt"": null, ""gs"": null, ""steps"": null, ""scheduler_cls"": null, ""classification"": ""People""}",unverified,,,
21422,hand-shaped,-1,counterexample,imagereward:test:008772-0049, promotional vogue studio portrait photo of Alanis Morissette  ,7ecbda88bff98754b9e4aff46de0002c19a6c176848cc1714105fa7c6a6d7f02,imagereward:images/test/test_1/20838822-5acd-4735-bb7d-5f59a79ca5ff.webp,imagereward:images/test/test_1/1603b5b4-bb37-444e-ba32-42f3f1ca4042.webp,0.2870599627494812,0.19436585903167725,0.09269410371780396,gallery_images/1854aae8ada040197398f216.jpg,gallery_images/06e2d426ee898dcc23a01aa5.jpg,"{""model_id"": null, ""negative_prompt"": null, ""gs"": null, ""steps"": null, ""scheduler_cls"": null, ""classification"": ""People""}","{""model_id"": null, ""negative_prompt"": null, ""gs"": null, ""steps"": null, ""scheduler_cls"": null, ""classification"": ""People""}",unverified,,,
21422,hand-shaped,-1,counterexample,imagereward:test:010264-0028,"a realistic detailed cinematic painting of a beautiful clear glass vibrant consciousness of human evolution, strange miraculous entity reflecting light prism, spiritual enlightenment, manifestation, peace, reincarnation, memories of past lives, triumph, beauty, perfection, opal statues adorned in jewels, by david a. hardy, kinkade, lisa frank, wpa, public works mural, socialist ",1550579cbf3a97ece6f276255c6670470e7256cdddaebab43c247817f10a00b1,imagereward:images/test/test_2/3f8b9b50-f4c7-4b33-8436-1618f8730e94.webp,imagereward:images/test/test_2/692ba100-1fd4-4c3a-8652-aa1f7f4e757b.webp,0.3157617151737213,0.2351568192243576,0.08060489594936371,gallery_images/5b52ca7d36aecabfc551e338.jpg,gallery_images/c25b28045ba5f0567830b38a.jpg,"{""model_id"": null, ""negative_prompt"": null, ""gs"": null, ""steps"": null, ""scheduler_cls"": null, ""classification"": ""Arts""}","{""model_id"": null, ""negative_prompt"": null, ""gs"": null, ""steps"": null, ""scheduler_cls"": null, ""classification"": ""Arts""}",unverified,,,
21422,hand-shaped,-1,random_audit,imagereward:test:007759-0110,"photoreal portrait very intricate! synthwave dj wearing a black hoody, white glossy class - a surfaces, glittering light leaks, electromagnetic waves, blue glowing aggressive led eyes, zbrush, greeble skin, octane render, colani design, cyberpunk, dystopia tokyo ",263707270785a19ef1b9db60c919f13445f1eccdfe7b98ea64072c0649b08420,imagereward:images/test/test_1/83b28b0b-88c0-423e-8baa-37c9bcb44e27.webp,imagereward:images/test/test_1/49767aca-07ec-4b49-afcb-d9c4c3853cce.webp,0.2176995575428009,0.20777574181556702,0.009923815727233887,gallery_images/0f5e2895fd23101b68373c47.jpg,gallery_images/c4167597d47dc97c59c5bbd8.jpg,"{""model_id"": null, ""negative_prompt"": null, ""gs"": null, ""steps"": null, ""scheduler_cls"": null, ""classification"": ""People""}","{""model_id"": null, ""negative_prompt"": null, ""gs"": null, ""steps"": null, ""scheduler_cls"": null, ""classification"": ""People""}",unverified,,,
21422,hand-shaped,-1,random_audit,imagereward:test:001333-0052,"attractive bradley james as king arthur pendragon, sat in his throne, big arches in the back, very detailed face, by gaston bussiere, j. c. leyendecker ",8819b851edefdc4b7a051624fadb52481c06767c1c77f6e6a79a4c43a74b6520,imagereward:images/test/test_2/68d406dd-364f-4039-a3f6-372f8b7527b2.webp,imagereward:images/test/test_2/05498074-42fd-41bd-abda-0cb15eeb0f6d.webp,0.2723527252674103,0.27201536297798157,0.00033736228942871094,gallery_images/fe4e881ad416ba3eefd4e70c.jpg,gallery_images/10ffcf61acab86fa6f3fe100.jpg,"{""model_id"": null, ""negative_prompt"": null, ""gs"": null, ""steps"": null, ""scheduler_cls"": null, ""classification"": ""People""}","{""model_id"": null, ""negative_prompt"": null, ""gs"": null, ""steps"": null, ""scheduler_cls"": null, ""classification"": ""People""}",unverified,,,
4352,backsaw,-1,supportive,imagereward:test:008289-0059,"film still of the geisha robot from ghost in the shell, cinematic lighting, 3 5 mm, high resolution ",3bd7d4dddc3e23f3607fda60a8645e56af48b86a319f4d55650264f6bab14574,imagereward:images/test/test_1/d5a97b27-8f4d-444b-ac87-b756a3fd4bae.webp,imagereward:images/test/test_1/3202d894-05ac-48da-a7d2-ba160a5c786d.webp,0.2047814577817917,0.3064342141151428,-0.10165275633335114,gallery_images/e1c8d204d61512a98cab0302.jpg,gallery_images/d5abce8ec50c87b9e5bc519c.jpg,"{""model_id"": null, ""negative_prompt"": null, ""gs"": null, ""steps"": null, ""scheduler_cls"": null, ""classification"": ""Artifacts""}","{""model_id"": null, ""negative_prompt"": null, ""gs"": null, ""steps"": null, ""scheduler_cls"": null, ""classification"": ""Artifacts""}",unverified,,,
4352,backsaw,-1,supportive,imagereward:test:008711-0012,spanish mauricio colmenero ,d1618101d7e65a6a00fb1c5473fcb3bd4c15c804a643a4ea8781779513d9603f,imagereward:images/test/test_1/3959448c-2756-41d5-9869-3e2c802acf6c.webp,imagereward:images/test/test_1/d2bc1498-10e0-4b96-82ad-f4b588a30628.webp,0.2208235263824463,0.31277531385421753,-0.09195178747177124,gallery_images/85ef7558086c98160e3761a1.jpg,gallery_images/c9b5dcf541e8e3543a448df0.jpg,"{""model_id"": null, ""negative_prompt"": null, ""gs"": null, ""steps"": null, ""scheduler_cls"": null, ""classification"": ""People""}","{""model_id"": null, ""negative_prompt"": null, ""gs"": null, ""steps"": null, ""scheduler_cls"": null, ""classification"": ""People""}",unverified,,,
4352,backsaw,-1,counterexample,imagereward:test:010366-0012,a photo of a very fat green parrot. ,e0f2360d116462f2784d425324fa3f2db8b12ba7dc05c68549c8510df09bbb60,imagereward:images/test/test_2/2903528d-33d0-4550-b44a-8c64a6b66b62.webp,imagereward:images/test/test_2/8616dc88-be54-4c2d-9060-8a4a411c38cf.webp,0.28665614128112793,0.2026090770959854,0.08404706418514252,gallery_images/12f571c6addcbbbe40918c4d.jpg,gallery_images/0db1491d576657218d4c1d56.jpg,"{""model_id"": null, ""negative_prompt"": null, ""gs"": null, ""steps"": null, ""scheduler_cls"": null, ""classification"": ""Animals""}","{""model_id"": null, ""negative_prompt"": null, ""gs"": null, ""steps"": null, ""scheduler_cls"": null, ""classification"": ""Animals""}",unverified,,,
4352,backsaw,-1,counterexample,imagereward:test:001151-0006,if woody and buzz from toy story had a kid pixar animation hd ,4ccbad501cbfb5dfe1c19daa4e7636a31e7ca8afdafd02312ce7531d13cf9fb2,imagereward:images/test/test_2/824e1107-99cf-4249-9b53-92f04417f4c5.webp,imagereward:images/test/test_2/761693ef-64ba-49b3-af40-76c0d6d8531b.webp,0.28053581714630127,0.20578166842460632,0.07475414872169495,gallery_images/23e048cdff8d655d02266781.jpg,gallery_images/9af1a2ee13df21cc3fd1f454.jpg,"{""model_id"": null, ""negative_prompt"": null, ""gs"": null, ""steps"": null, ""scheduler_cls"": null, ""classification"": ""Arts""}","{""model_id"": null, ""negative_prompt"": null, ""gs"": null, ""steps"": null, ""scheduler_cls"": null, ""classification"": ""Arts""}",unverified,,,
4352,backsaw,-1,random_audit,imagereward:test:010366-0012,a photo of a very fat green parrot. ,e0f2360d116462f2784d425324fa3f2db8b12ba7dc05c68549c8510df09bbb60,imagereward:images/test/test_2/2903528d-33d0-4550-b44a-8c64a6b66b62.webp,imagereward:images/test/test_2/ba7f82dc-bf5f-4625-86ee-7aa848190640.webp,0.28665614128112793,0.20965057611465454,0.07700556516647339,gallery_images/12f571c6addcbbbe40918c4d.jpg,gallery_images/adc5748e1536874c198d4a99.jpg,"{""model_id"": null, ""negative_prompt"": null, ""gs"": null, ""steps"": null, ""scheduler_cls"": null, ""classification"": ""Animals""}","{""model_id"": null, ""negative_prompt"": null, ""gs"": null, ""steps"": null, ""scheduler_cls"": null, ""classification"": ""Animals""}",unverified,,,
4352,backsaw,-1,random_audit,imagereward:test:001151-0006,if woody and buzz from toy story had a kid pixar animation hd ,4ccbad501cbfb5dfe1c19daa4e7636a31e7ca8afdafd02312ce7531d13cf9fb2,imagereward:images/test/test_2/824e1107-99cf-4249-9b53-92f04417f4c5.webp,imagereward:images/test/test_2/3af70a8b-1bdf-4766-92fb-49964b083f70.webp,0.28053581714630127,0.22448205947875977,0.056053757667541504,gallery_images/23e048cdff8d655d02266781.jpg,gallery_images/bf173e7cc934b446fe12b350.jpg,"{""model_id"": null, ""negative_prompt"": null, ""gs"": null, ""steps"": null, ""scheduler_cls"": null, ""classification"": ""Arts""}","{""model_id"": null, ""negative_prompt"": null, ""gs"": null, ""steps"": null, ""scheduler_cls"": null, ""classification"": ""Arts""}",unverified,,,
21448,handgrip,-1,supportive,imagereward:test:007209-0011,"photo by josh pierce and prateek vatash and roman bratschi, a giant huge beautiful mid - century modern revival mansion palace with green plants and giant reflective windows on a huge scenic cliff overlooking the ocean, 4 d, 4 k, ray tracing reflections, volumetric lighting and shadows, haze, light beams ",3ddd5b7dbc25442c4e707b4209fcae8358ec03c2a3883a9f4d2bc8864164a900,imagereward:images/test/test_1/fbe6d230-deae-4424-b758-8adabd1abfaf.webp,imagereward:images/test/test_1/09930877-eef9-4b5a-a9e4-5585884c089c.webp,0.19390705227851868,0.29873159527778625,-0.10482454299926758,gallery_images/b6f4dc5cc32034e3bf351937.jpg,gallery_images/0a1199160a4d13d812d056c3.jpg,"{""model_id"": null, ""negative_prompt"": null, ""gs"": null, ""steps"": null, ""scheduler_cls"": null, ""classification"": ""Outdoor Scenes""}","{""model_id"": null, ""negative_prompt"": null, ""gs"": null, ""steps"": null, ""scheduler_cls"": null, ""classification"": ""Outdoor Scenes""}",unverified,,,
21448,handgrip,-1,supportive,imagereward:test:010918-0030,the pope in saving private james ryan ,9ed63beff86d5e18e4048901428ee78733de38893029c7c73093da1301c7baa5,imagereward:images/test/test_2/cbc83c67-d5cb-4872-95c7-f46ca0cdcd6c.webp,imagereward:images/test/test_2/456f2d52-b588-400f-a7f4-d0643891a153.webp,0.21481779217720032,0.3058358430862427,-0.09101805090904236,gallery_images/d664aa5be8f6b3d7166b32c7.jpg,gallery_images/3fdb1a604a1f726047899272.jpg,"{""model_id"": null, ""negative_prompt"": null, ""gs"": null, ""steps"": null, ""scheduler_cls"": null, ""classification"": ""People""}","{""model_id"": null, ""negative_prompt"": null, ""gs"": null, ""steps"": null, ""scheduler_cls"": null, ""classification"": ""People""}",unverified,,,
21448,handgrip,-1,counterexample,imagereward:test:002127-0162,"close - up view of silhouettes watching a giant dark sci - fi alien sea creature with big glowing eyes in a giant futuristic fish tank, deep blue colors, highly detailed science fiction painting by syd mead, roger dean, and moebius. rich colors, high contrast, black background. unreal engine, artstation. ",07beb510ca8cd7b34569f09e1347913481b90cad88ccc03e103252735f061d58,imagereward:images/test/test_2/c3226ccb-7da4-4e6a-8adb-13a36a1a4106.webp,imagereward:images/test/test_2/22cf8662-ad4f-411c-a1b4-766a40b17238.webp,0.30305829644203186,0.19052937626838684,0.11252892017364502,gallery_images/2ebbef8a6fed8d727728d1c0.jpg,gallery_images/2e90e9ddf21d10c79e913c3f.jpg,"{""model_id"": null, ""negative_prompt"": null, ""gs"": null, ""steps"": null, ""scheduler_cls"": null, ""classification"": ""Arts""}","{""model_id"": null, ""negative_prompt"": null, ""gs"": null, ""steps"": null, ""scheduler_cls"": null, ""classification"": ""Arts""}",unverified,,,
21448,handgrip,-1,counterexample,imagereward:test:009475-0037,film still from frightening horror movie. cinematic. 8 k. ,38a0610767e6cc9c0356505e23ba4222fbc8d42f195099e5e226c087606379a2,imagereward:images/test/test_1/f90a0fbc-ae2a-485e-bbbd-c66436f8e8bb.webp,imagereward:images/test/test_1/0db23757-50de-469b-9c11-ee2de57fb3fd.webp,0.3002137541770935,0.21381475031375885,0.08639900386333466,gallery_images/f2e1b71751c5d47ba39c6fb2.jpg,gallery_images/b27198ee085edd5b4d9a943c.jpg,"{""model_id"": null, ""negative_prompt"": null, ""gs"": null, ""steps"": null, ""scheduler_cls"": null, ""classification"": ""Arts""}","{""model_id"": null, ""negative_prompt"": null, ""gs"": null, ""steps"": null, ""scheduler_cls"": null, ""classification"": ""Arts""}",unverified,,,
21448,handgrip,-1,random_audit,imagereward:test:010953-0086,the great grandchildren of superheroes ,598384291728e815b8913701e455e48cc77acf314a95429e378f6544c6ff8ce2,imagereward:images/test/test_2/fb2e34fe-b495-4cd8-b44d-65b2b0aa6dae.webp,imagereward:images/test/test_2/052450c7-f714-4d32-80a2-ee245bdd3932.webp,0.2620140314102173,0.2503252923488617,0.01168873906135559,gallery_images/cfc9f62e331bdafacb3c35eb.jpg,gallery_images/f490ff20cfb362199058ff7d.jpg,"{""model_id"": null, ""negative_prompt"": null, ""gs"": null, ""steps"": null, ""scheduler_cls"": null, ""classification"": ""People""}","{""model_id"": null, ""negative_prompt"": null, ""gs"": null, ""steps"": null, ""scheduler_cls"": null, ""classification"": ""People""}",unverified,,,
21448,handgrip,-1,random_audit,imagereward:test:007713-0046,Boris Johnson and Eminen on a stage having an epic rap battle together,b0d04d7cbc27aada61a2a2c88184bd2d92ab094fb3d6dff2db24cef0f2bfee54,imagereward:images/test/test_1/48b9bead-0909-496a-8e65-c4b79d66506f.webp,imagereward:images/test/test_1/9dc88b05-f911-4a4d-abdb-e0bd03c4d01b.webp,0.2227041870355606,0.26067012548446655,-0.037965938448905945,gallery_images/69a6e82e6be1dbe6ecfd6773.jpg,gallery_images/052da60eedfc881426be243b.jpg,"{""model_id"": null, ""negative_prompt"": null, ""gs"": null, ""steps"": null, ""scheduler_cls"": null, ""classification"": ""People""}","{""model_id"": null, ""negative_prompt"": null, ""gs"": null, ""steps"": null, ""scheduler_cls"": null, ""classification"": ""People""}",unverified,,,
47258,tarmac,-1,supportive,imagereward:test:001151-0006,if woody and buzz from toy story had a kid pixar animation hd ,4ccbad501cbfb5dfe1c19daa4e7636a31e7ca8afdafd02312ce7531d13cf9fb2,imagereward:images/test/test_2/824e1107-99cf-4249-9b53-92f04417f4c5.webp,imagereward:images/test/test_2/e5df5d77-e1bc-427d-834b-62fff28afe24.webp,0.24314546585083008,0.3454222083091736,-0.1022767424583435,gallery_images/23e048cdff8d655d02266781.jpg,gallery_images/1e3d6a13188cb3a238c67ab1.jpg,"{""model_id"": null, ""negative_prompt"": null, ""gs"": null, ""steps"": null, ""scheduler_cls"": null, ""classification"": ""Arts""}","{""model_id"": null, ""negative_prompt"": null, ""gs"": null, ""steps"": null, ""scheduler_cls"": null, ""classification"": ""Arts""}",unverified,,,
47258,tarmac,-1,supportive,imagereward:test:008275-0162,"bioluminescent crystal ball abstract sculpture, neon, fluorescent, magenta hyper detailed, red & purple beauteous biomechanical organic lightpainting, 8 k scenery, perfect lighting balance, ",c5c9324fe686aa7c94a4e209e8c979b72d69085c2a3c33f77c567493db471506,imagereward:images/test/test_1/0647a02c-879d-483f-81d0-65b945e7bec1.webp,imagereward:images/test/test_1/b7c77f57-b5b6-4bee-8df1-f931779840d2.webp,0.21667081117630005,0.3176335096359253,-0.10096269845962524,gallery_images/3311939f6c319dc4ccd17467.jpg,gallery_images/cc580047882db69db6d5ff08.jpg,"{""model_id"": null, ""negative_prompt"": null, ""gs"": null, ""steps"": null, ""scheduler_cls"": null, ""classification"": ""Arts""}","{""model_id"": null, ""negative_prompt"": null, ""gs"": null, ""steps"": null, ""scheduler_cls"": null, ""classification"": ""Arts""}",unverified,,,
47258,tarmac,-1,counterexample,imagereward:test:001151-0006,if woody and buzz from toy story had a kid pixar animation hd ,4ccbad501cbfb5dfe1c19daa4e7636a31e7ca8afdafd02312ce7531d13cf9fb2,imagereward:images/test/test_2/774539e6-7354-4d1d-9c26-b97d16d8a9aa.webp,imagereward:images/test/test_2/21a8bff4-b37a-49c5-87a2-feaa6bb1e123.webp,0.3446202278137207,0.22574631869792938,0.11887390911579132,gallery_images/0530f80d65049fa0549ad09d.jpg,gallery_images/60aaa1d428ebd82d14ea5be4.jpg,"{""model_id"": null, ""negative_prompt"": null, ""gs"": null, ""steps"": null, ""scheduler_cls"": null, ""classification"": ""Arts""}","{""model_id"": null, ""negative_prompt"": null, ""gs"": null, ""steps"": null, ""scheduler_cls"": null, ""classification"": ""Arts""}",unverified,,,
47258,tarmac,-1,counterexample,imagereward:test:010856-0009,funny peanut butter ,b18ea9950d494d375d0c180c19fd090da6228f69d114cdf9665f8628abd7a871,imagereward:images/test/test_2/d7efc9ab-5b83-4dfb-9f37-e5c3494a9c6a.webp,imagereward:images/test/test_2/de0d0967-da8b-4313-aabc-8586351f274e.webp,0.29236969351768494,0.21135291457176208,0.08101677894592285,gallery_images/7ffe2a14962798eca3100109.jpg,gallery_images/dab53c0cd368a25298f6d76d.jpg,"{""model_id"": null, ""negative_prompt"": null, ""gs"": null, ""steps"": null, ""scheduler_cls"": null, ""classification"": ""Food""}","{""model_id"": null, ""negative_prompt"": null, ""gs"": null, ""steps"": null, ""scheduler_cls"": null, ""classification"": ""Food""}",unverified,,,
47258,tarmac,-1,random_audit,imagereward:test:007170-0061,"huge hulking creature, muscular and terrifying, unsettling, creepy, epic hairy monster terrifying covered in dark fur and matted mud with glowing green eyes, concept art, digital character art, artstation, cgsociety",7a08ca2db5c0164ee28df5afab9f631f83a762655cc18d9db9f8ca0bc824cc28,imagereward:images/test/test_1/cb45a8be-d378-4339-8f4c-e8dff69d0e3d.webp,imagereward:images/test/test_1/416d0eb0-8cac-4ee4-904b-0095f625a9c4.webp,0.28564080595970154,0.3046223223209381,-0.018981516361236572,gallery_images/0d07c543e40475ae9647a8eb.jpg,gallery_images/d928b3b42560a739112c881c.jpg,"{""model_id"": null, ""negative_prompt"": null, ""gs"": null, ""steps"": null, ""scheduler_cls"": null, ""classification"": ""Arts""}","{""model_id"": null, ""negative_prompt"": null, ""gs"": null, ""steps"": null, ""scheduler_cls"": null, ""classification"": ""Arts""}",unverified,,,
47258,tarmac,-1,random_audit,imagereward:test:007133-0110,"3D render of a cute tribal anime boy in a loincloth, fantasy artwork, fluffy hair, mid-shot, award winning, ray tracing, hyper detailed, very very very beautiful, studio lighting, artstation, unreal engine, unreal 5, 4k, octane renderer",781e18ca23d43f1e12187a74595585b6c00f57c3adacc9e8e960d0bb807c815c,imagereward:images/test/test_1/714dd2d4-7802-40e1-9696-c2a8f227b3a3.webp,imagereward:images/test/test_1/b3bd08ee-8e27-4bed-a555-091ea064bbd5.webp,0.23109853267669678,0.20853042602539062,0.022568106651306152,gallery_images/01ca6cf1edd60726077e64f7.jpg,gallery_images/8e7e73694ad34108e550025d.jpg,"{""model_id"": null, ""negative_prompt"": null, ""gs"": null, ""steps"": null, ""scheduler_cls"": null, ""classification"": ""People""}","{""model_id"": null, ""negative_prompt"": null, ""gs"": null, ""steps"": null, ""scheduler_cls"": null, ""classification"": ""People""}",unverified,,,
28114,machete,-1,supportive,imagereward:test:009500-0056,"beautiful human witch with blonde short curtly hair in intricate ornate witch robe, haughty evil look, witch hat. in style of yoji shinkawa and hyung - tae kim, trending on artstation, dark fantasy, great composition, concept art, highly detailed, dynamic pose. ",f925a691bb620a9bac06dd31c86df8afd61b6b0c630e5480ff7e6fe00d0552cb,imagereward:images/test/test_1/fe6a518f-c1dc-47cd-a623-ad02c9fe8dcf.webp,imagereward:images/test/test_1/e2cd6d2f-deb8-4d07-a4fc-bf45eac9438a.webp,0.21378734707832336,0.3476127088069916,-0.1338253617286682,gallery_images/c5c351049714f6c356570c51.jpg,gallery_images/42b7de3ced634207ddffbaea.jpg,"{""model_id"": null, ""negative_prompt"": null, ""gs"": null, ""steps"": null, ""scheduler_cls"": null, ""classification"": ""People""}","{""model_id"": null, ""negative_prompt"": null, ""gs"": null, ""steps"": null, ""scheduler_cls"": null, ""classification"": ""People""}",unverified,,,
28114,machete,-1,supportive,imagereward:test:007209-0011,"photo by josh pierce and prateek vatash and roman bratschi, a giant huge beautiful mid - century modern revival mansion palace with green plants and giant reflective windows on a huge scenic cliff overlooking the ocean, 4 d, 4 k, ray tracing reflections, volumetric lighting and shadows, haze, light beams ",3ddd5b7dbc25442c4e707b4209fcae8358ec03c2a3883a9f4d2bc8864164a900,imagereward:images/test/test_1/fbe6d230-deae-4424-b758-8adabd1abfaf.webp,imagereward:images/test/test_1/09930877-eef9-4b5a-a9e4-5585884c089c.webp,0.20793257653713226,0.2987634539604187,-0.09083087742328644,gallery_images/b6f4dc5cc32034e3bf351937.jpg,gallery_images/0a1199160a4d13d812d056c3.jpg,"{""model_id"": null, ""negative_prompt"": null, ""gs"": null, ""steps"": null, ""scheduler_cls"": null, ""classification"": ""Outdoor Scenes""}","{""model_id"": null, ""negative_prompt"": null, ""gs"": null, ""steps"": null, ""scheduler_cls"": null, ""classification"": ""Outdoor Scenes""}",unverified,,,
28114,machete,-1,counterexample,imagereward:test:008328-0024,"a portrait of a red - skinned dragonborn monk in a plain white cloak white cloak, holding a spear with a black tip, fantasy art by greg rutkowski ",e375c383a8fb1f82436cddd04ae6107fa1cb1c5ad9080ca9bcf9e4f755414fb3,imagereward:images/test/test_1/cb831716-5734-40f0-b0e4-c3518d5ab540.webp,imagereward:images/test/test_1/9b19bc01-83a1-4c97-bca9-05f6e88e4e9b.webp,0.39716440439224243,0.2576860189437866,0.1394783854484558,gallery_images/172c0241a45704cf9614e711.jpg,gallery_images/94c9a50f33696bfe49273c98.jpg,"{""model_id"": null, ""negative_prompt"": null, ""gs"": null, ""steps"": null, ""scheduler_cls"": null, ""classification"": ""People""}","{""model_id"": null, ""negative_prompt"": null, ""gs"": null, ""steps"": null, ""scheduler_cls"": null, ""classification"": ""People""}",unverified,,,
28114,machete,-1,counterexample,imagereward:test:001333-0052,"attractive bradley james as king arthur pendragon, sat in his throne, big arches in the back, very detailed face, by gaston bussiere, j. c. leyendecker ",8819b851edefdc4b7a051624fadb52481c06767c1c77f6e6a79a4c43a74b6520,imagereward:images/test/test_2/55eaba18-47c5-414f-bbdf-489396e214b7.webp,imagereward:images/test/test_2/53dfb7da-9bbf-4f4a-b590-bd28f649cbab.webp,0.3431835174560547,0.22750505805015564,0.11567845940589905,gallery_images/f4cc46ba7190a89c88a9cb0c.jpg,gallery_images/6934a771cb4cf601df83eeaf.jpg,"{""model_id"": null, ""negative_prompt"": null, ""gs"": null, ""steps"": null, ""scheduler_cls"": null, ""classification"": ""People""}","{""model_id"": null, ""negative_prompt"": null, ""gs"": null, ""steps"": null, ""scheduler_cls"": null, ""classification"": ""People""}",unverified,,,
28114,machete,-1,random_audit,imagereward:test:008711-0012,spanish mauricio colmenero ,d1618101d7e65a6a00fb1c5473fcb3bd4c15c804a643a4ea8781779513d9603f,imagereward:images/test/test_1/3959448c-2756-41d5-9869-3e2c802acf6c.webp,imagereward:images/test/test_1/bc9dae09-aec3-4032-bc8a-434c7d505313.webp,0.1961122453212738,0.23169344663619995,-0.03558120131492615,gallery_images/85ef7558086c98160e3761a1.jpg,gallery_images/797b5c0aa5147959fd1e101c.jpg,"{""model_id"": null, ""negative_prompt"": null, ""gs"": null, ""steps"": null, ""scheduler_cls"": null, ""classification"": ""People""}","{""model_id"": null, ""negative_prompt"": null, ""gs"": null, ""steps"": null, ""scheduler_cls"": null, ""classification"": ""People""}",unverified,,,
28114,machete,-1,random_audit,imagereward:test:010361-0095,"retro sci fi art of an astronaut next to jupiter in a car, ",9c539f061044900ae75d772a82ccd6b1dc340985beb81c74f5cbe8310a7c7b75,imagereward:images/test/test_2/22c4cff3-caf2-4765-a8db-45ecd13f92b9.webp,imagereward:images/test/test_2/9c7e73e1-4e4c-4670-9649-d07a21e545c4.webp,0.22516033053398132,0.2899959087371826,-0.0648355782032013,gallery_images/58c9294599cf3892367d6b4f.jpg,gallery_images/6e768134c126cf28d5f8a500.jpg,"{""model_id"": null, ""negative_prompt"": null, ""gs"": null, ""steps"": null, ""scheduler_cls"": null, ""classification"": ""People""}","{""model_id"": null, ""negative_prompt"": null, ""gs"": null, ""steps"": null, ""scheduler_cls"": null, ""classification"": ""People""}",unverified,,,
52513,watchband,-1,supportive,imagereward:test:007135-0060,"!13 hungry cannibals making a rich salad around a marble table, !positioned as last supper cinematic lighting, dramatic framing, highly detalied, 4k, artstation, by Rene Lalique and Wayne Barlowe",396fd658a5abefd3f74d20e36a01f53548cd0e2de74e0f9ae49985eace0e78e4,imagereward:images/test/test_1/454c61ab-edc2-43d5-9f62-4039eac6b4a2.webp,imagereward:images/test/test_1/160af461-6d63-4f5f-8637-9d5dbd6a0c7a.webp,0.1991426646709442,0.2950716018676758,-0.09592893719673157,gallery_images/31927fb42ff5c988369361bd.jpg,gallery_images/2557340aaa26491649e309d5.jpg,"{""model_id"": null, ""negative_prompt"": null, ""gs"": null, ""steps"": null, ""scheduler_cls"": null, ""classification"": ""People""}","{""model_id"": null, ""negative_prompt"": null, ""gs"": null, ""steps"": null, ""scheduler_cls"": null, ""classification"": ""People""}",unverified,,,
52513,watchband,-1,supportive,imagereward:test:001376-0050,"handsome gaunt man with receding hair, in a smoking jacket, holding a pipe, warm colors, hard angles, painting by gaston bussiere, craig mullins, j. c. leyendecker ",da4b44e08ada9a8256a634d07dec9f9e011754978fa3dc8fc9ff8cfdb99ec00a,imagereward:images/test/test_2/e9bae89f-d8ca-4c5c-a58b-7fbd7fbc7389.webp,imagereward:images/test/test_2/d6b15f29-f53f-49a4-be73-51f124204c72.webp,0.23816508054733276,0.32160061597824097,-0.0834355354309082,gallery_images/3ef8bbf8913ddfef013bdd3b.jpg,gallery_images/494a6cca91ee88996925eb49.jpg,"{""model_id"": null, ""negative_prompt"": null, ""gs"": null, ""steps"": null, ""scheduler_cls"": null, ""classification"": ""People""}","{""model_id"": null, ""negative_prompt"": null, ""gs"": null, ""steps"": null, ""scheduler_cls"": null, ""classification"": ""People""}",unverified,,,
52513,watchband,-1,counterexample,imagereward:test:011032-0049,"two beautiful identical female fighters facing each other, jean shorts, white top, dim lighting, gorgeous features, high resolution, detailed digital anime art",51e5fa939307e4cf9a5cb1cc58f8dac1e315af328d0f080b9b8de82b91613e00,imagereward:images/test/test_2/c93d9f34-8648-4d86-b40b-1201f8322541.webp,imagereward:images/test/test_2/85614d9e-8223-4aa1-899b-2e95ba20867a.webp,0.3229665756225586,0.22424623370170593,0.09872034192085266,gallery_images/71556ba73f97941b20814ed5.jpg,gallery_images/38cbf860c0faa16f573cb576.jpg,"{""model_id"": null, ""negative_prompt"": null, ""gs"": null, ""steps"": null, ""scheduler_cls"": null, ""classification"": ""People""}","{""model_id"": null, ""negative_prompt"": null, ""gs"": null, ""steps"": null, ""scheduler_cls"": null, ""classification"": ""People""}",unverified,,,
52513,watchband,-1,counterexample,imagereward:test:007066-0058,"photograph of a ten year old girl by annie leibovitz, red hair, freckles, toothless ",e0635f554f1dd6d9c49d081f56f6a6ce251e5ffdf5c28583ccd2ad7e47e4ba73,imagereward:images/test/test_1/8bfb975a-86ca-4279-aad9-d52288b2a2ef.webp,imagereward:images/test/test_1/641cd719-2fc5-4a5c-a3ad-386ed40b63c2.webp,0.2422996610403061,0.16003422439098358,0.08226543664932251,gallery_images/80decefea2e76b786d013206.jpg,gallery_images/ef54232a3745f6cc83c2d56b.jpg,"{""model_id"": null, ""negative_prompt"": null, ""gs"": null, ""steps"": null, ""scheduler_cls"": null, ""classification"": ""People""}","{""model_id"": null, ""negative_prompt"": null, ""gs"": null, ""steps"": null, ""scheduler_cls"": null, ""classification"": ""People""}",unverified,,,
52513,watchband,-1,random_audit,imagereward:test:008711-0012,spanish mauricio colmenero ,d1618101d7e65a6a00fb1c5473fcb3bd4c15c804a643a4ea8781779513d9603f,imagereward:images/test/test_1/3959448c-2756-41d5-9869-3e2c802acf6c.webp,imagereward:images/test/test_1/b50d4de1-d7cd-4c26-8e2c-a15142ef135a.webp,0.27571362257003784,0.2619825601577759,0.013731062412261963,gallery_images/85ef7558086c98160e3761a1.jpg,gallery_images/58c87831a2b2ddd9fd47199f.jpg,"{""model_id"": null, ""negative_prompt"": null, ""gs"": null, ""steps"": null, ""scheduler_cls"": null, ""classification"": ""People""}","{""model_id"": null, ""negative_prompt"": null, ""gs"": null, ""steps"": null, ""scheduler_cls"": null, ""classification"": ""People""}",unverified,,,
52513,watchband,-1,random_audit,imagereward:test:001242-0093,photo of a guy playing a gameboy under the blanket in his bed at night ,f8ba5a2b702c53fb8fe74bd7512d4a35e39cd1e1049147c81b1cd9cbb7fde449,imagereward:images/test/test_2/0eb1d034-1cb8-4e8b-b757-9294827150f5.webp,imagereward:images/test/test_2/51ed7273-8012-4a3d-8786-2f97e5b4ad21.webp,0.21835437417030334,0.2751220762729645,-0.05676770210266113,gallery_images/a134820304029521c7347bed.jpg,gallery_images/dc4b91b17aff376150ddf6af.jpg,"{""model_id"": null, ""negative_prompt"": null, ""gs"": null, ""steps"": null, ""scheduler_cls"": null, ""classification"": ""People""}","{""model_id"": null, ""negative_prompt"": null, ""gs"": null, ""steps"": null, ""scheduler_cls"": null, ""classification"": ""People""}",unverified,,,
21479,handsaw,-1,supportive,imagereward:test:008289-0059,"film still of the geisha robot from ghost in the shell, cinematic lighting, 3 5 mm, high resolution ",3bd7d4dddc3e23f3607fda60a8645e56af48b86a319f4d55650264f6bab14574,imagereward:images/test/test_1/d5a97b27-8f4d-444b-ac87-b756a3fd4bae.webp,imagereward:images/test/test_1/3202d894-05ac-48da-a7d2-ba160a5c786d.webp,0.19104963541030884,0.29398447275161743,-0.1029348373413086,gallery_images/e1c8d204d61512a98cab0302.jpg,gallery_images/d5abce8ec50c87b9e5bc519c.jpg,"{""model_id"": null, ""negative_prompt"": null, ""gs"": null, ""steps"": null, ""scheduler_cls"": null, ""classification"": ""Artifacts""}","{""model_id"": null, ""negative_prompt"": null, ""gs"": null, ""steps"": null, ""scheduler_cls"": null, ""classification"": ""Artifacts""}",unverified,,,
21479,handsaw,-1,supportive,imagereward:test:008711-0012,spanish mauricio colmenero ,d1618101d7e65a6a00fb1c5473fcb3bd4c15c804a643a4ea8781779513d9603f,imagereward:images/test/test_1/3959448c-2756-41d5-9869-3e2c802acf6c.webp,imagereward:images/test/test_1/d2bc1498-10e0-4b96-82ad-f4b588a30628.webp,0.1954880654811859,0.2897406220436096,-0.0942525565624237,gallery_images/85ef7558086c98160e3761a1.jpg,gallery_images/c9b5dcf541e8e3543a448df0.jpg,"{""model_id"": null, ""negative_prompt"": null, ""gs"": null, ""steps"": null, ""scheduler_cls"": null, ""classification"": ""People""}","{""model_id"": null, ""negative_prompt"": null, ""gs"": null, ""steps"": null, ""scheduler_cls"": null, ""classification"": ""People""}",unverified,,,
21479,handsaw,-1,counterexample,imagereward:test:001151-0006,if woody and buzz from toy story had a kid pixar animation hd ,4ccbad501cbfb5dfe1c19daa4e7636a31e7ca8afdafd02312ce7531d13cf9fb2,imagereward:images/test/test_2/824e1107-99cf-4249-9b53-92f04417f4c5.webp,imagereward:images/test/test_2/761693ef-64ba-49b3-af40-76c0d6d8531b.webp,0.29553788900375366,0.21892081201076508,0.07661707699298859,gallery_images/23e048cdff8d655d02266781.jpg,gallery_images/9af1a2ee13df21cc3fd1f454.jpg,"{""model_id"": null, ""negative_prompt"": null, ""gs"": null, ""steps"": null, ""scheduler_cls"": null, ""classification"": ""Arts""}","{""model_id"": null, ""negative_prompt"": null, ""gs"": null, ""steps"": null, ""scheduler_cls"": null, ""classification"": ""Arts""}",unverified,,,
21479,handsaw,-1,counterexample,imagereward:test:008328-0024,"a portrait of a red - skinned dragonborn monk in a plain white cloak white cloak, holding a spear with a black tip, fantasy art by greg rutkowski ",e375c383a8fb1f82436cddd04ae6107fa1cb1c5ad9080ca9bcf9e4f755414fb3,imagereward:images/test/test_1/cb831716-5734-40f0-b0e4-c3518d5ab540.webp,imagereward:images/test/test_1/eac2a9d4-cb32-46e3-82ee-7788e816a94c.webp,0.2899617850780487,0.21933791041374207,0.07062387466430664,gallery_images/172c0241a45704cf9614e711.jpg,gallery_images/1d3e4525f266a9185e7f34b0.jpg,"{""model_id"": null, ""negative_prompt"": null, ""gs"": null, ""steps"": null, ""scheduler_cls"": null, ""classification"": ""People""}","{""model_id"": null, ""negative_prompt"": null, ""gs"": null, ""steps"": null, ""scheduler_cls"": null, ""classification"": ""People""}",unverified,,,
21479,handsaw,-1,random_audit,imagereward:test:001383-0079,"a half - masked rugged laboratory engineer man with cybernetic enhancements as seen from a distance, scifi character portrait by greg rutkowski, esuthio, craig mullins, 1 / 4 headshot, cinematic lighting, dystopian scifi gear, gloomy, profile picture, mechanical, half robot, implants, dieselpunk ",cc38ca0a6b2822cffd5316d1419eadfc45299c84a251d33f4718e87812642263,imagereward:images/test/test_2/2cccb2fc-f4da-41cb-97be-29fb61a58d7f.webp,imagereward:images/test/test_2/2f6d3baa-1e7b-4612-958b-e289275d3036.webp,0.2331942617893219,0.23315441608428955,3.984570503234863e-05,gallery_images/5d65385d6c3a0a8bdf41aac4.jpg,gallery_images/21f04d1b0d88de5d09eea18d.jpg,"{""model_id"": null, ""negative_prompt"": null, ""gs"": null, ""steps"": null, ""scheduler_cls"": null, ""classification"": ""People""}","{""model_id"": null, ""negative_prompt"": null, ""gs"": null, ""steps"": null, ""scheduler_cls"": null, ""classification"": ""People""}",unverified,,,
21479,handsaw,-1,random_audit,imagereward:test:007135-0056,"A majestic landscape featuring a river, mountains and a forest. A small group of birds is flying in the sky. Harsh winter. very windy. There is a man walking in a deep snow. Cinematic, very beautiful, painting in the style of Lord of the rings",c5121bccfd7086ca62bef90e3f4a7d3e3f8657f56388feb6a0816acbb883147d,imagereward:images/test/test_1/6bbafce5-d301-4396-80b0-0220f63c20da.webp,imagereward:images/test/test_1/f1fb4717-9714-4050-ad8f-f371ceaa4e37.webp,0.20536765456199646,0.18847379088401794,0.016893863677978516,gallery_images/63e16a9ba2bb9335cc11da3e.jpg,gallery_images/c70fc17afc66de6b75e71361.jpg,"{""model_id"": null, ""negative_prompt"": null, ""gs"": null, ""steps"": null, ""scheduler_cls"": null, ""classification"": ""Outdoor Scenes""}","{""model_id"": null, ""negative_prompt"": null, ""gs"": null, ""steps"": null, ""scheduler_cls"": null, ""classification"": ""Outdoor Scenes""}",unverified,,,
8832,clasp,-1,supportive,imagereward:test:010419-0003,a shot from inside someones mouth eating ice cream,2ab32fccdd89199ddcea64ee34032c4ce500c21a0cb019fe769c4eedacd10835,imagereward:images/test/test_2/4cbf6a87-8cc5-4402-b9e0-9607b365e447.webp,imagereward:images/test/test_2/bc34198a-1015-46b0-bf74-45dca334a56c.webp,0.23939235508441925,0.32386118173599243,-0.08446882665157318,gallery_images/2a3a140322f4ccdecfe2c4aa.jpg,gallery_images/444ab643a56382928a959212.jpg,"{""model_id"": null, ""negative_prompt"": null, ""gs"": null, ""steps"": null, ""scheduler_cls"": null, ""classification"": ""Food""}","{""model_id"": null, ""negative_prompt"": null, ""gs"": null, ""steps"": null, ""scheduler_cls"": null, ""classification"": ""Food""}",unverified,,,
8832,clasp,-1,supportive,imagereward:test:009582-0143,"portrait of a red color wolf with yellow horns in a suit, D&D, fantasy, elegant, badass, highly detailed, slim, digital painting, artstation, concept art, sharp focus, illustration",8ea781d00677cf883c3c6f138136aab330b585adcfc44bf47bb0ef16ec08bc4b,imagereward:images/test/test_1/8142de65-17fd-46f5-a0c1-b9a9fe9eb189.webp,imagereward:images/test/test_1/6fbab6b6-9d10-4518-9cb7-082a38ee576d.webp,0.23633170127868652,0.31567972898483276,-0.07934802770614624,gallery_images/25dfc8616d6ec3096a293b37.jpg,gallery_images/caf001fc83ee932d63756243.jpg,"{""model_id"": null, ""negative_prompt"": null, ""gs"": null, ""steps"": null, ""scheduler_cls"": null, ""classification"": ""Animals""}","{""model_id"": null, ""negative_prompt"": null, ""gs"": null, ""steps"": null, ""scheduler_cls"": null, ""classification"": ""Animals""}",unverified,,,
8832,clasp,-1,counterexample,imagereward:test:008711-0012,spanish mauricio colmenero ,d1618101d7e65a6a00fb1c5473fcb3bd4c15c804a643a4ea8781779513d9603f,imagereward:images/test/test_1/3959448c-2756-41d5-9869-3e2c802acf6c.webp,imagereward:images/test/test_1/a87d0d11-ebaa-4078-ade8-16f2f1c3d3f0.webp,0.33661243319511414,0.22939860820770264,0.1072138249874115,gallery_images/85ef7558086c98160e3761a1.jpg,gallery_images/211aa65e247addbe442ff50c.jpg,"{""model_id"": null, ""negative_prompt"": null, ""gs"": null, ""steps"": null, ""scheduler_cls"": null, ""classification"": ""People""}","{""model_id"": null, ""negative_prompt"": null, ""gs"": null, ""steps"": null, ""scheduler_cls"": null, ""classification"": ""People""}",unverified,,,
8832,clasp,-1,counterexample,imagereward:test:009475-0037,film still from frightening horror movie. cinematic. 8 k. ,38a0610767e6cc9c0356505e23ba4222fbc8d42f195099e5e226c087606379a2,imagereward:images/test/test_1/f90a0fbc-ae2a-485e-bbbd-c66436f8e8bb.webp,imagereward:images/test/test_1/788d0347-12d2-4c2e-aa96-71d83850342d.webp,0.2802588939666748,0.1979694962501526,0.08228939771652222,gallery_images/f2e1b71751c5d47ba39c6fb2.jpg,gallery_images/1a1c426caddb68a4731a49cf.jpg,"{""model_id"": null, ""negative_prompt"": null, ""gs"": null, ""steps"": null, ""scheduler_cls"": null, ""classification"": ""Arts""}","{""model_id"": null, ""negative_prompt"": null, ""gs"": null, ""steps"": null, ""scheduler_cls"": null, ""classification"": ""Arts""}",unverified,,,
8832,clasp,-1,random_audit,imagereward:test:008275-0162,"bioluminescent crystal ball abstract sculpture, neon, fluorescent, magenta hyper detailed, red & purple beauteous biomechanical organic lightpainting, 8 k scenery, perfect lighting balance, ",c5c9324fe686aa7c94a4e209e8c979b72d69085c2a3c33f77c567493db471506,imagereward:images/test/test_1/c91662d9-87c6-428f-bf86-ab84a67e1b8a.webp,imagereward:images/test/test_1/35333673-8d72-4303-8a03-93ad2f8aff18.webp,0.2551443576812744,0.2750836908817291,-0.019939333200454712,gallery_images/e1c75092bf2f460e548cb372.jpg,gallery_images/89181cc55f988a356169869b.jpg,"{""model_id"": null, ""negative_prompt"": null, ""gs"": null, ""steps"": null, ""scheduler_cls"": null, ""classification"": ""Arts""}","{""model_id"": null, ""negative_prompt"": null, ""gs"": null, ""steps"": null, ""scheduler_cls"": null, ""classification"": ""Arts""}",unverified,,,
8832,clasp,-1,random_audit,imagereward:test:008151-0078,"raytraced render and digital painting of the inconceivable and spectacular a scene of complete madness, by greg rutkowski and michelangelo buonarroti and kinkade, cosmic entities, celestial, cosmic, luxury, elegant, ornate, vibrant and vivid, smooth, soft billowing smoke, darkness, bright, heavenly, elegant, swirls, cosmic flower, nebula vines, nebula tree, twirling, billowing, cinematic, unrealistic, high contrast, hdr, 4 k, artstation, cgsociety, unreal engine, symobolism, magical, mystical, mystifying, obscure, perplexing, zbrush, octane, hyperrealistic, bokeh, dof ",135ca71c388464401fc136707c96fc9dfcc231d8a1ecdbf53bb10315ae68b417,imagereward:images/test/test_1/17211f8e-b31f-4b05-9b29-3349b35b1901.webp,imagereward:images/test/test_1/736d64db-4fb3-4646-8cb9-36c9be7e390d.webp,0.2202450931072235,0.21896663308143616,0.0012784600257873535,gallery_images/0d12f34e07106617b2f6512b.jpg,gallery_images/fadd77cfa86e38b05d3d7d90.jpg,"{""model_id"": null, ""negative_prompt"": null, ""gs"": null, ""steps"": null, ""scheduler_cls"": null, ""classification"": ""Arts""}","{""model_id"": null, ""negative_prompt"": null, ""gs"": null, ""steps"": null, ""scheduler_cls"": null, ""classification"": ""Arts""}",unverified,,,
35787,pocketknife,-1,supportive,imagereward:test:007153-0089,porsche 911 in back 2 the future. trail of fire on street. 88mph. lightning strike,d038503c1ac2e846acec02007e14ea5106e92f0ff6a8ee20c34f692327c1fde9,imagereward:images/test/test_1/f50b7583-e032-4d0b-8de8-2d5b8f8a3be6.webp,imagereward:images/test/test_1/9083286e-41fe-4f7b-a7c3-03c8d5e6083a.webp,0.1975671648979187,0.2824961245059967,-0.084928959608078,gallery_images/1543e7cfdeac49cad10ce672.jpg,gallery_images/904d7d2969d3f3f90da668e1.jpg,"{""model_id"": null, ""negative_prompt"": null, ""gs"": null, ""steps"": null, ""scheduler_cls"": null, ""classification"": ""Vehicles""}","{""model_id"": null, ""negative_prompt"": null, ""gs"": null, ""steps"": null, ""scheduler_cls"": null, ""classification"": ""Vehicles""}",unverified,,,
35787,pocketknife,-1,supportive,imagereward:test:010918-0030,the pope in saving private james ryan ,9ed63beff86d5e18e4048901428ee78733de38893029c7c73093da1301c7baa5,imagereward:images/test/test_2/cbc83c67-d5cb-4872-95c7-f46ca0cdcd6c.webp,imagereward:images/test/test_2/456f2d52-b588-400f-a7f4-d0643891a153.webp,0.22647061944007874,0.30612704157829285,-0.07965642213821411,gallery_images/d664aa5be8f6b3d7166b32c7.jpg,gallery_images/3fdb1a604a1f726047899272.jpg,"{""model_id"": null, ""negative_prompt"": null, ""gs"": null, ""steps"": null, ""scheduler_cls"": null, ""classification"": ""People""}","{""model_id"": null, ""negative_prompt"": null, ""gs"": null, ""steps"": null, ""scheduler_cls"": null, ""classification"": ""People""}",unverified,,,
35787,pocketknife,-1,counterexample,imagereward:test:009475-0037,film still from frightening horror movie. cinematic. 8 k. ,38a0610767e6cc9c0356505e23ba4222fbc8d42f195099e5e226c087606379a2,imagereward:images/test/test_1/f90a0fbc-ae2a-485e-bbbd-c66436f8e8bb.webp,imagereward:images/test/test_1/788d0347-12d2-4c2e-aa96-71d83850342d.webp,0.2995331287384033,0.22828474640846252,0.0712483823299408,gallery_images/f2e1b71751c5d47ba39c6fb2.jpg,gallery_images/1a1c426caddb68a4731a49cf.jpg,"{""model_id"": null, ""negative_prompt"": null, ""gs"": null, ""steps"": null, ""scheduler_cls"": null, ""classification"": ""Arts""}","{""model_id"": null, ""negative_prompt"": null, ""gs"": null, ""steps"": null, ""scheduler_cls"": null, ""classification"": ""Arts""}",unverified,,,
35787,pocketknife,-1,counterexample,imagereward:test:008328-0024,"a portrait of a red - skinned dragonborn monk in a plain white cloak white cloak, holding a spear with a black tip, fantasy art by greg rutkowski ",e375c383a8fb1f82436cddd04ae6107fa1cb1c5ad9080ca9bcf9e4f755414fb3,imagereward:images/test/test_1/cb831716-5734-40f0-b0e4-c3518d5ab540.webp,imagereward:images/test/test_1/eac2a9d4-cb32-46e3-82ee-7788e816a94c.webp,0.2951280176639557,0.2245829850435257,0.07054503262042999,gallery_images/172c0241a45704cf9614e711.jpg,gallery_images/1d3e4525f266a9185e7f34b0.jpg,"{""model_id"": null, ""negative_prompt"": null, ""gs"": null, ""steps"": null, ""scheduler_cls"": null, ""classification"": ""People""}","{""model_id"": null, ""negative_prompt"": null, ""gs"": null, ""steps"": null, ""scheduler_cls"": null, ""classification"": ""People""}",unverified,,,
35787,pocketknife,-1,random_audit,imagereward:test:010946-0081,hyperrealism stock photo of highly detailed stylish humanoid robot in sci - fi cyberpunk style by gragory crewdson and vincent di fate that working in the highly detailed data center by mike winkelmann and laurie greasley rendered in blender and octane render ,a524a03705d7460e8f5d1fc5e90117609ed6bef5c441e18e8a326f3d598463b7,imagereward:images/test/test_2/bb0aff26-9142-466d-9149-805251d5f68a.webp,imagereward:images/test/test_2/7f20edac-b1ad-4088-853e-c3881672971c.webp,0.21445712447166443,0.23250696063041687,-0.01804983615875244,gallery_images/c3a1fd6530ca619e45d79ced.jpg,gallery_images/4488acb35643ec63eabd928d.jpg,"{""model_id"": null, ""negative_prompt"": null, ""gs"": null, ""steps"": null, ""scheduler_cls"": null, ""classification"": ""Artifacts""}","{""model_id"": null, ""negative_prompt"": null, ""gs"": null, ""steps"": null, ""scheduler_cls"": null, ""classification"": ""Artifacts""}",unverified,,,
35787,pocketknife,-1,random_audit,imagereward:test:001333-0052,"attractive bradley james as king arthur pendragon, sat in his throne, big arches in the back, very detailed face, by gaston bussiere, j. c. leyendecker ",8819b851edefdc4b7a051624fadb52481c06767c1c77f6e6a79a4c43a74b6520,imagereward:images/test/test_2/55eaba18-47c5-414f-bbdf-489396e214b7.webp,imagereward:images/test/test_2/82bfc1a8-24dd-4cd9-82a0-50589f02099a.webp,0.28141048550605774,0.2781440019607544,0.0032664835453033447,gallery_images/f4cc46ba7190a89c88a9cb0c.jpg,gallery_images/072af9f9bc360ae0070fae24.jpg,"{""model_id"": null, ""negative_prompt"": null, ""gs"": null, ""steps"": null, ""scheduler_cls"": null, ""classification"": ""People""}","{""model_id"": null, ""negative_prompt"": null, ""gs"": null, ""steps"": null, ""scheduler_cls"": null, ""classification"": ""People""}",unverified,,,
20800,grenade,-1,supportive,imagereward:test:010918-0030,the pope in saving private james ryan ,9ed63beff86d5e18e4048901428ee78733de38893029c7c73093da1301c7baa5,imagereward:images/test/test_2/cbc83c67-d5cb-4872-95c7-f46ca0cdcd6c.webp,imagereward:images/test/test_2/24fb28c3-f778-4116-8ffb-f41230beb451.webp,0.2043411284685135,0.30164557695388794,-0.09730444848537445,gallery_images/d664aa5be8f6b3d7166b32c7.jpg,gallery_images/df55fdf1e4ded79867ad1671.jpg,"{""model_id"": null, ""negative_prompt"": null, ""gs"": null, ""steps"": null, ""scheduler_cls"": null, ""classification"": ""People""}","{""model_id"": null, ""negative_prompt"": null, ""gs"": null, ""steps"": null, ""scheduler_cls"": null, ""classification"": ""People""}",unverified,,,
20800,grenade,-1,supportive,imagereward:test:008289-0059,"film still of the geisha robot from ghost in the shell, cinematic lighting, 3 5 mm, high resolution ",3bd7d4dddc3e23f3607fda60a8645e56af48b86a319f4d55650264f6bab14574,imagereward:images/test/test_1/d5a97b27-8f4d-444b-ac87-b756a3fd4bae.webp,imagereward:images/test/test_1/3202d894-05ac-48da-a7d2-ba160a5c786d.webp,0.22125908732414246,0.3012896776199341,-0.08003059029579163,gallery_images/e1c8d204d61512a98cab0302.jpg,gallery_images/d5abce8ec50c87b9e5bc519c.jpg,"{""model_id"": null, ""negative_prompt"": null, ""gs"": null, ""steps"": null, ""scheduler_cls"": null, ""classification"": ""Artifacts""}","{""model_id"": null, ""negative_prompt"": null, ""gs"": null, ""steps"": null, ""scheduler_cls"": null, ""classification"": ""Artifacts""}",unverified,,,
20800,grenade,-1,counterexample,imagereward:test:007135-0056,"A majestic landscape featuring a river, mountains and a forest. A small group of birds is flying in the sky. Harsh winter. very windy. There is a man walking in a deep snow. Cinematic, very beautiful, painting in the style of Lord of the rings",c5121bccfd7086ca62bef90e3f4a7d3e3f8657f56388feb6a0816acbb883147d,imagereward:images/test/test_1/1011e359-5293-4c8f-9238-0a12abac8f11.webp,imagereward:images/test/test_1/f1fb4717-9714-4050-ad8f-f371ceaa4e37.webp,0.2870457172393799,0.1894807517528534,0.09756496548652649,gallery_images/dd1b3394f8e1d1a248e56bb8.jpg,gallery_images/c70fc17afc66de6b75e71361.jpg,"{""model_id"": null, ""negative_prompt"": null, ""gs"": null, ""steps"": null, ""scheduler_cls"": null, ""classification"": ""Outdoor Scenes""}","{""model_id"": null, ""negative_prompt"": null, ""gs"": null, ""steps"": null, ""scheduler_cls"": null, ""classification"": ""Outdoor Scenes""}",unverified,,,
20800,grenade,-1,counterexample,imagereward:test:009475-0037,film still from frightening horror movie. cinematic. 8 k. ,38a0610767e6cc9c0356505e23ba4222fbc8d42f195099e5e226c087606379a2,imagereward:images/test/test_1/f90a0fbc-ae2a-485e-bbbd-c66436f8e8bb.webp,imagereward:images/test/test_1/855cef4e-9960-4eca-87b7-af763d173a19.webp,0.3001903295516968,0.20768329501152039,0.09250703454017639,gallery_images/f2e1b71751c5d47ba39c6fb2.jpg,gallery_images/91656bf7c25b53834532214c.jpg,"{""model_id"": null, ""negative_prompt"": null, ""gs"": null, ""steps"": null, ""scheduler_cls"": null, ""classification"": ""Arts""}","{""model_id"": null, ""negative_prompt"": null, ""gs"": null, ""steps"": null, ""scheduler_cls"": null, ""classification"": ""Arts""}",unverified,,,
20800,grenade,-1,random_audit,imagereward:test:001383-0079,"a half - masked rugged laboratory engineer man with cybernetic enhancements as seen from a distance, scifi character portrait by greg rutkowski, esuthio, craig mullins, 1 / 4 headshot, cinematic lighting, dystopian scifi gear, gloomy, profile picture, mechanical, half robot, implants, dieselpunk ",cc38ca0a6b2822cffd5316d1419eadfc45299c84a251d33f4718e87812642263,imagereward:images/test/test_2/13b75cb0-d1c7-49b6-8c75-25fd43b4fe53.webp,imagereward:images/test/test_2/f869657d-a155-464c-9a65-3ed903f8d206.webp,0.3030182719230652,0.2660336494445801,0.03698462247848511,gallery_images/c14e0c410d27dc5d15ecb79c.jpg,gallery_images/b1082f33fbe7a45cf8f621b6.jpg,"{""model_id"": null, ""negative_prompt"": null, ""gs"": null, ""steps"": null, ""scheduler_cls"": null, ""classification"": ""People""}","{""model_id"": null, ""negative_prompt"": null, ""gs"": null, ""steps"": null, ""scheduler_cls"": null, ""classification"": ""People""}",unverified,,,
20800,grenade,-1,random_audit,imagereward:test:001293-0017,"a portrait of woman with long dark curly red hair under the water, stoic, windy, pale skin with dark scales, mermaid, alone, underwater, fish, white eyes, dramatic, epic painting, painting by wlop and nixeu, semirealism, artstation, octane render, sharpness, 8 k, golden ratio ",1f32be9ecc67474fd378682e4a2f4c59a97f89bb0763ae2fa91f611d5748c10d,imagereward:images/test/test_2/71f1de81-cbcd-4db3-b04b-bae7bf188635.webp,imagereward:images/test/test_2/63abb80a-8c06-40e8-be79-487ff13a86b3.webp,0.2081499546766281,0.24771998822689056,-0.03957003355026245,gallery_images/43304044e797d50d02eebe0a.jpg,gallery_images/acca1b296518ea788042bba9.jpg,"{""model_id"": null, ""negative_prompt"": null, ""gs"": null, ""steps"": null, ""scheduler_cls"": null, ""classification"": ""People""}","{""model_id"": null, ""negative_prompt"": null, ""gs"": null, ""steps"": null, ""scheduler_cls"": null, ""classification"": ""People""}",unverified,,,
