concept_id,concept,direction,selection,event_id,prompt,prompt_group_id,preferred_image_id,rejected_image_id,preferred_score,rejected_score,difference,preferred_thumbnail,rejected_thumbnail,preferred_metadata,rejected_metadata,human_review_status,concept_present_preferred,concept_present_rejected,reviewer_notes
15414,emerald-green,1,supportive,imagereward:test:007019-0095,"astronaut drifting afloat in space, in the darkness away from anyone else, alone, digital render, detailed illustration, black background dotted with stars, concept art, realistic, 8 k ",1cc69dd90585fe53b316368e8bec20b67a8c2abe627e4c2c13fb492b5775f876,imagereward:images/test/test_1/2d047220-c2f9-4dcc-b4c4-96496276f3fd.webp,imagereward:images/test/test_1/6e5e7414-718a-4392-b52c-2d932c488087.webp,0.21900896728038788,0.18026983737945557,0.03873912990093231,gallery_images/033d5b9651fcf749d627459e.jpg,gallery_images/135e55bf511209cf3e0b0055.jpg,"{""model_id"": null, ""negative_prompt"": null, ""gs"": null, ""steps"": null, ""scheduler_cls"": null, ""classification"": ""People""}","{""model_id"": null, ""negative_prompt"": null, ""gs"": null, ""steps"": null, ""scheduler_cls"": null, ""classification"": ""People""}",unverified,,,
15414,emerald-green,1,supportive,imagereward:test:007713-0046,Boris Johnson and Eminen on a stage having an epic rap battle together,b0d04d7cbc27aada61a2a2c88184bd2d92ab094fb3d6dff2db24cef0f2bfee54,imagereward:images/test/test_1/047841df-97f9-4a15-b607-09277e3b1b95.webp,imagereward:images/test/test_1/9dc88b05-f911-4a4d-abdb-e0bd03c4d01b.webp,0.2175748646259308,0.1805964708328247,0.03697839379310608,gallery_images/2802ffe76385d498d3c98a7f.jpg,gallery_images/052da60eedfc881426be243b.jpg,"{""model_id"": null, ""negative_prompt"": null, ""gs"": null, ""steps"": null, ""scheduler_cls"": null, ""classification"": ""People""}","{""model_id"": null, ""negative_prompt"": null, ""gs"": null, ""steps"": null, ""scheduler_cls"": null, ""classification"": ""People""}",unverified,,,
15414,emerald-green,1,counterexample,imagereward:test:010817-0088,mother theresa eating a terrapin ,93eef9cfe3558d21cd24ea834af6e24f85f955753e9577af6c4f2e4647284f0d,imagereward:images/test/test_2/54c0c1bd-d97a-4982-b9a4-069e14c4416d.webp,imagereward:images/test/test_2/95f54be5-224b-4d3d-b64d-2ecd1f0e6e55.webp,0.1835576742887497,0.24625304341316223,-0.06269536912441254,gallery_images/555b0de43cce15ae0bbf32d4.jpg,gallery_images/9f2599538c6141572a399ed0.jpg,"{""model_id"": null, ""negative_prompt"": null, ""gs"": null, ""steps"": null, ""scheduler_cls"": null, ""classification"": ""People""}","{""model_id"": null, ""negative_prompt"": null, ""gs"": null, ""steps"": null, ""scheduler_cls"": null, ""classification"": ""People""}",unverified,,,
15414,emerald-green,1,counterexample,imagereward:test:010921-0064,"a bright fantasy city built between cliffs, sleek glass buildings, elegant bridges between stalactites, illustration, raining, dark and moody lighting, at night, digital art, oil painting, cold blue tones, fantasy, 8 k, trending on artstation, detailed ",665c1a33f8f1af344f90fa208a200d26840e5d698cb7054b07fa9ce4364938a1,imagereward:images/test/test_2/9de7e353-e646-4f34-b8c8-f2d00c2d2832.webp,imagereward:images/test/test_2/526a66a5-f58c-49d7-a36e-4ab2f85631aa.webp,0.17675219476222992,0.23632952570915222,-0.0595773309469223,gallery_images/28ae48dabcfd1c0a04dc2fce.jpg,gallery_images/f0007ac692902def48712601.jpg,"{""model_id"": null, ""negative_prompt"": null, ""gs"": null, ""steps"": null, ""scheduler_cls"": null, ""classification"": ""Outdoor Scenes""}","{""model_id"": null, ""negative_prompt"": null, ""gs"": null, ""steps"": null, ""scheduler_cls"": null, ""classification"": ""Outdoor Scenes""}",unverified,,,
15414,emerald-green,1,random_audit,imagereward:test:010921-0064,"a bright fantasy city built between cliffs, sleek glass buildings, elegant bridges between stalactites, illustration, raining, dark and moody lighting, at night, digital art, oil painting, cold blue tones, fantasy, 8 k, trending on artstation, detailed ",665c1a33f8f1af344f90fa208a200d26840e5d698cb7054b07fa9ce4364938a1,imagereward:images/test/test_2/9de7e353-e646-4f34-b8c8-f2d00c2d2832.webp,imagereward:images/test/test_2/526a66a5-f58c-49d7-a36e-4ab2f85631aa.webp,0.17675219476222992,0.23632952570915222,-0.0595773309469223,gallery_images/28ae48dabcfd1c0a04dc2fce.jpg,gallery_images/f0007ac692902def48712601.jpg,"{""model_id"": null, ""negative_prompt"": null, ""gs"": null, ""steps"": null, ""scheduler_cls"": null, ""classification"": ""Outdoor Scenes""}","{""model_id"": null, ""negative_prompt"": null, ""gs"": null, ""steps"": null, ""scheduler_cls"": null, ""classification"": ""Outdoor Scenes""}",unverified,,,
15414,emerald-green,1,random_audit,imagereward:test:010856-0009,funny peanut butter ,b18ea9950d494d375d0c180c19fd090da6228f69d114cdf9665f8628abd7a871,imagereward:images/test/test_2/d7efc9ab-5b83-4dfb-9f37-e5c3494a9c6a.webp,imagereward:images/test/test_2/f5a05163-1f57-42f6-bcad-bff4faa36d5c.webp,0.1966952085494995,0.20267747342586517,-0.005982264876365662,gallery_images/7ffe2a14962798eca3100109.jpg,gallery_images/f74ecdbbfe537a0081bff656.jpg,"{""model_id"": null, ""negative_prompt"": null, ""gs"": null, ""steps"": null, ""scheduler_cls"": null, ""classification"": ""Food""}","{""model_id"": null, ""negative_prompt"": null, ""gs"": null, ""steps"": null, ""scheduler_cls"": null, ""classification"": ""Food""}",unverified,,,
38963,red-velvet,1,supportive,imagereward:test:010856-0009,funny peanut butter ,b18ea9950d494d375d0c180c19fd090da6228f69d114cdf9665f8628abd7a871,imagereward:images/test/test_2/d7efc9ab-5b83-4dfb-9f37-e5c3494a9c6a.webp,imagereward:images/test/test_2/8b7d05e4-9a3b-4c73-b087-104251033467.webp,0.24738022685050964,0.18675439059734344,0.0606258362531662,gallery_images/7ffe2a14962798eca3100109.jpg,gallery_images/3dc52bcc5f9d782b00729f67.jpg,"{""model_id"": null, ""negative_prompt"": null, ""gs"": null, ""steps"": null, ""scheduler_cls"": null, ""classification"": ""Food""}","{""model_id"": null, ""negative_prompt"": null, ""gs"": null, ""steps"": null, ""scheduler_cls"": null, ""classification"": ""Food""}",unverified,,,
38963,red-velvet,1,supportive,imagereward:test:010921-0064,"a bright fantasy city built between cliffs, sleek glass buildings, elegant bridges between stalactites, illustration, raining, dark and moody lighting, at night, digital art, oil painting, cold blue tones, fantasy, 8 k, trending on artstation, detailed ",665c1a33f8f1af344f90fa208a200d26840e5d698cb7054b07fa9ce4364938a1,imagereward:images/test/test_2/9de7e353-e646-4f34-b8c8-f2d00c2d2832.webp,imagereward:images/test/test_2/526a66a5-f58c-49d7-a36e-4ab2f85631aa.webp,0.222529798746109,0.17624369263648987,0.04628610610961914,gallery_images/28ae48dabcfd1c0a04dc2fce.jpg,gallery_images/f0007ac692902def48712601.jpg,"{""model_id"": null, ""negative_prompt"": null, ""gs"": null, ""steps"": null, ""scheduler_cls"": null, ""classification"": ""Outdoor Scenes""}","{""model_id"": null, ""negative_prompt"": null, ""gs"": null, ""steps"": null, ""scheduler_cls"": null, ""classification"": ""Outdoor Scenes""}",unverified,,,
38963,red-velvet,1,counterexample,imagereward:test:010921-0064,"a bright fantasy city built between cliffs, sleek glass buildings, elegant bridges between stalactites, illustration, raining, dark and moody lighting, at night, digital art, oil painting, cold blue tones, fantasy, 8 k, trending on artstation, detailed ",665c1a33f8f1af344f90fa208a200d26840e5d698cb7054b07fa9ce4364938a1,imagereward:images/test/test_2/2a99d448-fa70-4bf2-bfd0-a6c30191a849.webp,imagereward:images/test/test_2/5bf2c29b-2bca-43d0-acae-95349b0fc3fb.webp,0.13677749037742615,0.22165679931640625,-0.0848793089389801,gallery_images/ffa92187f93bb9140d50d08b.jpg,gallery_images/038b27ec77946b917cde1395.jpg,"{""model_id"": null, ""negative_prompt"": null, ""gs"": null, ""steps"": null, ""scheduler_cls"": null, ""classification"": ""Outdoor Scenes""}","{""model_id"": null, ""negative_prompt"": null, ""gs"": null, ""steps"": null, ""scheduler_cls"": null, ""classification"": ""Outdoor Scenes""}",unverified,,,
38963,red-velvet,1,counterexample,imagereward:test:007019-0095,"astronaut drifting afloat in space, in the darkness away from anyone else, alone, digital render, detailed illustration, black background dotted with stars, concept art, realistic, 8 k ",1cc69dd90585fe53b316368e8bec20b67a8c2abe627e4c2c13fb492b5775f876,imagereward:images/test/test_1/2d047220-c2f9-4dcc-b4c4-96496276f3fd.webp,imagereward:images/test/test_1/6e5e7414-718a-4392-b52c-2d932c488087.webp,0.1544732302427292,0.22425435483455658,-0.06978112459182739,gallery_images/033d5b9651fcf749d627459e.jpg,gallery_images/135e55bf511209cf3e0b0055.jpg,"{""model_id"": null, ""negative_prompt"": null, ""gs"": null, ""steps"": null, ""scheduler_cls"": null, ""classification"": ""People""}","{""model_id"": null, ""negative_prompt"": null, ""gs"": null, ""steps"": null, ""scheduler_cls"": null, ""classification"": ""People""}",unverified,,,
38963,red-velvet,1,random_audit,imagereward:test:007019-0095,"astronaut drifting afloat in space, in the darkness away from anyone else, alone, digital render, detailed illustration, black background dotted with stars, concept art, realistic, 8 k ",1cc69dd90585fe53b316368e8bec20b67a8c2abe627e4c2c13fb492b5775f876,imagereward:images/test/test_1/2d047220-c2f9-4dcc-b4c4-96496276f3fd.webp,imagereward:images/test/test_1/6e5e7414-718a-4392-b52c-2d932c488087.webp,0.1544732302427292,0.22425435483455658,-0.06978112459182739,gallery_images/033d5b9651fcf749d627459e.jpg,gallery_images/135e55bf511209cf3e0b0055.jpg,"{""model_id"": null, ""negative_prompt"": null, ""gs"": null, ""steps"": null, ""scheduler_cls"": null, ""classification"": ""People""}","{""model_id"": null, ""negative_prompt"": null, ""gs"": null, ""steps"": null, ""scheduler_cls"": null, ""classification"": ""People""}",unverified,,,
38963,red-velvet,1,random_audit,imagereward:test:010817-0088,mother theresa eating a terrapin ,93eef9cfe3558d21cd24ea834af6e24f85f955753e9577af6c4f2e4647284f0d,imagereward:images/test/test_2/54c0c1bd-d97a-4982-b9a4-069e14c4416d.webp,imagereward:images/test/test_2/95f54be5-224b-4d3d-b64d-2ecd1f0e6e55.webp,0.17177791893482208,0.18786627054214478,-0.016088351607322693,gallery_images/555b0de43cce15ae0bbf32d4.jpg,gallery_images/9f2599538c6141572a399ed0.jpg,"{""model_id"": null, ""negative_prompt"": null, ""gs"": null, ""steps"": null, ""scheduler_cls"": null, ""classification"": ""People""}","{""model_id"": null, ""negative_prompt"": null, ""gs"": null, ""steps"": null, ""scheduler_cls"": null, ""classification"": ""People""}",unverified,,,
17595,fierce-looking,1,supportive,imagereward:test:010856-0009,funny peanut butter ,b18ea9950d494d375d0c180c19fd090da6228f69d114cdf9665f8628abd7a871,imagereward:images/test/test_2/d7efc9ab-5b83-4dfb-9f37-e5c3494a9c6a.webp,imagereward:images/test/test_2/8b7d05e4-9a3b-4c73-b087-104251033467.webp,0.22448569536209106,0.20813386142253876,0.016351833939552307,gallery_images/7ffe2a14962798eca3100109.jpg,gallery_images/3dc52bcc5f9d782b00729f67.jpg,"{""model_id"": null, ""negative_prompt"": null, ""gs"": null, ""steps"": null, ""scheduler_cls"": null, ""classification"": ""Food""}","{""model_id"": null, ""negative_prompt"": null, ""gs"": null, ""steps"": null, ""scheduler_cls"": null, ""classification"": ""Food""}",unverified,,,
17595,fierce-looking,1,supportive,imagereward:test:008289-0059,"film still of the geisha robot from ghost in the shell, cinematic lighting, 3 5 mm, high resolution ",3bd7d4dddc3e23f3607fda60a8645e56af48b86a319f4d55650264f6bab14574,imagereward:images/test/test_1/d5a97b27-8f4d-444b-ac87-b756a3fd4bae.webp,imagereward:images/test/test_1/3202d894-05ac-48da-a7d2-ba160a5c786d.webp,0.2828097939491272,0.267453670501709,0.015356123447418213,gallery_images/e1c8d204d61512a98cab0302.jpg,gallery_images/d5abce8ec50c87b9e5bc519c.jpg,"{""model_id"": null, ""negative_prompt"": null, ""gs"": null, ""steps"": null, ""scheduler_cls"": null, ""classification"": ""Artifacts""}","{""model_id"": null, ""negative_prompt"": null, ""gs"": null, ""steps"": null, ""scheduler_cls"": null, ""classification"": ""Artifacts""}",unverified,,,
17595,fierce-looking,1,counterexample,imagereward:test:010921-0064,"a bright fantasy city built between cliffs, sleek glass buildings, elegant bridges between stalactites, illustration, raining, dark and moody lighting, at night, digital art, oil painting, cold blue tones, fantasy, 8 k, trending on artstation, detailed ",665c1a33f8f1af344f90fa208a200d26840e5d698cb7054b07fa9ce4364938a1,imagereward:images/test/test_2/2a99d448-fa70-4bf2-bfd0-a6c30191a849.webp,imagereward:images/test/test_2/5bf2c29b-2bca-43d0-acae-95349b0fc3fb.webp,0.2269679456949234,0.2425641566514969,-0.015596210956573486,gallery_images/ffa92187f93bb9140d50d08b.jpg,gallery_images/038b27ec77946b917cde1395.jpg,"{""model_id"": null, ""negative_prompt"": null, ""gs"": null, ""steps"": null, ""scheduler_cls"": null, ""classification"": ""Outdoor Scenes""}","{""model_id"": null, ""negative_prompt"": null, ""gs"": null, ""steps"": null, ""scheduler_cls"": null, ""classification"": ""Outdoor Scenes""}",unverified,,,
17595,fierce-looking,1,counterexample,imagereward:test:011041-0080,"cinematic movie scene, beautiful Product shot film still of a Syd Mead futuristic modern sleek automobile speeding down a wet street at night in cyperpunk city, motion, hard surface modeling, volumetric soft lighting, style of Stanley Kubrick cinematography, 8k H 768",dbd49eb02d28c2c1f1ec6876579fff93930afe77f87e6bb55508973b63052f66,imagereward:images/test/test_2/ca78835a-e229-4b35-b6d8-91560d71db35.webp,imagereward:images/test/test_2/21f62da5-6e89-4824-9945-241c258aabf4.webp,0.22665278613567352,0.2421044111251831,-0.015451624989509583,gallery_images/1357fcf0de0848b4875ca7b2.jpg,gallery_images/a71481cca137eed52b01cee4.jpg,"{""model_id"": null, ""negative_prompt"": null, ""gs"": null, ""steps"": null, ""scheduler_cls"": null, ""classification"": ""Vehicles""}","{""model_id"": null, ""negative_prompt"": null, ""gs"": null, ""steps"": null, ""scheduler_cls"": null, ""classification"": ""Vehicles""}",unverified,,,
17595,fierce-looking,1,random_audit,imagereward:test:007713-0046,Boris Johnson and Eminen on a stage having an epic rap battle together,b0d04d7cbc27aada61a2a2c88184bd2d92ab094fb3d6dff2db24cef0f2bfee54,imagereward:images/test/test_1/48b9bead-0909-496a-8e65-c4b79d66506f.webp,imagereward:images/test/test_1/9dc88b05-f911-4a4d-abdb-e0bd03c4d01b.webp,0.25408780574798584,0.2675407826900482,-0.013452976942062378,gallery_images/69a6e82e6be1dbe6ecfd6773.jpg,gallery_images/052da60eedfc881426be243b.jpg,"{""model_id"": null, ""negative_prompt"": null, ""gs"": null, ""steps"": null, ""scheduler_cls"": null, ""classification"": ""People""}","{""model_id"": null, ""negative_prompt"": null, ""gs"": null, ""steps"": null, ""scheduler_cls"": null, ""classification"": ""People""}",unverified,,,
17595,fierce-looking,1,random_audit,imagereward:test:009006-0102,"Horrifying creature, haunted, horror",6ee1b52c63caf60d8db23751287681018dfce76c98cca49820b5a1a91db4b14a,imagereward:images/test/test_1/0429a07f-659e-4c73-8fc3-10ea678df8f2.webp,imagereward:images/test/test_1/feea7bc0-7b65-4553-b3f5-5b10d9b240ed.webp,0.277425080537796,0.27429696917533875,0.0031281113624572754,gallery_images/5d8ffcc7dd08aa671265fe08.jpg,gallery_images/7d6690b49db9c43500b02060.jpg,"{""model_id"": null, ""negative_prompt"": null, ""gs"": null, ""steps"": null, ""scheduler_cls"": null, ""classification"": ""Arts""}","{""model_id"": null, ""negative_prompt"": null, ""gs"": null, ""steps"": null, ""scheduler_cls"": null, ""classification"": ""Arts""}",unverified,,,
22951,hot-pink,1,supportive,imagereward:test:010918-0030,the pope in saving private james ryan ,9ed63beff86d5e18e4048901428ee78733de38893029c7c73093da1301c7baa5,imagereward:images/test/test_2/cbc83c67-d5cb-4872-95c7-f46ca0cdcd6c.webp,imagereward:images/test/test_2/24fb28c3-f778-4116-8ffb-f41230beb451.webp,0.29311084747314453,0.18463778495788574,0.10847306251525879,gallery_images/d664aa5be8f6b3d7166b32c7.jpg,gallery_images/df55fdf1e4ded79867ad1671.jpg,"{""model_id"": null, ""negative_prompt"": null, ""gs"": null, ""steps"": null, ""scheduler_cls"": null, ""classification"": ""People""}","{""model_id"": null, ""negative_prompt"": null, ""gs"": null, ""steps"": null, ""scheduler_cls"": null, ""classification"": ""People""}",unverified,,,
22951,hot-pink,1,supportive,imagereward:test:001260-0073,"realistic photography of a man 3 5 years old with a bit of bear, short hair, few wrinkles around eyes, sexy, cinematographic, cinematic light, close up view, intense, colorize, 8 0 mm lens ",bd5a08c78f7713700e45a208189c5ba33df3fc51dd6425fbac0f13cff8386f73,imagereward:images/test/test_2/85ae560c-08eb-4023-9b30-cb745fec3011.webp,imagereward:images/test/test_2/39287be5-bc65-49de-a745-a50b9ac450c4.webp,0.24807140231132507,0.14893919229507446,0.09913221001625061,gallery_images/fade65e9128358fe15675cdf.jpg,gallery_images/c826e2fda0494675fee748e6.jpg,"{""model_id"": null, ""negative_prompt"": null, ""gs"": null, ""steps"": null, ""scheduler_cls"": null, ""classification"": ""People""}","{""model_id"": null, ""negative_prompt"": null, ""gs"": null, ""steps"": null, ""scheduler_cls"": null, ""classification"": ""People""}",unverified,,,
22951,hot-pink,1,counterexample,imagereward:test:007019-0095,"astronaut drifting afloat in space, in the darkness away from anyone else, alone, digital render, detailed illustration, black background dotted with stars, concept art, realistic, 8 k ",1cc69dd90585fe53b316368e8bec20b67a8c2abe627e4c2c13fb492b5775f876,imagereward:images/test/test_1/2d047220-c2f9-4dcc-b4c4-96496276f3fd.webp,imagereward:images/test/test_1/6e5e7414-718a-4392-b52c-2d932c488087.webp,0.14444103837013245,0.2754332721233368,-0.13099223375320435,gallery_images/033d5b9651fcf749d627459e.jpg,gallery_images/135e55bf511209cf3e0b0055.jpg,"{""model_id"": null, ""negative_prompt"": null, ""gs"": null, ""steps"": null, ""scheduler_cls"": null, ""classification"": ""People""}","{""model_id"": null, ""negative_prompt"": null, ""gs"": null, ""steps"": null, ""scheduler_cls"": null, ""classification"": ""People""}",unverified,,,
22951,hot-pink,1,counterexample,imagereward:test:010921-0064,"a bright fantasy city built between cliffs, sleek glass buildings, elegant bridges between stalactites, illustration, raining, dark and moody lighting, at night, digital art, oil painting, cold blue tones, fantasy, 8 k, trending on artstation, detailed ",665c1a33f8f1af344f90fa208a200d26840e5d698cb7054b07fa9ce4364938a1,imagereward:images/test/test_2/2a99d448-fa70-4bf2-bfd0-a6c30191a849.webp,imagereward:images/test/test_2/526a66a5-f58c-49d7-a36e-4ab2f85631aa.webp,0.15302236378192902,0.226887047290802,-0.07386468350887299,gallery_images/ffa92187f93bb9140d50d08b.jpg,gallery_images/f0007ac692902def48712601.jpg,"{""model_id"": null, ""negative_prompt"": null, ""gs"": null, ""steps"": null, ""scheduler_cls"": null, ""classification"": ""Outdoor Scenes""}","{""model_id"": null, ""negative_prompt"": null, ""gs"": null, ""steps"": null, ""scheduler_cls"": null, ""classification"": ""Outdoor Scenes""}",unverified,,,
22951,hot-pink,1,random_audit,imagereward:test:009006-0102,"Horrifying creature, haunted, horror",6ee1b52c63caf60d8db23751287681018dfce76c98cca49820b5a1a91db4b14a,imagereward:images/test/test_1/7c5c94f3-8a41-492c-8c46-754ad80af2ea.webp,imagereward:images/test/test_1/ee22e72c-0ddd-471d-af26-6418340a73aa.webp,0.12990055978298187,0.14191707968711853,-0.012016519904136658,gallery_images/c6e4751b0736334e48c56fc1.jpg,gallery_images/a3833c3d508a381bb1502d1d.jpg,"{""model_id"": null, ""negative_prompt"": null, ""gs"": null, ""steps"": null, ""scheduler_cls"": null, ""classification"": ""Arts""}","{""model_id"": null, ""negative_prompt"": null, ""gs"": null, ""steps"": null, ""scheduler_cls"": null, ""classification"": ""Arts""}",unverified,,,
22951,hot-pink,1,random_audit,imagereward:test:008275-0162,"bioluminescent crystal ball abstract sculpture, neon, fluorescent, magenta hyper detailed, red & purple beauteous biomechanical organic lightpainting, 8 k scenery, perfect lighting balance, ",c5c9324fe686aa7c94a4e209e8c979b72d69085c2a3c33f77c567493db471506,imagereward:images/test/test_1/c91662d9-87c6-428f-bf86-ab84a67e1b8a.webp,imagereward:images/test/test_1/35333673-8d72-4303-8a03-93ad2f8aff18.webp,0.304017573595047,0.30076318979263306,0.0032543838024139404,gallery_images/e1c75092bf2f460e548cb372.jpg,gallery_images/89181cc55f988a356169869b.jpg,"{""model_id"": null, ""negative_prompt"": null, ""gs"": null, ""steps"": null, ""scheduler_cls"": null, ""classification"": ""Arts""}","{""model_id"": null, ""negative_prompt"": null, ""gs"": null, ""steps"": null, ""scheduler_cls"": null, ""classification"": ""Arts""}",unverified,,,
5309,big-eared,1,supportive,imagereward:test:010856-0009,funny peanut butter ,b18ea9950d494d375d0c180c19fd090da6228f69d114cdf9665f8628abd7a871,imagereward:images/test/test_2/d7efc9ab-5b83-4dfb-9f37-e5c3494a9c6a.webp,imagereward:images/test/test_2/8b7d05e4-9a3b-4c73-b087-104251033467.webp,0.2974824011325836,0.20891225337982178,0.08857014775276184,gallery_images/7ffe2a14962798eca3100109.jpg,gallery_images/3dc52bcc5f9d782b00729f67.jpg,"{""model_id"": null, ""negative_prompt"": null, ""gs"": null, ""steps"": null, ""scheduler_cls"": null, ""classification"": ""Food""}","{""model_id"": null, ""negative_prompt"": null, ""gs"": null, ""steps"": null, ""scheduler_cls"": null, ""classification"": ""Food""}",unverified,,,
5309,big-eared,1,supportive,imagereward:test:001260-0073,"realistic photography of a man 3 5 years old with a bit of bear, short hair, few wrinkles around eyes, sexy, cinematographic, cinematic light, close up view, intense, colorize, 8 0 mm lens ",bd5a08c78f7713700e45a208189c5ba33df3fc51dd6425fbac0f13cff8386f73,imagereward:images/test/test_2/85ae560c-08eb-4023-9b30-cb745fec3011.webp,imagereward:images/test/test_2/39287be5-bc65-49de-a745-a50b9ac450c4.webp,0.2763407826423645,0.2377322018146515,0.03860858082771301,gallery_images/fade65e9128358fe15675cdf.jpg,gallery_images/c826e2fda0494675fee748e6.jpg,"{""model_id"": null, ""negative_prompt"": null, ""gs"": null, ""steps"": null, ""scheduler_cls"": null, ""classification"": ""People""}","{""model_id"": null, ""negative_prompt"": null, ""gs"": null, ""steps"": null, ""scheduler_cls"": null, ""classification"": ""People""}",unverified,,,
5309,big-eared,1,counterexample,imagereward:test:011041-0080,"cinematic movie scene, beautiful Product shot film still of a Syd Mead futuristic modern sleek automobile speeding down a wet street at night in cyperpunk city, motion, hard surface modeling, volumetric soft lighting, style of Stanley Kubrick cinematography, 8k H 768",dbd49eb02d28c2c1f1ec6876579fff93930afe77f87e6bb55508973b63052f66,imagereward:images/test/test_2/ca78835a-e229-4b35-b6d8-91560d71db35.webp,imagereward:images/test/test_2/21f62da5-6e89-4824-9945-241c258aabf4.webp,0.18886539340019226,0.226849764585495,-0.037984371185302734,gallery_images/1357fcf0de0848b4875ca7b2.jpg,gallery_images/a71481cca137eed52b01cee4.jpg,"{""model_id"": null, ""negative_prompt"": null, ""gs"": null, ""steps"": null, ""scheduler_cls"": null, ""classification"": ""Vehicles""}","{""model_id"": null, ""negative_prompt"": null, ""gs"": null, ""steps"": null, ""scheduler_cls"": null, ""classification"": ""Vehicles""}",unverified,,,
5309,big-eared,1,counterexample,imagereward:test:010921-0064,"a bright fantasy city built between cliffs, sleek glass buildings, elegant bridges between stalactites, illustration, raining, dark and moody lighting, at night, digital art, oil painting, cold blue tones, fantasy, 8 k, trending on artstation, detailed ",665c1a33f8f1af344f90fa208a200d26840e5d698cb7054b07fa9ce4364938a1,imagereward:images/test/test_2/9de7e353-e646-4f34-b8c8-f2d00c2d2832.webp,imagereward:images/test/test_2/5bf2c29b-2bca-43d0-acae-95349b0fc3fb.webp,0.19623684883117676,0.22780439257621765,-0.031567543745040894,gallery_images/28ae48dabcfd1c0a04dc2fce.jpg,gallery_images/038b27ec77946b917cde1395.jpg,"{""model_id"": null, ""negative_prompt"": null, ""gs"": null, ""steps"": null, ""scheduler_cls"": null, ""classification"": ""Outdoor Scenes""}","{""model_id"": null, ""negative_prompt"": null, ""gs"": null, ""steps"": null, ""scheduler_cls"": null, ""classification"": ""Outdoor Scenes""}",unverified,,,
5309,big-eared,1,random_audit,imagereward:test:010856-0009,funny peanut butter ,b18ea9950d494d375d0c180c19fd090da6228f69d114cdf9665f8628abd7a871,imagereward:images/test/test_2/d7efc9ab-5b83-4dfb-9f37-e5c3494a9c6a.webp,imagereward:images/test/test_2/f5a05163-1f57-42f6-bcad-bff4faa36d5c.webp,0.2974824011325836,0.22380751371383667,0.07367488741874695,gallery_images/7ffe2a14962798eca3100109.jpg,gallery_images/f74ecdbbfe537a0081bff656.jpg,"{""model_id"": null, ""negative_prompt"": null, ""gs"": null, ""steps"": null, ""scheduler_cls"": null, ""classification"": ""Food""}","{""model_id"": null, ""negative_prompt"": null, ""gs"": null, ""steps"": null, ""scheduler_cls"": null, ""classification"": ""Food""}",unverified,,,
5309,big-eared,1,random_audit,imagereward:test:011041-0080,"cinematic movie scene, beautiful Product shot film still of a Syd Mead futuristic modern sleek automobile speeding down a wet street at night in cyperpunk city, motion, hard surface modeling, volumetric soft lighting, style of Stanley Kubrick cinematography, 8k H 768",dbd49eb02d28c2c1f1ec6876579fff93930afe77f87e6bb55508973b63052f66,imagereward:images/test/test_2/ca78835a-e229-4b35-b6d8-91560d71db35.webp,imagereward:images/test/test_2/21f62da5-6e89-4824-9945-241c258aabf4.webp,0.18886539340019226,0.226849764585495,-0.037984371185302734,gallery_images/1357fcf0de0848b4875ca7b2.jpg,gallery_images/a71481cca137eed52b01cee4.jpg,"{""model_id"": null, ""negative_prompt"": null, ""gs"": null, ""steps"": null, ""scheduler_cls"": null, ""classification"": ""Vehicles""}","{""model_id"": null, ""negative_prompt"": null, ""gs"": null, ""steps"": null, ""scheduler_cls"": null, ""classification"": ""Vehicles""}",unverified,,,
31257,neon-green,1,supportive,imagereward:test:001260-0073,"realistic photography of a man 3 5 years old with a bit of bear, short hair, few wrinkles around eyes, sexy, cinematographic, cinematic light, close up view, intense, colorize, 8 0 mm lens ",bd5a08c78f7713700e45a208189c5ba33df3fc51dd6425fbac0f13cff8386f73,imagereward:images/test/test_2/85ae560c-08eb-4023-9b30-cb745fec3011.webp,imagereward:images/test/test_2/39287be5-bc65-49de-a745-a50b9ac450c4.webp,0.22643327713012695,0.14866110682487488,0.07777217030525208,gallery_images/fade65e9128358fe15675cdf.jpg,gallery_images/c826e2fda0494675fee748e6.jpg,"{""model_id"": null, ""negative_prompt"": null, ""gs"": null, ""steps"": null, ""scheduler_cls"": null, ""classification"": ""People""}","{""model_id"": null, ""negative_prompt"": null, ""gs"": null, ""steps"": null, ""scheduler_cls"": null, ""classification"": ""People""}",unverified,,,
31257,neon-green,1,supportive,imagereward:test:010921-0064,"a bright fantasy city built between cliffs, sleek glass buildings, elegant bridges between stalactites, illustration, raining, dark and moody lighting, at night, digital art, oil painting, cold blue tones, fantasy, 8 k, trending on artstation, detailed ",665c1a33f8f1af344f90fa208a200d26840e5d698cb7054b07fa9ce4364938a1,imagereward:images/test/test_2/2a99d448-fa70-4bf2-bfd0-a6c30191a849.webp,imagereward:images/test/test_2/5bf2c29b-2bca-43d0-acae-95349b0fc3fb.webp,0.2836054861545563,0.2122458815574646,0.07135960459709167,gallery_images/ffa92187f93bb9140d50d08b.jpg,gallery_images/038b27ec77946b917cde1395.jpg,"{""model_id"": null, ""negative_prompt"": null, ""gs"": null, ""steps"": null, ""scheduler_cls"": null, ""classification"": ""Outdoor Scenes""}","{""model_id"": null, ""negative_prompt"": null, ""gs"": null, ""steps"": null, ""scheduler_cls"": null, ""classification"": ""Outdoor Scenes""}",unverified,,,
31257,neon-green,1,counterexample,imagereward:test:010817-0088,mother theresa eating a terrapin ,93eef9cfe3558d21cd24ea834af6e24f85f955753e9577af6c4f2e4647284f0d,imagereward:images/test/test_2/54c0c1bd-d97a-4982-b9a4-069e14c4416d.webp,imagereward:images/test/test_2/95f54be5-224b-4d3d-b64d-2ecd1f0e6e55.webp,0.15434807538986206,0.29639723896980286,-0.1420491635799408,gallery_images/555b0de43cce15ae0bbf32d4.jpg,gallery_images/9f2599538c6141572a399ed0.jpg,"{""model_id"": null, ""negative_prompt"": null, ""gs"": null, ""steps"": null, ""scheduler_cls"": null, ""classification"": ""People""}","{""model_id"": null, ""negative_prompt"": null, ""gs"": null, ""steps"": null, ""scheduler_cls"": null, ""classification"": ""People""}",unverified,,,
31257,neon-green,1,counterexample,imagereward:test:010921-0064,"a bright fantasy city built between cliffs, sleek glass buildings, elegant bridges between stalactites, illustration, raining, dark and moody lighting, at night, digital art, oil painting, cold blue tones, fantasy, 8 k, trending on artstation, detailed ",665c1a33f8f1af344f90fa208a200d26840e5d698cb7054b07fa9ce4364938a1,imagereward:images/test/test_2/9de7e353-e646-4f34-b8c8-f2d00c2d2832.webp,imagereward:images/test/test_2/526a66a5-f58c-49d7-a36e-4ab2f85631aa.webp,0.16751611232757568,0.24720777571201324,-0.07969166338443756,gallery_images/28ae48dabcfd1c0a04dc2fce.jpg,gallery_images/f0007ac692902def48712601.jpg,"{""model_id"": null, ""negative_prompt"": null, ""gs"": null, ""steps"": null, ""scheduler_cls"": null, ""classification"": ""Outdoor Scenes""}","{""model_id"": null, ""negative_prompt"": null, ""gs"": null, ""steps"": null, ""scheduler_cls"": null, ""classification"": ""Outdoor Scenes""}",unverified,,,
31257,neon-green,1,random_audit,imagereward:test:010817-0088,mother theresa eating a terrapin ,93eef9cfe3558d21cd24ea834af6e24f85f955753e9577af6c4f2e4647284f0d,imagereward:images/test/test_2/54c0c1bd-d97a-4982-b9a4-069e14c4416d.webp,imagereward:images/test/test_2/95f54be5-224b-4d3d-b64d-2ecd1f0e6e55.webp,0.15434807538986206,0.29639723896980286,-0.1420491635799408,gallery_images/555b0de43cce15ae0bbf32d4.jpg,gallery_images/9f2599538c6141572a399ed0.jpg,"{""model_id"": null, ""negative_prompt"": null, ""gs"": null, ""steps"": null, ""scheduler_cls"": null, ""classification"": ""People""}","{""model_id"": null, ""negative_prompt"": null, ""gs"": null, ""steps"": null, ""scheduler_cls"": null, ""classification"": ""People""}",unverified,,,
31257,neon-green,1,random_audit,imagereward:test:007753-0023,"cute little dragon, gnome, elf, mage playing dnd at night in a medieval bar, fantasy, concept art, highly detailed, octane, unreal engine, anime, by laurel d austin, ghibly, disney, pixar, dreamworks ",77cb27c971e724eb8140a8c0cf5b6359435ee02a1ea4919b5eb41d3a8f646518,imagereward:images/test/test_1/e00c1d73-d02d-431f-b317-14ed49f94d99.webp,imagereward:images/test/test_1/522c69d4-c249-465c-a613-a353dc4d88c7.webp,0.24995027482509613,0.27656757831573486,-0.026617303490638733,gallery_images/bf64f256be978b78a93eeb63.jpg,gallery_images/121a29dadf7216ae1622556d.jpg,"{""model_id"": null, ""negative_prompt"": null, ""gs"": null, ""steps"": null, ""scheduler_cls"": null, ""classification"": ""Indoor Scenes""}","{""model_id"": null, ""negative_prompt"": null, ""gs"": null, ""steps"": null, ""scheduler_cls"": null, ""classification"": ""Indoor Scenes""}",unverified,,,
6830,building,1,supportive,imagereward:test:010856-0009,funny peanut butter ,b18ea9950d494d375d0c180c19fd090da6228f69d114cdf9665f8628abd7a871,imagereward:images/test/test_2/d7efc9ab-5b83-4dfb-9f37-e5c3494a9c6a.webp,imagereward:images/test/test_2/8b7d05e4-9a3b-4c73-b087-104251033467.webp,0.23139221966266632,0.17993882298469543,0.051453396677970886,gallery_images/7ffe2a14962798eca3100109.jpg,gallery_images/3dc52bcc5f9d782b00729f67.jpg,"{""model_id"": null, ""negative_prompt"": null, ""gs"": null, ""steps"": null, ""scheduler_cls"": null, ""classification"": ""Food""}","{""model_id"": null, ""negative_prompt"": null, ""gs"": null, ""steps"": null, ""scheduler_cls"": null, ""classification"": ""Food""}",unverified,,,
6830,building,1,supportive,imagereward:test:007713-0046,Boris Johnson and Eminen on a stage having an epic rap battle together,b0d04d7cbc27aada61a2a2c88184bd2d92ab094fb3d6dff2db24cef0f2bfee54,imagereward:images/test/test_1/047841df-97f9-4a15-b607-09277e3b1b95.webp,imagereward:images/test/test_1/9dc88b05-f911-4a4d-abdb-e0bd03c4d01b.webp,0.2780121862888336,0.24074101448059082,0.0372711718082428,gallery_images/2802ffe76385d498d3c98a7f.jpg,gallery_images/052da60eedfc881426be243b.jpg,"{""model_id"": null, ""negative_prompt"": null, ""gs"": null, ""steps"": null, ""scheduler_cls"": null, ""classification"": ""People""}","{""model_id"": null, ""negative_prompt"": null, ""gs"": null, ""steps"": null, ""scheduler_cls"": null, ""classification"": ""People""}",unverified,,,
6830,building,1,counterexample,imagereward:test:010918-0030,the pope in saving private james ryan ,9ed63beff86d5e18e4048901428ee78733de38893029c7c73093da1301c7baa5,imagereward:images/test/test_2/cbc83c67-d5cb-4872-95c7-f46ca0cdcd6c.webp,imagereward:images/test/test_2/24fb28c3-f778-4116-8ffb-f41230beb451.webp,0.2837757468223572,0.3339780867099762,-0.05020233988761902,gallery_images/d664aa5be8f6b3d7166b32c7.jpg,gallery_images/df55fdf1e4ded79867ad1671.jpg,"{""model_id"": null, ""negative_prompt"": null, ""gs"": null, ""steps"": null, ""scheduler_cls"": null, ""classification"": ""People""}","{""model_id"": null, ""negative_prompt"": null, ""gs"": null, ""steps"": null, ""scheduler_cls"": null, ""classification"": ""People""}",unverified,,,
6830,building,1,counterexample,imagereward:test:001260-0073,"realistic photography of a man 3 5 years old with a bit of bear, short hair, few wrinkles around eyes, sexy, cinematographic, cinematic light, close up view, intense, colorize, 8 0 mm lens ",bd5a08c78f7713700e45a208189c5ba33df3fc51dd6425fbac0f13cff8386f73,imagereward:images/test/test_2/7f6386f1-9330-496a-87f0-f935074e09bd.webp,imagereward:images/test/test_2/39287be5-bc65-49de-a745-a50b9ac450c4.webp,0.21673206984996796,0.2537982165813446,-0.03706614673137665,gallery_images/a3bcc6ce6ba0717536ae0479.jpg,gallery_images/c826e2fda0494675fee748e6.jpg,"{""model_id"": null, ""negative_prompt"": null, ""gs"": null, ""steps"": null, ""scheduler_cls"": null, ""classification"": ""People""}","{""model_id"": null, ""negative_prompt"": null, ""gs"": null, ""steps"": null, ""scheduler_cls"": null, ""classification"": ""People""}",unverified,,,
6830,building,1,random_audit,imagereward:test:008275-0162,"bioluminescent crystal ball abstract sculpture, neon, fluorescent, magenta hyper detailed, red & purple beauteous biomechanical organic lightpainting, 8 k scenery, perfect lighting balance, ",c5c9324fe686aa7c94a4e209e8c979b72d69085c2a3c33f77c567493db471506,imagereward:images/test/test_1/0647a02c-879d-483f-81d0-65b945e7bec1.webp,imagereward:images/test/test_1/35333673-8d72-4303-8a03-93ad2f8aff18.webp,0.18237747251987457,0.2064824104309082,-0.02410493791103363,gallery_images/3311939f6c319dc4ccd17467.jpg,gallery_images/89181cc55f988a356169869b.jpg,"{""model_id"": null, ""negative_prompt"": null, ""gs"": null, ""steps"": null, ""scheduler_cls"": null, ""classification"": ""Arts""}","{""model_id"": null, ""negative_prompt"": null, ""gs"": null, ""steps"": null, ""scheduler_cls"": null, ""classification"": ""Arts""}",unverified,,,
6830,building,1,random_audit,imagereward:test:007108-0023,"Drama King, photorealistic portrait, 8K, Cinematic lights",ef2867fcf92c49c0e0df371e211de33e9cb3a855515d164fb388da6adfa9674f,imagereward:images/test/test_1/2fdb6c81-e1bd-460c-84e2-2bf3b295a40d.webp,imagereward:images/test/test_1/ac661be8-4c31-48cf-a99f-32633b6c4504.webp,0.21020017564296722,0.19303132593631744,0.01716884970664978,gallery_images/af77012debe518c25169cf76.jpg,gallery_images/51104f6c5db156805e1e2dd9.jpg,"{""model_id"": null, ""negative_prompt"": null, ""gs"": null, ""steps"": null, ""scheduler_cls"": null, ""classification"": ""People""}","{""model_id"": null, ""negative_prompt"": null, ""gs"": null, ""steps"": null, ""scheduler_cls"": null, ""classification"": ""People""}",unverified,,,
38955,red-rock,1,supportive,imagereward:test:007108-0023,"Drama King, photorealistic portrait, 8K, Cinematic lights",ef2867fcf92c49c0e0df371e211de33e9cb3a855515d164fb388da6adfa9674f,imagereward:images/test/test_1/2fdb6c81-e1bd-460c-84e2-2bf3b295a40d.webp,imagereward:images/test/test_1/ac661be8-4c31-48cf-a99f-32633b6c4504.webp,0.19120857119560242,0.11928251385688782,0.0719260573387146,gallery_images/af77012debe518c25169cf76.jpg,gallery_images/51104f6c5db156805e1e2dd9.jpg,"{""model_id"": null, ""negative_prompt"": null, ""gs"": null, ""steps"": null, ""scheduler_cls"": null, ""classification"": ""People""}","{""model_id"": null, ""negative_prompt"": null, ""gs"": null, ""steps"": null, ""scheduler_cls"": null, ""classification"": ""People""}",unverified,,,
38955,red-rock,1,supportive,imagereward:test:010856-0009,funny peanut butter ,b18ea9950d494d375d0c180c19fd090da6228f69d114cdf9665f8628abd7a871,imagereward:images/test/test_2/d7efc9ab-5b83-4dfb-9f37-e5c3494a9c6a.webp,imagereward:images/test/test_2/8b7d05e4-9a3b-4c73-b087-104251033467.webp,0.24271035194396973,0.1828562617301941,0.059854090213775635,gallery_images/7ffe2a14962798eca3100109.jpg,gallery_images/3dc52bcc5f9d782b00729f67.jpg,"{""model_id"": null, ""negative_prompt"": null, ""gs"": null, ""steps"": null, ""scheduler_cls"": null, ""classification"": ""Food""}","{""model_id"": null, ""negative_prompt"": null, ""gs"": null, ""steps"": null, ""scheduler_cls"": null, ""classification"": ""Food""}",unverified,,,
38955,red-rock,1,counterexample,imagereward:test:008275-0162,"bioluminescent crystal ball abstract sculpture, neon, fluorescent, magenta hyper detailed, red & purple beauteous biomechanical organic lightpainting, 8 k scenery, perfect lighting balance, ",c5c9324fe686aa7c94a4e209e8c979b72d69085c2a3c33f77c567493db471506,imagereward:images/test/test_1/c91662d9-87c6-428f-bf86-ab84a67e1b8a.webp,imagereward:images/test/test_1/35333673-8d72-4303-8a03-93ad2f8aff18.webp,0.1442791223526001,0.28572016954421997,-0.14144104719161987,gallery_images/e1c75092bf2f460e548cb372.jpg,gallery_images/89181cc55f988a356169869b.jpg,"{""model_id"": null, ""negative_prompt"": null, ""gs"": null, ""steps"": null, ""scheduler_cls"": null, ""classification"": ""Arts""}","{""model_id"": null, ""negative_prompt"": null, ""gs"": null, ""steps"": null, ""scheduler_cls"": null, ""classification"": ""Arts""}",unverified,,,
38955,red-rock,1,counterexample,imagereward:test:007019-0095,"astronaut drifting afloat in space, in the darkness away from anyone else, alone, digital render, detailed illustration, black background dotted with stars, concept art, realistic, 8 k ",1cc69dd90585fe53b316368e8bec20b67a8c2abe627e4c2c13fb492b5775f876,imagereward:images/test/test_1/2d047220-c2f9-4dcc-b4c4-96496276f3fd.webp,imagereward:images/test/test_1/6e5e7414-718a-4392-b52c-2d932c488087.webp,0.156094029545784,0.24450433254241943,-0.08841030299663544,gallery_images/033d5b9651fcf749d627459e.jpg,gallery_images/135e55bf511209cf3e0b0055.jpg,"{""model_id"": null, ""negative_prompt"": null, ""gs"": null, ""steps"": null, ""scheduler_cls"": null, ""classification"": ""People""}","{""model_id"": null, ""negative_prompt"": null, ""gs"": null, ""steps"": null, ""scheduler_cls"": null, ""classification"": ""People""}",unverified,,,
38955,red-rock,1,random_audit,imagereward:test:008615-0007,"a group of artists creating a masterpiece, glorious, in the style of artgerm and charlie bowater and atey ghailan and mike mignola, epic lighting, vibrant colors and hard shadows and strong rim light, very coherent, comic cover art, plain background, trending on artstation ",133343abee5ab23e2f72742014e087d34fcc6ed1ed4cac5948a1e45fca0b2a3c,imagereward:images/test/test_1/a9933af1-1d8b-4298-bdf3-00bea8548222.webp,imagereward:images/test/test_1/41af2cb8-3028-422a-afdb-c4bb2edb14c4.webp,0.23829098045825958,0.2818772494792938,-0.04358626902103424,gallery_images/501f053ee9b680d94916607c.jpg,gallery_images/28ef7fd9656742307c6a2316.jpg,"{""model_id"": null, ""negative_prompt"": null, ""gs"": null, ""steps"": null, ""scheduler_cls"": null, ""classification"": ""Arts""}","{""model_id"": null, ""negative_prompt"": null, ""gs"": null, ""steps"": null, ""scheduler_cls"": null, ""classification"": ""Arts""}",unverified,,,
38955,red-rock,1,random_audit,imagereward:test:010856-0009,funny peanut butter ,b18ea9950d494d375d0c180c19fd090da6228f69d114cdf9665f8628abd7a871,imagereward:images/test/test_2/d7efc9ab-5b83-4dfb-9f37-e5c3494a9c6a.webp,imagereward:images/test/test_2/f5a05163-1f57-42f6-bcad-bff4faa36d5c.webp,0.24271035194396973,0.2076297104358673,0.03508064150810242,gallery_images/7ffe2a14962798eca3100109.jpg,gallery_images/f74ecdbbfe537a0081bff656.jpg,"{""model_id"": null, ""negative_prompt"": null, ""gs"": null, ""steps"": null, ""scheduler_cls"": null, ""classification"": ""Food""}","{""model_id"": null, ""negative_prompt"": null, ""gs"": null, ""steps"": null, ""scheduler_cls"": null, ""classification"": ""Food""}",unverified,,,
38923,red-and-yellow,1,supportive,imagereward:test:010856-0009,funny peanut butter ,b18ea9950d494d375d0c180c19fd090da6228f69d114cdf9665f8628abd7a871,imagereward:images/test/test_2/d7efc9ab-5b83-4dfb-9f37-e5c3494a9c6a.webp,imagereward:images/test/test_2/8b7d05e4-9a3b-4c73-b087-104251033467.webp,0.2913258969783783,0.16778285801410675,0.12354303896427155,gallery_images/7ffe2a14962798eca3100109.jpg,gallery_images/3dc52bcc5f9d782b00729f67.jpg,"{""model_id"": null, ""negative_prompt"": null, ""gs"": null, ""steps"": null, ""scheduler_cls"": null, ""classification"": ""Food""}","{""model_id"": null, ""negative_prompt"": null, ""gs"": null, ""steps"": null, ""scheduler_cls"": null, ""classification"": ""Food""}",unverified,,,
38923,red-and-yellow,1,supportive,imagereward:test:010921-0064,"a bright fantasy city built between cliffs, sleek glass buildings, elegant bridges between stalactites, illustration, raining, dark and moody lighting, at night, digital art, oil painting, cold blue tones, fantasy, 8 k, trending on artstation, detailed ",665c1a33f8f1af344f90fa208a200d26840e5d698cb7054b07fa9ce4364938a1,imagereward:images/test/test_2/9de7e353-e646-4f34-b8c8-f2d00c2d2832.webp,imagereward:images/test/test_2/5bf2c29b-2bca-43d0-acae-95349b0fc3fb.webp,0.27775251865386963,0.19099368155002594,0.08675883710384369,gallery_images/28ae48dabcfd1c0a04dc2fce.jpg,gallery_images/038b27ec77946b917cde1395.jpg,"{""model_id"": null, ""negative_prompt"": null, ""gs"": null, ""steps"": null, ""scheduler_cls"": null, ""classification"": ""Outdoor Scenes""}","{""model_id"": null, ""negative_prompt"": null, ""gs"": null, ""steps"": null, ""scheduler_cls"": null, ""classification"": ""Outdoor Scenes""}",unverified,,,
38923,red-and-yellow,1,counterexample,imagereward:test:010817-0088,mother theresa eating a terrapin ,93eef9cfe3558d21cd24ea834af6e24f85f955753e9577af6c4f2e4647284f0d,imagereward:images/test/test_2/54c0c1bd-d97a-4982-b9a4-069e14c4416d.webp,imagereward:images/test/test_2/95f54be5-224b-4d3d-b64d-2ecd1f0e6e55.webp,0.16362151503562927,0.27437230944633484,-0.11075079441070557,gallery_images/555b0de43cce15ae0bbf32d4.jpg,gallery_images/9f2599538c6141572a399ed0.jpg,"{""model_id"": null, ""negative_prompt"": null, ""gs"": null, ""steps"": null, ""scheduler_cls"": null, ""classification"": ""People""}","{""model_id"": null, ""negative_prompt"": null, ""gs"": null, ""steps"": null, ""scheduler_cls"": null, ""classification"": ""People""}",unverified,,,
38923,red-and-yellow,1,counterexample,imagereward:test:007019-0095,"astronaut drifting afloat in space, in the darkness away from anyone else, alone, digital render, detailed illustration, black background dotted with stars, concept art, realistic, 8 k ",1cc69dd90585fe53b316368e8bec20b67a8c2abe627e4c2c13fb492b5775f876,imagereward:images/test/test_1/2d047220-c2f9-4dcc-b4c4-96496276f3fd.webp,imagereward:images/test/test_1/6e5e7414-718a-4392-b52c-2d932c488087.webp,0.17791065573692322,0.2879672348499298,-0.11005657911300659,gallery_images/033d5b9651fcf749d627459e.jpg,gallery_images/135e55bf511209cf3e0b0055.jpg,"{""model_id"": null, ""negative_prompt"": null, ""gs"": null, ""steps"": null, ""scheduler_cls"": null, ""classification"": ""People""}","{""model_id"": null, ""negative_prompt"": null, ""gs"": null, ""steps"": null, ""scheduler_cls"": null, ""classification"": ""People""}",unverified,,,
38923,red-and-yellow,1,random_audit,imagereward:test:011041-0080,"cinematic movie scene, beautiful Product shot film still of a Syd Mead futuristic modern sleek automobile speeding down a wet street at night in cyperpunk city, motion, hard surface modeling, volumetric soft lighting, style of Stanley Kubrick cinematography, 8k H 768",dbd49eb02d28c2c1f1ec6876579fff93930afe77f87e6bb55508973b63052f66,imagereward:images/test/test_2/be59feb8-c0d9-486e-94bc-2e406f671985.webp,imagereward:images/test/test_2/21f62da5-6e89-4824-9945-241c258aabf4.webp,0.30230429768562317,0.2702392637729645,0.03206503391265869,gallery_images/2cef7229767afe1304e6a5d3.jpg,gallery_images/a71481cca137eed52b01cee4.jpg,"{""model_id"": null, ""negative_prompt"": null, ""gs"": null, ""steps"": null, ""scheduler_cls"": null, ""classification"": ""Vehicles""}","{""model_id"": null, ""negative_prompt"": null, ""gs"": null, ""steps"": null, ""scheduler_cls"": null, ""classification"": ""Vehicles""}",unverified,,,
38923,red-and-yellow,1,random_audit,imagereward:test:001260-0073,"realistic photography of a man 3 5 years old with a bit of bear, short hair, few wrinkles around eyes, sexy, cinematographic, cinematic light, close up view, intense, colorize, 8 0 mm lens ",bd5a08c78f7713700e45a208189c5ba33df3fc51dd6425fbac0f13cff8386f73,imagereward:images/test/test_2/85ae560c-08eb-4023-9b30-cb745fec3011.webp,imagereward:images/test/test_2/39287be5-bc65-49de-a745-a50b9ac450c4.webp,0.16651299595832825,0.17576885223388672,-0.009255856275558472,gallery_images/fade65e9128358fe15675cdf.jpg,gallery_images/c826e2fda0494675fee748e6.jpg,"{""model_id"": null, ""negative_prompt"": null, ""gs"": null, ""steps"": null, ""scheduler_cls"": null, ""classification"": ""People""}","{""model_id"": null, ""negative_prompt"": null, ""gs"": null, ""steps"": null, ""scheduler_cls"": null, ""classification"": ""People""}",unverified,,,
28177,magenta,1,supportive,imagereward:test:010918-0030,the pope in saving private james ryan ,9ed63beff86d5e18e4048901428ee78733de38893029c7c73093da1301c7baa5,imagereward:images/test/test_2/cbc83c67-d5cb-4872-95c7-f46ca0cdcd6c.webp,imagereward:images/test/test_2/24fb28c3-f778-4116-8ffb-f41230beb451.webp,0.20393380522727966,0.14218799769878387,0.06174580752849579,gallery_images/d664aa5be8f6b3d7166b32c7.jpg,gallery_images/df55fdf1e4ded79867ad1671.jpg,"{""model_id"": null, ""negative_prompt"": null, ""gs"": null, ""steps"": null, ""scheduler_cls"": null, ""classification"": ""People""}","{""model_id"": null, ""negative_prompt"": null, ""gs"": null, ""steps"": null, ""scheduler_cls"": null, ""classification"": ""People""}",unverified,,,
28177,magenta,1,supportive,imagereward:test:010856-0009,funny peanut butter ,b18ea9950d494d375d0c180c19fd090da6228f69d114cdf9665f8628abd7a871,imagereward:images/test/test_2/d7efc9ab-5b83-4dfb-9f37-e5c3494a9c6a.webp,imagereward:images/test/test_2/8b7d05e4-9a3b-4c73-b087-104251033467.webp,0.19027630984783173,0.14654318988323212,0.04373311996459961,gallery_images/7ffe2a14962798eca3100109.jpg,gallery_images/3dc52bcc5f9d782b00729f67.jpg,"{""model_id"": null, ""negative_prompt"": null, ""gs"": null, ""steps"": null, ""scheduler_cls"": null, ""classification"": ""Food""}","{""model_id"": null, ""negative_prompt"": null, ""gs"": null, ""steps"": null, ""scheduler_cls"": null, ""classification"": ""Food""}",unverified,,,
28177,magenta,1,counterexample,imagereward:test:007019-0095,"astronaut drifting afloat in space, in the darkness away from anyone else, alone, digital render, detailed illustration, black background dotted with stars, concept art, realistic, 8 k ",1cc69dd90585fe53b316368e8bec20b67a8c2abe627e4c2c13fb492b5775f876,imagereward:images/test/test_1/0efeea25-24dc-4146-a8c6-94fe27d82bf9.webp,imagereward:images/test/test_1/6e5e7414-718a-4392-b52c-2d932c488087.webp,0.1335838884115219,0.1883004903793335,-0.054716601967811584,gallery_images/ffe851e1110ecaa58cd2bed9.jpg,gallery_images/135e55bf511209cf3e0b0055.jpg,"{""model_id"": null, ""negative_prompt"": null, ""gs"": null, ""steps"": null, ""scheduler_cls"": null, ""classification"": ""People""}","{""model_id"": null, ""negative_prompt"": null, ""gs"": null, ""steps"": null, ""scheduler_cls"": null, ""classification"": ""People""}",unverified,,,
28177,magenta,1,counterexample,imagereward:test:010921-0064,"a bright fantasy city built between cliffs, sleek glass buildings, elegant bridges between stalactites, illustration, raining, dark and moody lighting, at night, digital art, oil painting, cold blue tones, fantasy, 8 k, trending on artstation, detailed ",665c1a33f8f1af344f90fa208a200d26840e5d698cb7054b07fa9ce4364938a1,imagereward:images/test/test_2/2a99d448-fa70-4bf2-bfd0-a6c30191a849.webp,imagereward:images/test/test_2/5bf2c29b-2bca-43d0-acae-95349b0fc3fb.webp,0.09770987927913666,0.14703844487667084,-0.04932856559753418,gallery_images/ffa92187f93bb9140d50d08b.jpg,gallery_images/038b27ec77946b917cde1395.jpg,"{""model_id"": null, ""negative_prompt"": null, ""gs"": null, ""steps"": null, ""scheduler_cls"": null, ""classification"": ""Outdoor Scenes""}","{""model_id"": null, ""negative_prompt"": null, ""gs"": null, ""steps"": null, ""scheduler_cls"": null, ""classification"": ""Outdoor Scenes""}",unverified,,,
28177,magenta,1,random_audit,imagereward:test:007753-0023,"cute little dragon, gnome, elf, mage playing dnd at night in a medieval bar, fantasy, concept art, highly detailed, octane, unreal engine, anime, by laurel d austin, ghibly, disney, pixar, dreamworks ",77cb27c971e724eb8140a8c0cf5b6359435ee02a1ea4919b5eb41d3a8f646518,imagereward:images/test/test_1/e00c1d73-d02d-431f-b317-14ed49f94d99.webp,imagereward:images/test/test_1/522c69d4-c249-465c-a613-a353dc4d88c7.webp,0.1559773087501526,0.1298823207616806,0.026094987988471985,gallery_images/bf64f256be978b78a93eeb63.jpg,gallery_images/121a29dadf7216ae1622556d.jpg,"{""model_id"": null, ""negative_prompt"": null, ""gs"": null, ""steps"": null, ""scheduler_cls"": null, ""classification"": ""Indoor Scenes""}","{""model_id"": null, ""negative_prompt"": null, ""gs"": null, ""steps"": null, ""scheduler_cls"": null, ""classification"": ""Indoor Scenes""}",unverified,,,
28177,magenta,1,random_audit,imagereward:test:010921-0064,"a bright fantasy city built between cliffs, sleek glass buildings, elegant bridges between stalactites, illustration, raining, dark and moody lighting, at night, digital art, oil painting, cold blue tones, fantasy, 8 k, trending on artstation, detailed ",665c1a33f8f1af344f90fa208a200d26840e5d698cb7054b07fa9ce4364938a1,imagereward:images/test/test_2/2a99d448-fa70-4bf2-bfd0-a6c30191a849.webp,imagereward:images/test/test_2/526a66a5-f58c-49d7-a36e-4ab2f85631aa.webp,0.09770987927913666,0.11225409060716629,-0.014544211328029633,gallery_images/ffa92187f93bb9140d50d08b.jpg,gallery_images/f0007ac692902def48712601.jpg,"{""model_id"": null, ""negative_prompt"": null, ""gs"": null, ""steps"": null, ""scheduler_cls"": null, ""classification"": ""Outdoor Scenes""}","{""model_id"": null, ""negative_prompt"": null, ""gs"": null, ""steps"": null, ""scheduler_cls"": null, ""classification"": ""Outdoor Scenes""}",unverified,,,
14316,drainboard,-1,supportive,imagereward:test:007713-0046,Boris Johnson and Eminen on a stage having an epic rap battle together,b0d04d7cbc27aada61a2a2c88184bd2d92ab094fb3d6dff2db24cef0f2bfee54,imagereward:images/test/test_1/48b9bead-0909-496a-8e65-c4b79d66506f.webp,imagereward:images/test/test_1/9dc88b05-f911-4a4d-abdb-e0bd03c4d01b.webp,0.19719398021697998,0.25848478078842163,-0.06129080057144165,gallery_images/69a6e82e6be1dbe6ecfd6773.jpg,gallery_images/052da60eedfc881426be243b.jpg,"{""model_id"": null, ""negative_prompt"": null, ""gs"": null, ""steps"": null, ""scheduler_cls"": null, ""classification"": ""People""}","{""model_id"": null, ""negative_prompt"": null, ""gs"": null, ""steps"": null, ""scheduler_cls"": null, ""classification"": ""People""}",unverified,,,
14316,drainboard,-1,supportive,imagereward:test:008275-0162,"bioluminescent crystal ball abstract sculpture, neon, fluorescent, magenta hyper detailed, red & purple beauteous biomechanical organic lightpainting, 8 k scenery, perfect lighting balance, ",c5c9324fe686aa7c94a4e209e8c979b72d69085c2a3c33f77c567493db471506,imagereward:images/test/test_1/c91662d9-87c6-428f-bf86-ab84a67e1b8a.webp,imagereward:images/test/test_1/35333673-8d72-4303-8a03-93ad2f8aff18.webp,0.15596574544906616,0.19348731637001038,-0.037521570920944214,gallery_images/e1c75092bf2f460e548cb372.jpg,gallery_images/89181cc55f988a356169869b.jpg,"{""model_id"": null, ""negative_prompt"": null, ""gs"": null, ""steps"": null, ""scheduler_cls"": null, ""classification"": ""Arts""}","{""model_id"": null, ""negative_prompt"": null, ""gs"": null, ""steps"": null, ""scheduler_cls"": null, ""classification"": ""Arts""}",unverified,,,
14316,drainboard,-1,counterexample,imagereward:test:010921-0064,"a bright fantasy city built between cliffs, sleek glass buildings, elegant bridges between stalactites, illustration, raining, dark and moody lighting, at night, digital art, oil painting, cold blue tones, fantasy, 8 k, trending on artstation, detailed ",665c1a33f8f1af344f90fa208a200d26840e5d698cb7054b07fa9ce4364938a1,imagereward:images/test/test_2/9de7e353-e646-4f34-b8c8-f2d00c2d2832.webp,imagereward:images/test/test_2/526a66a5-f58c-49d7-a36e-4ab2f85631aa.webp,0.21366414427757263,0.17043180763721466,0.04323233664035797,gallery_images/28ae48dabcfd1c0a04dc2fce.jpg,gallery_images/f0007ac692902def48712601.jpg,"{""model_id"": null, ""negative_prompt"": null, ""gs"": null, ""steps"": null, ""scheduler_cls"": null, ""classification"": ""Outdoor Scenes""}","{""model_id"": null, ""negative_prompt"": null, ""gs"": null, ""steps"": null, ""scheduler_cls"": null, ""classification"": ""Outdoor Scenes""}",unverified,,,
14316,drainboard,-1,counterexample,imagereward:test:007753-0023,"cute little dragon, gnome, elf, mage playing dnd at night in a medieval bar, fantasy, concept art, highly detailed, octane, unreal engine, anime, by laurel d austin, ghibly, disney, pixar, dreamworks ",77cb27c971e724eb8140a8c0cf5b6359435ee02a1ea4919b5eb41d3a8f646518,imagereward:images/test/test_1/e00c1d73-d02d-431f-b317-14ed49f94d99.webp,imagereward:images/test/test_1/522c69d4-c249-465c-a613-a353dc4d88c7.webp,0.2356279343366623,0.20317582786083221,0.03245210647583008,gallery_images/bf64f256be978b78a93eeb63.jpg,gallery_images/121a29dadf7216ae1622556d.jpg,"{""model_id"": null, ""negative_prompt"": null, ""gs"": null, ""steps"": null, ""scheduler_cls"": null, ""classification"": ""Indoor Scenes""}","{""model_id"": null, ""negative_prompt"": null, ""gs"": null, ""steps"": null, ""scheduler_cls"": null, ""classification"": ""Indoor Scenes""}",unverified,,,
14316,drainboard,-1,random_audit,imagereward:test:001260-0073,"realistic photography of a man 3 5 years old with a bit of bear, short hair, few wrinkles around eyes, sexy, cinematographic, cinematic light, close up view, intense, colorize, 8 0 mm lens ",bd5a08c78f7713700e45a208189c5ba33df3fc51dd6425fbac0f13cff8386f73,imagereward:images/test/test_2/85ae560c-08eb-4023-9b30-cb745fec3011.webp,imagereward:images/test/test_2/39287be5-bc65-49de-a745-a50b9ac450c4.webp,0.17169800400733948,0.19918425381183624,-0.027486249804496765,gallery_images/fade65e9128358fe15675cdf.jpg,gallery_images/c826e2fda0494675fee748e6.jpg,"{""model_id"": null, ""negative_prompt"": null, ""gs"": null, ""steps"": null, ""scheduler_cls"": null, ""classification"": ""People""}","{""model_id"": null, ""negative_prompt"": null, ""gs"": null, ""steps"": null, ""scheduler_cls"": null, ""classification"": ""People""}",unverified,,,
14316,drainboard,-1,random_audit,imagereward:test:010921-0064,"a bright fantasy city built between cliffs, sleek glass buildings, elegant bridges between stalactites, illustration, raining, dark and moody lighting, at night, digital art, oil painting, cold blue tones, fantasy, 8 k, trending on artstation, detailed ",665c1a33f8f1af344f90fa208a200d26840e5d698cb7054b07fa9ce4364938a1,imagereward:images/test/test_2/9de7e353-e646-4f34-b8c8-f2d00c2d2832.webp,imagereward:images/test/test_2/5bf2c29b-2bca-43d0-acae-95349b0fc3fb.webp,0.21366414427757263,0.18918152153491974,0.024482622742652893,gallery_images/28ae48dabcfd1c0a04dc2fce.jpg,gallery_images/038b27ec77946b917cde1395.jpg,"{""model_id"": null, ""negative_prompt"": null, ""gs"": null, ""steps"": null, ""scheduler_cls"": null, ""classification"": ""Outdoor Scenes""}","{""model_id"": null, ""negative_prompt"": null, ""gs"": null, ""steps"": null, ""scheduler_cls"": null, ""classification"": ""Outdoor Scenes""}",unverified,,,
6771,bucket,-1,supportive,imagereward:test:010918-0030,the pope in saving private james ryan ,9ed63beff86d5e18e4048901428ee78733de38893029c7c73093da1301c7baa5,imagereward:images/test/test_2/cbc83c67-d5cb-4872-95c7-f46ca0cdcd6c.webp,imagereward:images/test/test_2/24fb28c3-f778-4116-8ffb-f41230beb451.webp,0.17084360122680664,0.23739275336265564,-0.066549152135849,gallery_images/d664aa5be8f6b3d7166b32c7.jpg,gallery_images/df55fdf1e4ded79867ad1671.jpg,"{""model_id"": null, ""negative_prompt"": null, ""gs"": null, ""steps"": null, ""scheduler_cls"": null, ""classification"": ""People""}","{""model_id"": null, ""negative_prompt"": null, ""gs"": null, ""steps"": null, ""scheduler_cls"": null, ""classification"": ""People""}",unverified,,,
6771,bucket,-1,supportive,imagereward:test:008289-0059,"film still of the geisha robot from ghost in the shell, cinematic lighting, 3 5 mm, high resolution ",3bd7d4dddc3e23f3607fda60a8645e56af48b86a319f4d55650264f6bab14574,imagereward:images/test/test_1/d5a97b27-8f4d-444b-ac87-b756a3fd4bae.webp,imagereward:images/test/test_1/3202d894-05ac-48da-a7d2-ba160a5c786d.webp,0.163540780544281,0.22813846170902252,-0.06459768116474152,gallery_images/e1c8d204d61512a98cab0302.jpg,gallery_images/d5abce8ec50c87b9e5bc519c.jpg,"{""model_id"": null, ""negative_prompt"": null, ""gs"": null, ""steps"": null, ""scheduler_cls"": null, ""classification"": ""Artifacts""}","{""model_id"": null, ""negative_prompt"": null, ""gs"": null, ""steps"": null, ""scheduler_cls"": null, ""classification"": ""Artifacts""}",unverified,,,
6771,bucket,-1,counterexample,imagereward:test:010921-0064,"a bright fantasy city built between cliffs, sleek glass buildings, elegant bridges between stalactites, illustration, raining, dark and moody lighting, at night, digital art, oil painting, cold blue tones, fantasy, 8 k, trending on artstation, detailed ",665c1a33f8f1af344f90fa208a200d26840e5d698cb7054b07fa9ce4364938a1,imagereward:images/test/test_2/2a99d448-fa70-4bf2-bfd0-a6c30191a849.webp,imagereward:images/test/test_2/526a66a5-f58c-49d7-a36e-4ab2f85631aa.webp,0.24169625341892242,0.17412865161895752,0.0675676017999649,gallery_images/ffa92187f93bb9140d50d08b.jpg,gallery_images/f0007ac692902def48712601.jpg,"{""model_id"": null, ""negative_prompt"": null, ""gs"": null, ""steps"": null, ""scheduler_cls"": null, ""classification"": ""Outdoor Scenes""}","{""model_id"": null, ""negative_prompt"": null, ""gs"": null, ""steps"": null, ""scheduler_cls"": null, ""classification"": ""Outdoor Scenes""}",unverified,,,
6771,bucket,-1,counterexample,imagereward:test:010817-0088,mother theresa eating a terrapin ,93eef9cfe3558d21cd24ea834af6e24f85f955753e9577af6c4f2e4647284f0d,imagereward:images/test/test_2/54c0c1bd-d97a-4982-b9a4-069e14c4416d.webp,imagereward:images/test/test_2/95f54be5-224b-4d3d-b64d-2ecd1f0e6e55.webp,0.2371973693370819,0.20168398320674896,0.03551338613033295,gallery_images/555b0de43cce15ae0bbf32d4.jpg,gallery_images/9f2599538c6141572a399ed0.jpg,"{""model_id"": null, ""negative_prompt"": null, ""gs"": null, ""steps"": null, ""scheduler_cls"": null, ""classification"": ""People""}","{""model_id"": null, ""negative_prompt"": null, ""gs"": null, ""steps"": null, ""scheduler_cls"": null, ""classification"": ""People""}",unverified,,,
6771,bucket,-1,random_audit,imagereward:test:001260-0073,"realistic photography of a man 3 5 years old with a bit of bear, short hair, few wrinkles around eyes, sexy, cinematographic, cinematic light, close up view, intense, colorize, 8 0 mm lens ",bd5a08c78f7713700e45a208189c5ba33df3fc51dd6425fbac0f13cff8386f73,imagereward:images/test/test_2/7f6386f1-9330-496a-87f0-f935074e09bd.webp,imagereward:images/test/test_2/39287be5-bc65-49de-a745-a50b9ac450c4.webp,0.21523454785346985,0.2097492218017578,0.005485326051712036,gallery_images/a3bcc6ce6ba0717536ae0479.jpg,gallery_images/c826e2fda0494675fee748e6.jpg,"{""model_id"": null, ""negative_prompt"": null, ""gs"": null, ""steps"": null, ""scheduler_cls"": null, ""classification"": ""People""}","{""model_id"": null, ""negative_prompt"": null, ""gs"": null, ""steps"": null, ""scheduler_cls"": null, ""classification"": ""People""}",unverified,,,
6771,bucket,-1,random_audit,imagereward:test:007753-0023,"cute little dragon, gnome, elf, mage playing dnd at night in a medieval bar, fantasy, concept art, highly detailed, octane, unreal engine, anime, by laurel d austin, ghibly, disney, pixar, dreamworks ",77cb27c971e724eb8140a8c0cf5b6359435ee02a1ea4919b5eb41d3a8f646518,imagereward:images/test/test_1/e00c1d73-d02d-431f-b317-14ed49f94d99.webp,imagereward:images/test/test_1/522c69d4-c249-465c-a613-a353dc4d88c7.webp,0.2691754996776581,0.2777165472507477,-0.0085410475730896,gallery_images/bf64f256be978b78a93eeb63.jpg,gallery_images/121a29dadf7216ae1622556d.jpg,"{""model_id"": null, ""negative_prompt"": null, ""gs"": null, ""steps"": null, ""scheduler_cls"": null, ""classification"": ""Indoor Scenes""}","{""model_id"": null, ""negative_prompt"": null, ""gs"": null, ""steps"": null, ""scheduler_cls"": null, ""classification"": ""Indoor Scenes""}",unverified,,,
6317,bowl-shaped,-1,supportive,imagereward:test:010856-0009,funny peanut butter ,b18ea9950d494d375d0c180c19fd090da6228f69d114cdf9665f8628abd7a871,imagereward:images/test/test_2/d7efc9ab-5b83-4dfb-9f37-e5c3494a9c6a.webp,imagereward:images/test/test_2/f5a05163-1f57-42f6-bcad-bff4faa36d5c.webp,0.2653355002403259,0.3139781355857849,-0.048642635345458984,gallery_images/7ffe2a14962798eca3100109.jpg,gallery_images/f74ecdbbfe537a0081bff656.jpg,"{""model_id"": null, ""negative_prompt"": null, ""gs"": null, ""steps"": null, ""scheduler_cls"": null, ""classification"": ""Food""}","{""model_id"": null, ""negative_prompt"": null, ""gs"": null, ""steps"": null, ""scheduler_cls"": null, ""classification"": ""Food""}",unverified,,,
6317,bowl-shaped,-1,supportive,imagereward:test:001260-0073,"realistic photography of a man 3 5 years old with a bit of bear, short hair, few wrinkles around eyes, sexy, cinematographic, cinematic light, close up view, intense, colorize, 8 0 mm lens ",bd5a08c78f7713700e45a208189c5ba33df3fc51dd6425fbac0f13cff8386f73,imagereward:images/test/test_2/85ae560c-08eb-4023-9b30-cb745fec3011.webp,imagereward:images/test/test_2/39287be5-bc65-49de-a745-a50b9ac450c4.webp,0.1850464642047882,0.22682832181453705,-0.04178185760974884,gallery_images/fade65e9128358fe15675cdf.jpg,gallery_images/c826e2fda0494675fee748e6.jpg,"{""model_id"": null, ""negative_prompt"": null, ""gs"": null, ""steps"": null, ""scheduler_cls"": null, ""classification"": ""People""}","{""model_id"": null, ""negative_prompt"": null, ""gs"": null, ""steps"": null, ""scheduler_cls"": null, ""classification"": ""People""}",unverified,,,
6317,bowl-shaped,-1,counterexample,imagereward:test:010817-0088,mother theresa eating a terrapin ,93eef9cfe3558d21cd24ea834af6e24f85f955753e9577af6c4f2e4647284f0d,imagereward:images/test/test_2/54c0c1bd-d97a-4982-b9a4-069e14c4416d.webp,imagereward:images/test/test_2/95f54be5-224b-4d3d-b64d-2ecd1f0e6e55.webp,0.25239118933677673,0.1932368278503418,0.059154361486434937,gallery_images/555b0de43cce15ae0bbf32d4.jpg,gallery_images/9f2599538c6141572a399ed0.jpg,"{""model_id"": null, ""negative_prompt"": null, ""gs"": null, ""steps"": null, ""scheduler_cls"": null, ""classification"": ""People""}","{""model_id"": null, ""negative_prompt"": null, ""gs"": null, ""steps"": null, ""scheduler_cls"": null, ""classification"": ""People""}",unverified,,,
6317,bowl-shaped,-1,counterexample,imagereward:test:007713-0046,Boris Johnson and Eminen on a stage having an epic rap battle together,b0d04d7cbc27aada61a2a2c88184bd2d92ab094fb3d6dff2db24cef0f2bfee54,imagereward:images/test/test_1/48b9bead-0909-496a-8e65-c4b79d66506f.webp,imagereward:images/test/test_1/9dc88b05-f911-4a4d-abdb-e0bd03c4d01b.webp,0.23740413784980774,0.18910354375839233,0.048300594091415405,gallery_images/69a6e82e6be1dbe6ecfd6773.jpg,gallery_images/052da60eedfc881426be243b.jpg,"{""model_id"": null, ""negative_prompt"": null, ""gs"": null, ""steps"": null, ""scheduler_cls"": null, ""classification"": ""People""}","{""model_id"": null, ""negative_prompt"": null, ""gs"": null, ""steps"": null, ""scheduler_cls"": null, ""classification"": ""People""}",unverified,,,
6317,bowl-shaped,-1,random_audit,imagereward:test:007019-0095,"astronaut drifting afloat in space, in the darkness away from anyone else, alone, digital render, detailed illustration, black background dotted with stars, concept art, realistic, 8 k ",1cc69dd90585fe53b316368e8bec20b67a8c2abe627e4c2c13fb492b5775f876,imagereward:images/test/test_1/2d047220-c2f9-4dcc-b4c4-96496276f3fd.webp,imagereward:images/test/test_1/6e5e7414-718a-4392-b52c-2d932c488087.webp,0.20877936482429504,0.24880142509937286,-0.04002206027507782,gallery_images/033d5b9651fcf749d627459e.jpg,gallery_images/135e55bf511209cf3e0b0055.jpg,"{""model_id"": null, ""negative_prompt"": null, ""gs"": null, ""steps"": null, ""scheduler_cls"": null, ""classification"": ""People""}","{""model_id"": null, ""negative_prompt"": null, ""gs"": null, ""steps"": null, ""scheduler_cls"": null, ""classification"": ""People""}",unverified,,,
6317,bowl-shaped,-1,random_audit,imagereward:test:010856-0009,funny peanut butter ,b18ea9950d494d375d0c180c19fd090da6228f69d114cdf9665f8628abd7a871,imagereward:images/test/test_2/d7efc9ab-5b83-4dfb-9f37-e5c3494a9c6a.webp,imagereward:images/test/test_2/8b7d05e4-9a3b-4c73-b087-104251033467.webp,0.2653355002403259,0.2583755850791931,0.0069599151611328125,gallery_images/7ffe2a14962798eca3100109.jpg,gallery_images/3dc52bcc5f9d782b00729f67.jpg,"{""model_id"": null, ""negative_prompt"": null, ""gs"": null, ""steps"": null, ""scheduler_cls"": null, ""classification"": ""Food""}","{""model_id"": null, ""negative_prompt"": null, ""gs"": null, ""steps"": null, ""scheduler_cls"": null, ""classification"": ""Food""}",unverified,,,
53798,yarmulke,-1,supportive,imagereward:test:008289-0059,"film still of the geisha robot from ghost in the shell, cinematic lighting, 3 5 mm, high resolution ",3bd7d4dddc3e23f3607fda60a8645e56af48b86a319f4d55650264f6bab14574,imagereward:images/test/test_1/d5a97b27-8f4d-444b-ac87-b756a3fd4bae.webp,imagereward:images/test/test_1/3202d894-05ac-48da-a7d2-ba160a5c786d.webp,0.20884904265403748,0.26920923590660095,-0.06036019325256348,gallery_images/e1c8d204d61512a98cab0302.jpg,gallery_images/d5abce8ec50c87b9e5bc519c.jpg,"{""model_id"": null, ""negative_prompt"": null, ""gs"": null, ""steps"": null, ""scheduler_cls"": null, ""classification"": ""Artifacts""}","{""model_id"": null, ""negative_prompt"": null, ""gs"": null, ""steps"": null, ""scheduler_cls"": null, ""classification"": ""Artifacts""}",unverified,,,
53798,yarmulke,-1,supportive,imagereward:test:001260-0073,"realistic photography of a man 3 5 years old with a bit of bear, short hair, few wrinkles around eyes, sexy, cinematographic, cinematic light, close up view, intense, colorize, 8 0 mm lens ",bd5a08c78f7713700e45a208189c5ba33df3fc51dd6425fbac0f13cff8386f73,imagereward:images/test/test_2/85ae560c-08eb-4023-9b30-cb745fec3011.webp,imagereward:images/test/test_2/39287be5-bc65-49de-a745-a50b9ac450c4.webp,0.21937668323516846,0.27541446685791016,-0.0560377836227417,gallery_images/fade65e9128358fe15675cdf.jpg,gallery_images/c826e2fda0494675fee748e6.jpg,"{""model_id"": null, ""negative_prompt"": null, ""gs"": null, ""steps"": null, ""scheduler_cls"": null, ""classification"": ""People""}","{""model_id"": null, ""negative_prompt"": null, ""gs"": null, ""steps"": null, ""scheduler_cls"": null, ""classification"": ""People""}",unverified,,,
53798,yarmulke,-1,counterexample,imagereward:test:010918-0030,the pope in saving private james ryan ,9ed63beff86d5e18e4048901428ee78733de38893029c7c73093da1301c7baa5,imagereward:images/test/test_2/cbc83c67-d5cb-4872-95c7-f46ca0cdcd6c.webp,imagereward:images/test/test_2/24fb28c3-f778-4116-8ffb-f41230beb451.webp,0.3320648968219757,0.26691657304763794,0.06514832377433777,gallery_images/d664aa5be8f6b3d7166b32c7.jpg,gallery_images/df55fdf1e4ded79867ad1671.jpg,"{""model_id"": null, ""negative_prompt"": null, ""gs"": null, ""steps"": null, ""scheduler_cls"": null, ""classification"": ""People""}","{""model_id"": null, ""negative_prompt"": null, ""gs"": null, ""steps"": null, ""scheduler_cls"": null, ""classification"": ""People""}",unverified,,,
53798,yarmulke,-1,counterexample,imagereward:test:007713-0046,Boris Johnson and Eminen on a stage having an epic rap battle together,b0d04d7cbc27aada61a2a2c88184bd2d92ab094fb3d6dff2db24cef0f2bfee54,imagereward:images/test/test_1/48b9bead-0909-496a-8e65-c4b79d66506f.webp,imagereward:images/test/test_1/9dc88b05-f911-4a4d-abdb-e0bd03c4d01b.webp,0.23117071390151978,0.20011259615421295,0.031058117747306824,gallery_images/69a6e82e6be1dbe6ecfd6773.jpg,gallery_images/052da60eedfc881426be243b.jpg,"{""model_id"": null, ""negative_prompt"": null, ""gs"": null, ""steps"": null, ""scheduler_cls"": null, ""classification"": ""People""}","{""model_id"": null, ""negative_prompt"": null, ""gs"": null, ""steps"": null, ""scheduler_cls"": null, ""classification"": ""People""}",unverified,,,
53798,yarmulke,-1,random_audit,imagereward:test:007713-0046,Boris Johnson and Eminen on a stage having an epic rap battle together,b0d04d7cbc27aada61a2a2c88184bd2d92ab094fb3d6dff2db24cef0f2bfee54,imagereward:images/test/test_1/047841df-97f9-4a15-b607-09277e3b1b95.webp,imagereward:images/test/test_1/9dc88b05-f911-4a4d-abdb-e0bd03c4d01b.webp,0.21936571598052979,0.20011259615421295,0.019253119826316833,gallery_images/2802ffe76385d498d3c98a7f.jpg,gallery_images/052da60eedfc881426be243b.jpg,"{""model_id"": null, ""negative_prompt"": null, ""gs"": null, ""steps"": null, ""scheduler_cls"": null, ""classification"": ""People""}","{""model_id"": null, ""negative_prompt"": null, ""gs"": null, ""steps"": null, ""scheduler_cls"": null, ""classification"": ""People""}",unverified,,,
53798,yarmulke,-1,random_audit,imagereward:test:007753-0023,"cute little dragon, gnome, elf, mage playing dnd at night in a medieval bar, fantasy, concept art, highly detailed, octane, unreal engine, anime, by laurel d austin, ghibly, disney, pixar, dreamworks ",77cb27c971e724eb8140a8c0cf5b6359435ee02a1ea4919b5eb41d3a8f646518,imagereward:images/test/test_1/e00c1d73-d02d-431f-b317-14ed49f94d99.webp,imagereward:images/test/test_1/522c69d4-c249-465c-a613-a353dc4d88c7.webp,0.23031079769134521,0.25648316740989685,-0.026172369718551636,gallery_images/bf64f256be978b78a93eeb63.jpg,gallery_images/121a29dadf7216ae1622556d.jpg,"{""model_id"": null, ""negative_prompt"": null, ""gs"": null, ""steps"": null, ""scheduler_cls"": null, ""classification"": ""Indoor Scenes""}","{""model_id"": null, ""negative_prompt"": null, ""gs"": null, ""steps"": null, ""scheduler_cls"": null, ""classification"": ""Indoor Scenes""}",unverified,,,
9094,clover,-1,supportive,imagereward:test:009006-0102,"Horrifying creature, haunted, horror",6ee1b52c63caf60d8db23751287681018dfce76c98cca49820b5a1a91db4b14a,imagereward:images/test/test_1/7c5c94f3-8a41-492c-8c46-754ad80af2ea.webp,imagereward:images/test/test_1/ee22e72c-0ddd-471d-af26-6418340a73aa.webp,0.1662898063659668,0.22409716248512268,-0.057807356119155884,gallery_images/c6e4751b0736334e48c56fc1.jpg,gallery_images/a3833c3d508a381bb1502d1d.jpg,"{""model_id"": null, ""negative_prompt"": null, ""gs"": null, ""steps"": null, ""scheduler_cls"": null, ""classification"": ""Arts""}","{""model_id"": null, ""negative_prompt"": null, ""gs"": null, ""steps"": null, ""scheduler_cls"": null, ""classification"": ""Arts""}",unverified,,,
9094,clover,-1,supportive,imagereward:test:001260-0073,"realistic photography of a man 3 5 years old with a bit of bear, short hair, few wrinkles around eyes, sexy, cinematographic, cinematic light, close up view, intense, colorize, 8 0 mm lens ",bd5a08c78f7713700e45a208189c5ba33df3fc51dd6425fbac0f13cff8386f73,imagereward:images/test/test_2/7f6386f1-9330-496a-87f0-f935074e09bd.webp,imagereward:images/test/test_2/39287be5-bc65-49de-a745-a50b9ac450c4.webp,0.16409005224704742,0.19536498188972473,-0.03127492964267731,gallery_images/a3bcc6ce6ba0717536ae0479.jpg,gallery_images/c826e2fda0494675fee748e6.jpg,"{""model_id"": null, ""negative_prompt"": null, ""gs"": null, ""steps"": null, ""scheduler_cls"": null, ""classification"": ""People""}","{""model_id"": null, ""negative_prompt"": null, ""gs"": null, ""steps"": null, ""scheduler_cls"": null, ""classification"": ""People""}",unverified,,,
9094,clover,-1,counterexample,imagereward:test:007713-0046,Boris Johnson and Eminen on a stage having an epic rap battle together,b0d04d7cbc27aada61a2a2c88184bd2d92ab094fb3d6dff2db24cef0f2bfee54,imagereward:images/test/test_1/48b9bead-0909-496a-8e65-c4b79d66506f.webp,imagereward:images/test/test_1/9dc88b05-f911-4a4d-abdb-e0bd03c4d01b.webp,0.2183341085910797,0.1684790849685669,0.04985502362251282,gallery_images/69a6e82e6be1dbe6ecfd6773.jpg,gallery_images/052da60eedfc881426be243b.jpg,"{""model_id"": null, ""negative_prompt"": null, ""gs"": null, ""steps"": null, ""scheduler_cls"": null, ""classification"": ""People""}","{""model_id"": null, ""negative_prompt"": null, ""gs"": null, ""steps"": null, ""scheduler_cls"": null, ""classification"": ""People""}",unverified,,,
9094,clover,-1,counterexample,imagereward:test:008275-0162,"bioluminescent crystal ball abstract sculpture, neon, fluorescent, magenta hyper detailed, red & purple beauteous biomechanical organic lightpainting, 8 k scenery, perfect lighting balance, ",c5c9324fe686aa7c94a4e209e8c979b72d69085c2a3c33f77c567493db471506,imagereward:images/test/test_1/c91662d9-87c6-428f-bf86-ab84a67e1b8a.webp,imagereward:images/test/test_1/35333673-8d72-4303-8a03-93ad2f8aff18.webp,0.23093944787979126,0.18722064793109894,0.04371879994869232,gallery_images/e1c75092bf2f460e548cb372.jpg,gallery_images/89181cc55f988a356169869b.jpg,"{""model_id"": null, ""negative_prompt"": null, ""gs"": null, ""steps"": null, ""scheduler_cls"": null, ""classification"": ""Arts""}","{""model_id"": null, ""negative_prompt"": null, ""gs"": null, ""steps"": null, ""scheduler_cls"": null, ""classification"": ""Arts""}",unverified,,,
9094,clover,-1,random_audit,imagereward:test:007713-0046,Boris Johnson and Eminen on a stage having an epic rap battle together,b0d04d7cbc27aada61a2a2c88184bd2d92ab094fb3d6dff2db24cef0f2bfee54,imagereward:images/test/test_1/48b9bead-0909-496a-8e65-c4b79d66506f.webp,imagereward:images/test/test_1/9dc88b05-f911-4a4d-abdb-e0bd03c4d01b.webp,0.2183341085910797,0.1684790849685669,0.04985502362251282,gallery_images/69a6e82e6be1dbe6ecfd6773.jpg,gallery_images/052da60eedfc881426be243b.jpg,"{""model_id"": null, ""negative_prompt"": null, ""gs"": null, ""steps"": null, ""scheduler_cls"": null, ""classification"": ""People""}","{""model_id"": null, ""negative_prompt"": null, ""gs"": null, ""steps"": null, ""scheduler_cls"": null, ""classification"": ""People""}",unverified,,,
9094,clover,-1,random_audit,imagereward:test:010817-0088,mother theresa eating a terrapin ,93eef9cfe3558d21cd24ea834af6e24f85f955753e9577af6c4f2e4647284f0d,imagereward:images/test/test_2/54c0c1bd-d97a-4982-b9a4-069e14c4416d.webp,imagereward:images/test/test_2/95f54be5-224b-4d3d-b64d-2ecd1f0e6e55.webp,0.19811224937438965,0.1863304078578949,0.011781841516494751,gallery_images/555b0de43cce15ae0bbf32d4.jpg,gallery_images/9f2599538c6141572a399ed0.jpg,"{""model_id"": null, ""negative_prompt"": null, ""gs"": null, ""steps"": null, ""scheduler_cls"": null, ""classification"": ""People""}","{""model_id"": null, ""negative_prompt"": null, ""gs"": null, ""steps"": null, ""scheduler_cls"": null, ""classification"": ""People""}",unverified,,,
7361,canister,-1,supportive,imagereward:test:008615-0007,"a group of artists creating a masterpiece, glorious, in the style of artgerm and charlie bowater and atey ghailan and mike mignola, epic lighting, vibrant colors and hard shadows and strong rim light, very coherent, comic cover art, plain background, trending on artstation ",133343abee5ab23e2f72742014e087d34fcc6ed1ed4cac5948a1e45fca0b2a3c,imagereward:images/test/test_1/a9933af1-1d8b-4298-bdf3-00bea8548222.webp,imagereward:images/test/test_1/41af2cb8-3028-422a-afdb-c4bb2edb14c4.webp,0.2240290343761444,0.32684648036956787,-0.10281744599342346,gallery_images/501f053ee9b680d94916607c.jpg,gallery_images/28ef7fd9656742307c6a2316.jpg,"{""model_id"": null, ""negative_prompt"": null, ""gs"": null, ""steps"": null, ""scheduler_cls"": null, ""classification"": ""Arts""}","{""model_id"": null, ""negative_prompt"": null, ""gs"": null, ""steps"": null, ""scheduler_cls"": null, ""classification"": ""Arts""}",unverified,,,
7361,canister,-1,supportive,imagereward:test:008289-0059,"film still of the geisha robot from ghost in the shell, cinematic lighting, 3 5 mm, high resolution ",3bd7d4dddc3e23f3607fda60a8645e56af48b86a319f4d55650264f6bab14574,imagereward:images/test/test_1/d5a97b27-8f4d-444b-ac87-b756a3fd4bae.webp,imagereward:images/test/test_1/3202d894-05ac-48da-a7d2-ba160a5c786d.webp,0.21730142831802368,0.2667359709739685,-0.049434542655944824,gallery_images/e1c8d204d61512a98cab0302.jpg,gallery_images/d5abce8ec50c87b9e5bc519c.jpg,"{""model_id"": null, ""negative_prompt"": null, ""gs"": null, ""steps"": null, ""scheduler_cls"": null, ""classification"": ""Artifacts""}","{""model_id"": null, ""negative_prompt"": null, ""gs"": null, ""steps"": null, ""scheduler_cls"": null, ""classification"": ""Artifacts""}",unverified,,,
7361,canister,-1,counterexample,imagereward:test:007019-0095,"astronaut drifting afloat in space, in the darkness away from anyone else, alone, digital render, detailed illustration, black background dotted with stars, concept art, realistic, 8 k ",1cc69dd90585fe53b316368e8bec20b67a8c2abe627e4c2c13fb492b5775f876,imagereward:images/test/test_1/2d047220-c2f9-4dcc-b4c4-96496276f3fd.webp,imagereward:images/test/test_1/6e5e7414-718a-4392-b52c-2d932c488087.webp,0.27540767192840576,0.2243119478225708,0.05109572410583496,gallery_images/033d5b9651fcf749d627459e.jpg,gallery_images/135e55bf511209cf3e0b0055.jpg,"{""model_id"": null, ""negative_prompt"": null, ""gs"": null, ""steps"": null, ""scheduler_cls"": null, ""classification"": ""People""}","{""model_id"": null, ""negative_prompt"": null, ""gs"": null, ""steps"": null, ""scheduler_cls"": null, ""classification"": ""People""}",unverified,,,
7361,canister,-1,counterexample,imagereward:test:010856-0009,funny peanut butter ,b18ea9950d494d375d0c180c19fd090da6228f69d114cdf9665f8628abd7a871,imagereward:images/test/test_2/d7efc9ab-5b83-4dfb-9f37-e5c3494a9c6a.webp,imagereward:images/test/test_2/8b7d05e4-9a3b-4c73-b087-104251033467.webp,0.30469655990600586,0.2590288519859314,0.04566770792007446,gallery_images/7ffe2a14962798eca3100109.jpg,gallery_images/3dc52bcc5f9d782b00729f67.jpg,"{""model_id"": null, ""negative_prompt"": null, ""gs"": null, ""steps"": null, ""scheduler_cls"": null, ""classification"": ""Food""}","{""model_id"": null, ""negative_prompt"": null, ""gs"": null, ""steps"": null, ""scheduler_cls"": null, ""classification"": ""Food""}",unverified,,,
7361,canister,-1,random_audit,imagereward:test:001260-0073,"realistic photography of a man 3 5 years old with a bit of bear, short hair, few wrinkles around eyes, sexy, cinematographic, cinematic light, close up view, intense, colorize, 8 0 mm lens ",bd5a08c78f7713700e45a208189c5ba33df3fc51dd6425fbac0f13cff8386f73,imagereward:images/test/test_2/7f6386f1-9330-496a-87f0-f935074e09bd.webp,imagereward:images/test/test_2/39287be5-bc65-49de-a745-a50b9ac450c4.webp,0.23990514874458313,0.23755237460136414,0.002352774143218994,gallery_images/a3bcc6ce6ba0717536ae0479.jpg,gallery_images/c826e2fda0494675fee748e6.jpg,"{""model_id"": null, ""negative_prompt"": null, ""gs"": null, ""steps"": null, ""scheduler_cls"": null, ""classification"": ""People""}","{""model_id"": null, ""negative_prompt"": null, ""gs"": null, ""steps"": null, ""scheduler_cls"": null, ""classification"": ""People""}",unverified,,,
7361,canister,-1,random_audit,imagereward:test:007189-0066,muscular man wearing a leather harness and hat ,a1b9da2e14b14711efc944053b56997170d1fc428129b3ef672b1516854f3a4a,imagereward:images/test/test_1/425f1e31-c818-42d5-8a4a-c7bf861f8b86.webp,imagereward:images/test/test_1/16352335-c1d5-4fa0-9761-bc8b129b1e94.webp,0.18905510008335114,0.1978827565908432,-0.008827656507492065,gallery_images/0d4087b9c23beebde460d9de.jpg,gallery_images/198f268cafa6519ef86810d2.jpg,"{""model_id"": null, ""negative_prompt"": null, ""gs"": null, ""steps"": null, ""scheduler_cls"": null, ""classification"": ""People""}","{""model_id"": null, ""negative_prompt"": null, ""gs"": null, ""steps"": null, ""scheduler_cls"": null, ""classification"": ""People""}",unverified,,,
11321,crock,-1,supportive,imagereward:test:008275-0162,"bioluminescent crystal ball abstract sculpture, neon, fluorescent, magenta hyper detailed, red & purple beauteous biomechanical organic lightpainting, 8 k scenery, perfect lighting balance, ",c5c9324fe686aa7c94a4e209e8c979b72d69085c2a3c33f77c567493db471506,imagereward:images/test/test_1/c91662d9-87c6-428f-bf86-ab84a67e1b8a.webp,imagereward:images/test/test_1/35333673-8d72-4303-8a03-93ad2f8aff18.webp,0.15093177556991577,0.2006288766860962,-0.04969710111618042,gallery_images/e1c75092bf2f460e548cb372.jpg,gallery_images/89181cc55f988a356169869b.jpg,"{""model_id"": null, ""negative_prompt"": null, ""gs"": null, ""steps"": null, ""scheduler_cls"": null, ""classification"": ""Arts""}","{""model_id"": null, ""negative_prompt"": null, ""gs"": null, ""steps"": null, ""scheduler_cls"": null, ""classification"": ""Arts""}",unverified,,,
11321,crock,-1,supportive,imagereward:test:007019-0095,"astronaut drifting afloat in space, in the darkness away from anyone else, alone, digital render, detailed illustration, black background dotted with stars, concept art, realistic, 8 k ",1cc69dd90585fe53b316368e8bec20b67a8c2abe627e4c2c13fb492b5775f876,imagereward:images/test/test_1/0efeea25-24dc-4146-a8c6-94fe27d82bf9.webp,imagereward:images/test/test_1/6e5e7414-718a-4392-b52c-2d932c488087.webp,0.18325859308242798,0.20888751745224,-0.02562892436981201,gallery_images/ffe851e1110ecaa58cd2bed9.jpg,gallery_images/135e55bf511209cf3e0b0055.jpg,"{""model_id"": null, ""negative_prompt"": null, ""gs"": null, ""steps"": null, ""scheduler_cls"": null, ""classification"": ""People""}","{""model_id"": null, ""negative_prompt"": null, ""gs"": null, ""steps"": null, ""scheduler_cls"": null, ""classification"": ""People""}",unverified,,,
11321,crock,-1,counterexample,imagereward:test:011041-0080,"cinematic movie scene, beautiful Product shot film still of a Syd Mead futuristic modern sleek automobile speeding down a wet street at night in cyperpunk city, motion, hard surface modeling, volumetric soft lighting, style of Stanley Kubrick cinematography, 8k H 768",dbd49eb02d28c2c1f1ec6876579fff93930afe77f87e6bb55508973b63052f66,imagereward:images/test/test_2/ca78835a-e229-4b35-b6d8-91560d71db35.webp,imagereward:images/test/test_2/21f62da5-6e89-4824-9945-241c258aabf4.webp,0.1693057119846344,0.14763709902763367,0.021668612957000732,gallery_images/1357fcf0de0848b4875ca7b2.jpg,gallery_images/a71481cca137eed52b01cee4.jpg,"{""model_id"": null, ""negative_prompt"": null, ""gs"": null, ""steps"": null, ""scheduler_cls"": null, ""classification"": ""Vehicles""}","{""model_id"": null, ""negative_prompt"": null, ""gs"": null, ""steps"": null, ""scheduler_cls"": null, ""classification"": ""Vehicles""}",unverified,,,
11321,crock,-1,counterexample,imagereward:test:010817-0088,mother theresa eating a terrapin ,93eef9cfe3558d21cd24ea834af6e24f85f955753e9577af6c4f2e4647284f0d,imagereward:images/test/test_2/54c0c1bd-d97a-4982-b9a4-069e14c4416d.webp,imagereward:images/test/test_2/95f54be5-224b-4d3d-b64d-2ecd1f0e6e55.webp,0.21907645463943481,0.2001802921295166,0.018896162509918213,gallery_images/555b0de43cce15ae0bbf32d4.jpg,gallery_images/9f2599538c6141572a399ed0.jpg,"{""model_id"": null, ""negative_prompt"": null, ""gs"": null, ""steps"": null, ""scheduler_cls"": null, ""classification"": ""People""}","{""model_id"": null, ""negative_prompt"": null, ""gs"": null, ""steps"": null, ""scheduler_cls"": null, ""classification"": ""People""}",unverified,,,
11321,crock,-1,random_audit,imagereward:test:010921-0064,"a bright fantasy city built between cliffs, sleek glass buildings, elegant bridges between stalactites, illustration, raining, dark and moody lighting, at night, digital art, oil painting, cold blue tones, fantasy, 8 k, trending on artstation, detailed ",665c1a33f8f1af344f90fa208a200d26840e5d698cb7054b07fa9ce4364938a1,imagereward:images/test/test_2/9de7e353-e646-4f34-b8c8-f2d00c2d2832.webp,imagereward:images/test/test_2/526a66a5-f58c-49d7-a36e-4ab2f85631aa.webp,0.156491219997406,0.1667589545249939,-0.01026773452758789,gallery_images/28ae48dabcfd1c0a04dc2fce.jpg,gallery_images/f0007ac692902def48712601.jpg,"{""model_id"": null, ""negative_prompt"": null, ""gs"": null, ""steps"": null, ""scheduler_cls"": null, ""classification"": ""Outdoor Scenes""}","{""model_id"": null, ""negative_prompt"": null, ""gs"": null, ""steps"": null, ""scheduler_cls"": null, ""classification"": ""Outdoor Scenes""}",unverified,,,
11321,crock,-1,random_audit,imagereward:test:007753-0023,"cute little dragon, gnome, elf, mage playing dnd at night in a medieval bar, fantasy, concept art, highly detailed, octane, unreal engine, anime, by laurel d austin, ghibly, disney, pixar, dreamworks ",77cb27c971e724eb8140a8c0cf5b6359435ee02a1ea4919b5eb41d3a8f646518,imagereward:images/test/test_1/e00c1d73-d02d-431f-b317-14ed49f94d99.webp,imagereward:images/test/test_1/522c69d4-c249-465c-a613-a353dc4d88c7.webp,0.2604082524776459,0.27884048223495483,-0.01843222975730896,gallery_images/bf64f256be978b78a93eeb63.jpg,gallery_images/121a29dadf7216ae1622556d.jpg,"{""model_id"": null, ""negative_prompt"": null, ""gs"": null, ""steps"": null, ""scheduler_cls"": null, ""classification"": ""Indoor Scenes""}","{""model_id"": null, ""negative_prompt"": null, ""gs"": null, ""steps"": null, ""scheduler_cls"": null, ""classification"": ""Indoor Scenes""}",unverified,,,
53884,yogurt,-1,supportive,imagereward:test:001260-0073,"realistic photography of a man 3 5 years old with a bit of bear, short hair, few wrinkles around eyes, sexy, cinematographic, cinematic light, close up view, intense, colorize, 8 0 mm lens ",bd5a08c78f7713700e45a208189c5ba33df3fc51dd6425fbac0f13cff8386f73,imagereward:images/test/test_2/85ae560c-08eb-4023-9b30-cb745fec3011.webp,imagereward:images/test/test_2/39287be5-bc65-49de-a745-a50b9ac450c4.webp,0.18921689689159393,0.22591006755828857,-0.03669317066669464,gallery_images/fade65e9128358fe15675cdf.jpg,gallery_images/c826e2fda0494675fee748e6.jpg,"{""model_id"": null, ""negative_prompt"": null, ""gs"": null, ""steps"": null, ""scheduler_cls"": null, ""classification"": ""People""}","{""model_id"": null, ""negative_prompt"": null, ""gs"": null, ""steps"": null, ""scheduler_cls"": null, ""classification"": ""People""}",unverified,,,
53884,yogurt,-1,supportive,imagereward:test:008615-0007,"a group of artists creating a masterpiece, glorious, in the style of artgerm and charlie bowater and atey ghailan and mike mignola, epic lighting, vibrant colors and hard shadows and strong rim light, very coherent, comic cover art, plain background, trending on artstation ",133343abee5ab23e2f72742014e087d34fcc6ed1ed4cac5948a1e45fca0b2a3c,imagereward:images/test/test_1/a9933af1-1d8b-4298-bdf3-00bea8548222.webp,imagereward:images/test/test_1/41af2cb8-3028-422a-afdb-c4bb2edb14c4.webp,0.1819259375333786,0.198943093419075,-0.01701715588569641,gallery_images/501f053ee9b680d94916607c.jpg,gallery_images/28ef7fd9656742307c6a2316.jpg,"{""model_id"": null, ""negative_prompt"": null, ""gs"": null, ""steps"": null, ""scheduler_cls"": null, ""classification"": ""Arts""}","{""model_id"": null, ""negative_prompt"": null, ""gs"": null, ""steps"": null, ""scheduler_cls"": null, ""classification"": ""Arts""}",unverified,,,
53884,yogurt,-1,counterexample,imagereward:test:010817-0088,mother theresa eating a terrapin ,93eef9cfe3558d21cd24ea834af6e24f85f955753e9577af6c4f2e4647284f0d,imagereward:images/test/test_2/54c0c1bd-d97a-4982-b9a4-069e14c4416d.webp,imagereward:images/test/test_2/95f54be5-224b-4d3d-b64d-2ecd1f0e6e55.webp,0.23051130771636963,0.19875963032245636,0.03175167739391327,gallery_images/555b0de43cce15ae0bbf32d4.jpg,gallery_images/9f2599538c6141572a399ed0.jpg,"{""model_id"": null, ""negative_prompt"": null, ""gs"": null, ""steps"": null, ""scheduler_cls"": null, ""classification"": ""People""}","{""model_id"": null, ""negative_prompt"": null, ""gs"": null, ""steps"": null, ""scheduler_cls"": null, ""classification"": ""People""}",unverified,,,
53884,yogurt,-1,counterexample,imagereward:test:010856-0009,funny peanut butter ,b18ea9950d494d375d0c180c19fd090da6228f69d114cdf9665f8628abd7a871,imagereward:images/test/test_2/d7efc9ab-5b83-4dfb-9f37-e5c3494a9c6a.webp,imagereward:images/test/test_2/f5a05163-1f57-42f6-bcad-bff4faa36d5c.webp,0.30810320377349854,0.27969488501548767,0.028408318758010864,gallery_images/7ffe2a14962798eca3100109.jpg,gallery_images/f74ecdbbfe537a0081bff656.jpg,"{""model_id"": null, ""negative_prompt"": null, ""gs"": null, ""steps"": null, ""scheduler_cls"": null, ""classification"": ""Food""}","{""model_id"": null, ""negative_prompt"": null, ""gs"": null, ""steps"": null, ""scheduler_cls"": null, ""classification"": ""Food""}",unverified,,,
53884,yogurt,-1,random_audit,imagereward:test:007189-0066,muscular man wearing a leather harness and hat ,a1b9da2e14b14711efc944053b56997170d1fc428129b3ef672b1516854f3a4a,imagereward:images/test/test_1/425f1e31-c818-42d5-8a4a-c7bf861f8b86.webp,imagereward:images/test/test_1/16352335-c1d5-4fa0-9761-bc8b129b1e94.webp,0.19527968764305115,0.20735138654708862,-0.012071698904037476,gallery_images/0d4087b9c23beebde460d9de.jpg,gallery_images/198f268cafa6519ef86810d2.jpg,"{""model_id"": null, ""negative_prompt"": null, ""gs"": null, ""steps"": null, ""scheduler_cls"": null, ""classification"": ""People""}","{""model_id"": null, ""negative_prompt"": null, ""gs"": null, ""steps"": null, ""scheduler_cls"": null, ""classification"": ""People""}",unverified,,,
53884,yogurt,-1,random_audit,imagereward:test:007713-0046,Boris Johnson and Eminen on a stage having an epic rap battle together,b0d04d7cbc27aada61a2a2c88184bd2d92ab094fb3d6dff2db24cef0f2bfee54,imagereward:images/test/test_1/047841df-97f9-4a15-b607-09277e3b1b95.webp,imagereward:images/test/test_1/9dc88b05-f911-4a4d-abdb-e0bd03c4d01b.webp,0.17857739329338074,0.19526079297065735,-0.01668339967727661,gallery_images/2802ffe76385d498d3c98a7f.jpg,gallery_images/052da60eedfc881426be243b.jpg,"{""model_id"": null, ""negative_prompt"": null, ""gs"": null, ""steps"": null, ""scheduler_cls"": null, ""classification"": ""People""}","{""model_id"": null, ""negative_prompt"": null, ""gs"": null, ""steps"": null, ""scheduler_cls"": null, ""classification"": ""People""}",unverified,,,
11602,cup-shaped,-1,supportive,imagereward:test:010856-0009,funny peanut butter ,b18ea9950d494d375d0c180c19fd090da6228f69d114cdf9665f8628abd7a871,imagereward:images/test/test_2/d7efc9ab-5b83-4dfb-9f37-e5c3494a9c6a.webp,imagereward:images/test/test_2/f5a05163-1f57-42f6-bcad-bff4faa36d5c.webp,0.28402867913246155,0.3269639313220978,-0.04293525218963623,gallery_images/7ffe2a14962798eca3100109.jpg,gallery_images/f74ecdbbfe537a0081bff656.jpg,"{""model_id"": null, ""negative_prompt"": null, ""gs"": null, ""steps"": null, ""scheduler_cls"": null, ""classification"": ""Food""}","{""model_id"": null, ""negative_prompt"": null, ""gs"": null, ""steps"": null, ""scheduler_cls"": null, ""classification"": ""Food""}",unverified,,,
11602,cup-shaped,-1,supportive,imagereward:test:010921-0064,"a bright fantasy city built between cliffs, sleek glass buildings, elegant bridges between stalactites, illustration, raining, dark and moody lighting, at night, digital art, oil painting, cold blue tones, fantasy, 8 k, trending on artstation, detailed ",665c1a33f8f1af344f90fa208a200d26840e5d698cb7054b07fa9ce4364938a1,imagereward:images/test/test_2/2a99d448-fa70-4bf2-bfd0-a6c30191a849.webp,imagereward:images/test/test_2/5bf2c29b-2bca-43d0-acae-95349b0fc3fb.webp,0.17121481895446777,0.20434556901454926,-0.03313075006008148,gallery_images/ffa92187f93bb9140d50d08b.jpg,gallery_images/038b27ec77946b917cde1395.jpg,"{""model_id"": null, ""negative_prompt"": null, ""gs"": null, ""steps"": null, ""scheduler_cls"": null, ""classification"": ""Outdoor Scenes""}","{""model_id"": null, ""negative_prompt"": null, ""gs"": null, ""steps"": null, ""scheduler_cls"": null, ""classification"": ""Outdoor Scenes""}",unverified,,,
11602,cup-shaped,-1,counterexample,imagereward:test:007713-0046,Boris Johnson and Eminen on a stage having an epic rap battle together,b0d04d7cbc27aada61a2a2c88184bd2d92ab094fb3d6dff2db24cef0f2bfee54,imagereward:images/test/test_1/48b9bead-0909-496a-8e65-c4b79d66506f.webp,imagereward:images/test/test_1/9dc88b05-f911-4a4d-abdb-e0bd03c4d01b.webp,0.2097645401954651,0.17201462388038635,0.037749916315078735,gallery_images/69a6e82e6be1dbe6ecfd6773.jpg,gallery_images/052da60eedfc881426be243b.jpg,"{""model_id"": null, ""negative_prompt"": null, ""gs"": null, ""steps"": null, ""scheduler_cls"": null, ""classification"": ""People""}","{""model_id"": null, ""negative_prompt"": null, ""gs"": null, ""steps"": null, ""scheduler_cls"": null, ""classification"": ""People""}",unverified,,,
11602,cup-shaped,-1,counterexample,imagereward:test:010918-0030,the pope in saving private james ryan ,9ed63beff86d5e18e4048901428ee78733de38893029c7c73093da1301c7baa5,imagereward:images/test/test_2/cbc83c67-d5cb-4872-95c7-f46ca0cdcd6c.webp,imagereward:images/test/test_2/24fb28c3-f778-4116-8ffb-f41230beb451.webp,0.22543500363826752,0.18920929729938507,0.036225706338882446,gallery_images/d664aa5be8f6b3d7166b32c7.jpg,gallery_images/df55fdf1e4ded79867ad1671.jpg,"{""model_id"": null, ""negative_prompt"": null, ""gs"": null, ""steps"": null, ""scheduler_cls"": null, ""classification"": ""People""}","{""model_id"": null, ""negative_prompt"": null, ""gs"": null, ""steps"": null, ""scheduler_cls"": null, ""classification"": ""People""}",unverified,,,
11602,cup-shaped,-1,random_audit,imagereward:test:007019-0095,"astronaut drifting afloat in space, in the darkness away from anyone else, alone, digital render, detailed illustration, black background dotted with stars, concept art, realistic, 8 k ",1cc69dd90585fe53b316368e8bec20b67a8c2abe627e4c2c13fb492b5775f876,imagereward:images/test/test_1/0efeea25-24dc-4146-a8c6-94fe27d82bf9.webp,imagereward:images/test/test_1/6e5e7414-718a-4392-b52c-2d932c488087.webp,0.21327927708625793,0.23792323470115662,-0.02464395761489868,gallery_images/ffe851e1110ecaa58cd2bed9.jpg,gallery_images/135e55bf511209cf3e0b0055.jpg,"{""model_id"": null, ""negative_prompt"": null, ""gs"": null, ""steps"": null, ""scheduler_cls"": null, ""classification"": ""People""}","{""model_id"": null, ""negative_prompt"": null, ""gs"": null, ""steps"": null, ""scheduler_cls"": null, ""classification"": ""People""}",unverified,,,
11602,cup-shaped,-1,random_audit,imagereward:test:009006-0102,"Horrifying creature, haunted, horror",6ee1b52c63caf60d8db23751287681018dfce76c98cca49820b5a1a91db4b14a,imagereward:images/test/test_1/0429a07f-659e-4c73-8fc3-10ea678df8f2.webp,imagereward:images/test/test_1/ee22e72c-0ddd-471d-af26-6418340a73aa.webp,0.2179986983537674,0.2115248292684555,0.00647386908531189,gallery_images/5d8ffcc7dd08aa671265fe08.jpg,gallery_images/a3833c3d508a381bb1502d1d.jpg,"{""model_id"": null, ""negative_prompt"": null, ""gs"": null, ""steps"": null, ""scheduler_cls"": null, ""classification"": ""Arts""}","{""model_id"": null, ""negative_prompt"": null, ""gs"": null, ""steps"": null, ""scheduler_cls"": null, ""classification"": ""Arts""}",unverified,,,
6452,bread-and-butter,-1,supportive,imagereward:test:008289-0059,"film still of the geisha robot from ghost in the shell, cinematic lighting, 3 5 mm, high resolution ",3bd7d4dddc3e23f3607fda60a8645e56af48b86a319f4d55650264f6bab14574,imagereward:images/test/test_1/d5a97b27-8f4d-444b-ac87-b756a3fd4bae.webp,imagereward:images/test/test_1/3202d894-05ac-48da-a7d2-ba160a5c786d.webp,0.14973802864551544,0.20753416419029236,-0.057796135544776917,gallery_images/e1c8d204d61512a98cab0302.jpg,gallery_images/d5abce8ec50c87b9e5bc519c.jpg,"{""model_id"": null, ""negative_prompt"": null, ""gs"": null, ""steps"": null, ""scheduler_cls"": null, ""classification"": ""Artifacts""}","{""model_id"": null, ""negative_prompt"": null, ""gs"": null, ""steps"": null, ""scheduler_cls"": null, ""classification"": ""Artifacts""}",unverified,,,
6452,bread-and-butter,-1,supportive,imagereward:test:010918-0030,the pope in saving private james ryan ,9ed63beff86d5e18e4048901428ee78733de38893029c7c73093da1301c7baa5,imagereward:images/test/test_2/cbc83c67-d5cb-4872-95c7-f46ca0cdcd6c.webp,imagereward:images/test/test_2/24fb28c3-f778-4116-8ffb-f41230beb451.webp,0.20085269212722778,0.25032779574394226,-0.04947510361671448,gallery_images/d664aa5be8f6b3d7166b32c7.jpg,gallery_images/df55fdf1e4ded79867ad1671.jpg,"{""model_id"": null, ""negative_prompt"": null, ""gs"": null, ""steps"": null, ""scheduler_cls"": null, ""classification"": ""People""}","{""model_id"": null, ""negative_prompt"": null, ""gs"": null, ""steps"": null, ""scheduler_cls"": null, ""classification"": ""People""}",unverified,,,
6452,bread-and-butter,-1,counterexample,imagereward:test:007019-0095,"astronaut drifting afloat in space, in the darkness away from anyone else, alone, digital render, detailed illustration, black background dotted with stars, concept art, realistic, 8 k ",1cc69dd90585fe53b316368e8bec20b67a8c2abe627e4c2c13fb492b5775f876,imagereward:images/test/test_1/2d047220-c2f9-4dcc-b4c4-96496276f3fd.webp,imagereward:images/test/test_1/6e5e7414-718a-4392-b52c-2d932c488087.webp,0.23938244581222534,0.19166529178619385,0.047717154026031494,gallery_images/033d5b9651fcf749d627459e.jpg,gallery_images/135e55bf511209cf3e0b0055.jpg,"{""model_id"": null, ""negative_prompt"": null, ""gs"": null, ""steps"": null, ""scheduler_cls"": null, ""classification"": ""People""}","{""model_id"": null, ""negative_prompt"": null, ""gs"": null, ""steps"": null, ""scheduler_cls"": null, ""classification"": ""People""}",unverified,,,
6452,bread-and-butter,-1,counterexample,imagereward:test:010817-0088,mother theresa eating a terrapin ,93eef9cfe3558d21cd24ea834af6e24f85f955753e9577af6c4f2e4647284f0d,imagereward:images/test/test_2/54c0c1bd-d97a-4982-b9a4-069e14c4416d.webp,imagereward:images/test/test_2/95f54be5-224b-4d3d-b64d-2ecd1f0e6e55.webp,0.2706836760044098,0.2250671088695526,0.04561656713485718,gallery_images/555b0de43cce15ae0bbf32d4.jpg,gallery_images/9f2599538c6141572a399ed0.jpg,"{""model_id"": null, ""negative_prompt"": null, ""gs"": null, ""steps"": null, ""scheduler_cls"": null, ""classification"": ""People""}","{""model_id"": null, ""negative_prompt"": null, ""gs"": null, ""steps"": null, ""scheduler_cls"": null, ""classification"": ""People""}",unverified,,,
6452,bread-and-butter,-1,random_audit,imagereward:test:007019-0095,"astronaut drifting afloat in space, in the darkness away from anyone else, alone, digital render, detailed illustration, black background dotted with stars, concept art, realistic, 8 k ",1cc69dd90585fe53b316368e8bec20b67a8c2abe627e4c2c13fb492b5775f876,imagereward:images/test/test_1/2d047220-c2f9-4dcc-b4c4-96496276f3fd.webp,imagereward:images/test/test_1/6e5e7414-718a-4392-b52c-2d932c488087.webp,0.23938244581222534,0.19166529178619385,0.047717154026031494,gallery_images/033d5b9651fcf749d627459e.jpg,gallery_images/135e55bf511209cf3e0b0055.jpg,"{""model_id"": null, ""negative_prompt"": null, ""gs"": null, ""steps"": null, ""scheduler_cls"": null, ""classification"": ""People""}","{""model_id"": null, ""negative_prompt"": null, ""gs"": null, ""steps"": null, ""scheduler_cls"": null, ""classification"": ""People""}",unverified,,,
6452,bread-and-butter,-1,random_audit,imagereward:test:010856-0009,funny peanut butter ,b18ea9950d494d375d0c180c19fd090da6228f69d114cdf9665f8628abd7a871,imagereward:images/test/test_2/d7efc9ab-5b83-4dfb-9f37-e5c3494a9c6a.webp,imagereward:images/test/test_2/f5a05163-1f57-42f6-bcad-bff4faa36d5c.webp,0.2707167863845825,0.28872179985046387,-0.018005013465881348,gallery_images/7ffe2a14962798eca3100109.jpg,gallery_images/f74ecdbbfe537a0081bff656.jpg,"{""model_id"": null, ""negative_prompt"": null, ""gs"": null, ""steps"": null, ""scheduler_cls"": null, ""classification"": ""Food""}","{""model_id"": null, ""negative_prompt"": null, ""gs"": null, ""steps"": null, ""scheduler_cls"": null, ""classification"": ""Food""}",unverified,,,
